noaa_event_id,year,month,day,linked_tsunami_event_id,linked_earthquake_event_id,noaa_location_id,volcanoLocationNewNum,volcanoLocationNum,volcano_name,location_description,country,latitude,longitude,elevation_m,volcano_type,eruption_agent_codes,deaths_total,deathsAmountOrderTotal,damage_scale_total,is_significant,publish,is_eruption,eruption_status,eruption_time_code,vei,deathsAmountOrder,damage_scale_direct,housesDestroyedAmountOrderTotal,deaths_direct,injuries_direct,injuriesAmountOrder,injuries_total,injuriesAmountOrderTotal,housesDestroyedAmountOrder,structures_destroyed,structures_destroyed_total,missingAmountOrder,missingAmountOrderTotal,missing_persons,missing_persons_total,damage_est_millions_usd,damage_total_millions_usd,tsunami_confirmed,country_continent,country_region,country_subregion,country_population,country_area_km2,data_source,dataset_version,retrieved_date,build_timestamp,eruption_date,century,decade,era,season_northern_hemisphere,vei_category,ejecta_volume_km3_min,energy_release_joules_approx,est_plume_height_km,hemisphere_ns,hemisphere_ew,tectonic_region,ring_of_fire,island_volcano,damage_tier,eruption_agent_decoded,human_impact_score,has_casualties,vei_risk_tier,composite_hazard_score,volcano_eruption_count_in_dataset,avg_eruption_return_period_years,volcano_activity_category,row_completeness_pct
5238,-4360,,,,,402021,242021.0,0402-021,Macauley,Kermadec Is,New Zealand,-30.21,-178.475,238,Caldera,,,,,True,False,True,Holocene,U,6.0,,,,,,,,,,,,,,,,,,False,Oceania,Oceania,Australia and New Zealand,5324700.0,268838.0,NOAA_NCEI_HazEL,1.0,2026-03-15,2026-03-15 23:49:32,-4360,44th Century BC,,Prehistoric/Ancient,,Colossal,0.01,4.18e+18,30.0,Southern,Western,Ring of Fire – Pacific,True,False,Unknown,,0.0,False,Extreme,45.0,1,,Single Record,100.0
4468,-4350,,,,,80206,282060.0,0802-06=,Kikai,Ryukyu Is,Japan,30.793,130.305,704,Caldera,P,,3.0,3.0,True,False,True,Historical,D1,7.0,3.0,3.0,3.0,,,,,,3.0,,,,,,,,,False,Asia,Asia,Eastern Asia,123210000.0,377930.0,NOAA_NCEI_HazEL,1.0,2026-03-15,2026-03-15 23:49:32,-4350,44th Century BC,,Prehistoric/Ancient,,Super-Colossal,0.1,4.18e+19,40.0,Northern,Eastern,Japan Arc,False,False,Unknown,Phreatic / Phreatomagmatic,0.0,False,Catastrophic,52.5,1,,Single Record,100.0
5237,-4050,,,,,140410,344100.0,1404-10=,Masaya,Nicaragua,Nicaragua,11.984,-86.169,594,Caldera,,,,,True,False,True,Historical,D1,6.0,,,,,,,,,,,,,,,,,,False,North America,Americas,Central America,6803886.0,130373.0,NOAA_NCEI_HazEL,1.0,2026-03-15,2026-03-15 23:49:32,-4050,41th Century BC,,Prehistoric/Ancient,,Colossal,0.01,4.18e+18,30.0,Northern,Western,Ring of Fire – Pacific,True,False,Unknown,,0.0,False,Extreme,45.0,1,,Single Record,100.0
5230,-4000,,,,,50208,252080.0,0502-08=,Witori,New Britain-SW Pac,Papua New Guinea,-5.575,150.516,724,Caldera,T,,1.0,1.0,True,False,True,Historical,D2,6.0,1.0,1.0,,,,,,,,,,,,,,,,False,Oceania,Oceania,Melanesia,11781559.0,462840.0,NOAA_NCEI_HazEL,1.0,2026-03-15,2026-03-15 23:49:32,-4000,41th Century BC,,Prehistoric/Ancient,,Colossal,0.01,4.18e+18,30.0,Southern,Eastern,Ring of Fire – Pacific,True,False,Unknown,Tsunami Generated,0.0,False,Extreme,45.0,4,1971.3,Moderately Active,100.0
5236,-3580,,,,,70307,273070.0,0703-07=,Taal,Luzon-Philippines,Philippines,14.011,120.998,311,Stratovolcano,,,,,True,False,True,Historical,D1,6.0,,,,,,,,,,,,,,,,,,False,Asia,Asia,South-Eastern Asia,114123600.0,342353.0,NOAA_NCEI_HazEL,1.0,2026-03-15,2026-03-15 23:49:32,-3580,36th Century BC,,Prehistoric/Ancient,,Colossal,0.01,4.18e+18,30.0,Northern,Eastern,Philippine Arc,False,True,Unknown,,0.0,False,Extreme,45.0,9,700.0,Moderately Active,100.0
5228,-3550,,,,,703083,273083.0,0703-083,Pinatubo,Luzon-Philippines,Philippines,15.13,120.35,1486,Stratovolcano,,,,,True,False,True,Historical,D1,6.0,,,,,,,,,,,,,,,,,,False,Asia,Asia,South-Eastern Asia,114123600.0,342353.0,NOAA_NCEI_HazEL,1.0,2026-03-15,2026-03-15 23:49:32,-3550,36th Century BC,,Prehistoric/Ancient,,Colossal,0.01,4.18e+18,30.0,Northern,Eastern,Philippine Arc,False,True,Unknown,,0.0,False,Extreme,45.0,6,1108.6,Moderately Active,100.0
6646,-2420,,,,,10102,211020.0,0101-02=,Vesuvius,Italy,Italy,40.821,14.426,1281,Complex volcano,"P,T",,,,True,False,True,Historical,D2,5.0,,,,,,,,,,,,,,,,,,False,Europe,Europe,Southern Europe,58927633.0,301336.0,NOAA_NCEI_HazEL,1.0,2026-03-15,2026-03-15 23:49:32,-2420,25th Century BC,,Prehistoric/Ancient,,Paroxysmal,0.001,4.18e+17,20.0,Northern,Eastern,Mediterranean Volcanic Belt,False,False,Unknown,"P,T",0.0,False,Very High,37.5,18,256.7,Frequently Active,100.0
5205,-2040,,,,,50105,251050.0,0501-05=,Long Island,New Guinea-NE of,Papua New Guinea,-5.358,147.12,1280,Complex volcano,,,,,True,False,True,Historical,D1,6.0,,,,,,,,,,,,,,,,,,False,Oceania,Oceania,Melanesia,11781559.0,462840.0,NOAA_NCEI_HazEL,1.0,2026-03-15,2026-03-15 23:49:32,-2040,21th Century BC,,Prehistoric/Ancient,,Colossal,0.01,4.18e+18,30.0,Southern,Eastern,Intraplate / Other,False,False,Unknown,,0.0,False,Extreme,45.0,2,3700.0,Infrequently Active,100.0
5235,-1900,,,,,110208,312080.0,1102-08-,Black Peak,Alaska Peninsula,United States,56.552,-158.785,1032,Stratovolcano,,,,,True,False,True,Radiocarbon,D7,6.0,,,,,,,,,,,,,,,,,,False,North America,Americas,North America,340110988.0,9525067.0,NOAA_NCEI_HazEL,1.0,2026-03-15,2026-03-15 23:49:32,-1900,20th Century BC,,Prehistoric/Ancient,,Colossal,0.01,4.18e+18,30.0,Northern,Western,Ring of Fire – Pacific,True,False,Unknown,,0.0,False,Extreme,45.0,1,,Single Record,100.0
5234,-1890,,,,,1508057,358057.0,1508-057,"Hudson, Cerro",Chile-S,Chile,-45.9,-72.97,1905,Stratovolcano,,,,,True,False,True,Historical,D1,6.0,,,,,,,,,,,,,,,,,,False,South America,Americas,South America,20206953.0,756102.0,NOAA_NCEI_HazEL,1.0,2026-03-15,2026-03-15 23:49:32,-1890,19th Century BC,,Prehistoric/Ancient,,Colossal,0.01,4.18e+18,30.0,Southern,Western,Ring of Fire – Pacific,True,False,Unknown,,0.0,False,Extreme,45.0,4,1293.7,Moderately Active,100.0
5233,-1860,,,,,120105,321050.0,1201-05-,St. Helens,US-Washington,United States,46.2,-122.18,2549,Stratovolcano,,,,,True,False,True,Historical,D1,6.0,,,,,,,,,,,,,,,,,,False,North America,Americas,North America,340110988.0,9525067.0,NOAA_NCEI_HazEL,1.0,2026-03-15,2026-03-15 23:49:32,-1860,19th Century BC,,Prehistoric/Ancient,,Colossal,0.01,4.18e+18,30.0,Northern,Western,Ring of Fire – Pacific,True,False,Unknown,,0.0,False,Extreme,45.0,3,1920.0,Infrequently Active,100.0
5232,-1750,,,,,110207,312070.0,1102-07-,Veniaminof,Alaska Peninsula,United States,56.17,-159.38,2507,Stratovolcano,,,,,True,False,True,Historical,D1,6.0,,,,,,,,,,,,,,,,,,False,North America,Americas,North America,340110988.0,9525067.0,NOAA_NCEI_HazEL,1.0,2026-03-15,2026-03-15 23:49:32,-1750,18th Century BC,,Prehistoric/Ancient,,Colossal,0.01,4.18e+18,30.0,Northern,Western,Ring of Fire – Pacific,True,False,Unknown,,0.0,False,Extreme,45.0,1,,Single Record,100.0
4645,-1645,,,,,110209,312090.0,1102-09-,Aniakchak,Alaska Peninsula,United States,56.88,-158.17,1341,Caldera,,,,,True,False,True,Historical,D2,6.0,,,,,,,,,,,,,,,,,,False,North America,Americas,North America,340110988.0,9525067.0,NOAA_NCEI_HazEL,1.0,2026-03-15,2026-03-15 23:49:32,-1645,17th Century BC,,Prehistoric/Ancient,,Colossal,0.01,4.18e+18,30.0,Northern,Western,Ring of Fire – Pacific,True,False,Unknown,,0.0,False,Extreme,45.0,1,,Single Record,100.0
1351,-1610,,,3.0,5877.0,10204,212040.0,0102-04=,Santorini,Greece,Greece,36.404,25.396,367,Shield volcano,W,,3.0,3.0,True,False,True,Historical,D2,7.0,3.0,3.0,,,,,,,,,,,,,,,,True,Europe,Europe,Southern Europe,10400720.0,131990.0,NOAA_NCEI_HazEL,1.0,2026-03-15,2026-03-15 23:49:32,-1610,17th Century BC,,Prehistoric/Ancient,,Super-Colossal,0.1,4.18e+19,40.0,Northern,Eastern,Mediterranean Volcanic Belt,False,False,Unknown,Waves / Surges,0.0,False,Catastrophic,52.5,8,505.1,Moderately Active,100.0
5024,-1550,,,,,110303,313030.0,1103-03-,Redoubt,Alaska-SW,United States,60.485,-152.742,3108,Stratovolcano,,,,,True,False,True,Historical,D1,,,,,,,,,,,,,,,,,,,False,North America,Americas,North America,340110988.0,9525067.0,NOAA_NCEI_HazEL,1.0,2026-03-15,2026-03-15 23:49:32,-1550,16th Century BC,,Prehistoric/Ancient,,Unknown,,,,Northern,Western,Ring of Fire – Pacific,True,False,Unknown,,0.0,False,Unknown,0.0,2,3559.0,Infrequently Active,83.33
5231,-1460,,,,,40107,241070.0,0401-07=,Taupo,New Zealand,New Zealand,-38.781,175.893,760,Caldera,,,,,True,False,True,Radiocarbon,D6,6.0,,,,,,,,,,,,,,,,,,False,Oceania,Oceania,Australia and New Zealand,5324700.0,268838.0,NOAA_NCEI_HazEL,1.0,2026-03-15,2026-03-15 23:49:32,-1460,15th Century BC,,Prehistoric/Ancient,,Colossal,0.01,4.18e+18,30.0,Southern,Eastern,Ring of Fire – Pacific,True,False,Unknown,,0.0,False,Extreme,45.0,4,1123.3,Moderately Active,100.0
5229,-1370,,,,,50208,252080.0,0502-08=,Witori,New Britain-SW Pac,Papua New Guinea,-5.575,150.516,724,Caldera,,,,,True,False,True,Historical,D2,6.0,,,,,,,,,,,,,,,,,,False,Oceania,Oceania,Melanesia,11781559.0,462840.0,NOAA_NCEI_HazEL,1.0,2026-03-15,2026-03-15 23:49:32,-1370,14th Century BC,,Prehistoric/Ancient,,Colossal,0.01,4.18e+18,30.0,Southern,Eastern,Ring of Fire – Pacific,True,False,Unknown,,0.0,False,Extreme,45.0,4,1971.3,Moderately Active,100.0
5227,-1050,,,,,703083,273083.0,0703-083,Pinatubo,Luzon-Philippines,Philippines,15.13,120.35,1486,Stratovolcano,,,,,True,False,True,Historical,D1,6.0,,,,,,,,,,,,,,,,,,False,Asia,Asia,South-Eastern Asia,114123600.0,342353.0,NOAA_NCEI_HazEL,1.0,2026-03-15,2026-03-15 23:49:32,-1050,11th Century BC,,Prehistoric/Ancient,,Colossal,0.01,4.18e+18,30.0,Northern,Eastern,Philippine Arc,False,True,Unknown,,0.0,False,Extreme,45.0,6,1108.6,Moderately Active,100.0
6628,-1010,,,,,150208,352080.0,1502-08=,Tungurahua,Ecuador,Ecuador,-1.467,-78.442,5023,Stratovolcano,,,3.0,,True,False,True,Historical,D1,5.0,3.0,,,,,,,,,,,,,,,,,False,South America,Americas,South America,18103660.0,276841.0,NOAA_NCEI_HazEL,1.0,2026-03-15,2026-03-15 23:49:32,-1010,11th Century BC,,Prehistoric/Ancient,,Paroxysmal,0.001,4.18e+17,20.0,Southern,Western,Ring of Fire – Pacific,True,False,Unknown,,0.0,False,Very High,37.5,11,302.1,Frequently Active,100.0
6627,-455,,,,,150205,352050.0,1502-05=,Cotopaxi,Ecuador,Ecuador,-0.677,-78.436,5911,Stratovolcano,M,,1.0,,True,False,True,Historical,D2,4.0,1.0,,,,,,,,,,,,,,,,,False,South America,Americas,South America,18103660.0,276841.0,NOAA_NCEI_HazEL,1.0,2026-03-15,2026-03-15 23:49:32,-455,5th Century BC,,Prehistoric/Ancient,,Cataclysmic,0.0001,4.18e+16,10.0,Southern,Western,Ring of Fire – Pacific,True,False,Unknown,Mudflow / Lahar,0.0,False,High,30.0,6,466.4,Moderately Active,100.0
5226,-250,,,,,40203,242030.0,0402-03=,Raoul Island,Kermadec Is,New Zealand,-29.27,-177.92,516,Stratovolcano,,,,,True,False,True,Historical,D1,6.0,,,,,,,,,,,,,,,,,,False,Oceania,Oceania,Australia and New Zealand,5324700.0,268838.0,NOAA_NCEI_HazEL,1.0,2026-03-15,2026-03-15 23:49:32,-250,3th Century BC,,Prehistoric/Ancient,,Colossal,0.01,4.18e+18,30.0,Southern,Western,Ring of Fire – Pacific,True,False,Unknown,,0.0,False,Extreme,45.0,2,2256.0,Infrequently Active,100.0
5324,-197,,,3473.0,7795.0,10204,212040.0,0102-04=,Santorini,Greece,Greece,36.404,25.396,367,Shield volcano,,,,,True,False,True,Historical,D2,3.0,,,,,,,,,,,,,,,,,,True,Europe,Europe,Southern Europe,10400720.0,131990.0,NOAA_NCEI_HazEL,1.0,2026-03-15,2026-03-15 23:49:32,-197,2th Century BC,,Prehistoric/Ancient,,Severe,1e-05,4180000000000000.0,3.0,Northern,Eastern,Mediterranean Volcanic Belt,False,False,Unknown,,0.0,False,Moderate,22.5,8,505.1,Moderately Active,100.0
41,-141,,,,,10106,211060.0,0101-06=,Etna,Italy,Italy,37.748,14.999,3357,Stratovolcano,,40.0,1.0,,True,False,True,Historical,D1,,1.0,,,40.0,,,,,,,,,,,,,,False,Europe,Europe,Southern Europe,58927633.0,301336.0,NOAA_NCEI_HazEL,1.0,2026-03-15,2026-03-15 23:49:32,-141,2th Century BC,,Prehistoric/Ancient,,Unknown,,,,Northern,Eastern,Mediterranean Volcanic Belt,False,False,Unknown,,14.85,True,Unknown,5.94,25,90.0,Frequently Active,83.33
5225,-100,,,,,110129,311290.0,1101-29-,Okmok,Aleutian Is,United States,53.43,-168.13,1073,Shield volcano,,,,,True,False,True,Historical,D1,6.0,,,,,,,,,,,,,,,,,,False,North America,Americas,North America,340110988.0,9525067.0,NOAA_NCEI_HazEL,1.0,2026-03-15,2026-03-15 23:49:32,-100,2th Century BC,,Prehistoric/Ancient,,Colossal,0.01,4.18e+18,30.0,Northern,Western,Ring of Fire – Pacific,True,False,Unknown,,0.0,False,Extreme,45.0,2,1978.0,Infrequently Active,100.0
5224,-50,,,,,1404091,344091.0,1404-091,Apoyeque,Nicaragua,Nicaragua,12.242,-86.342,518,Pyroclastic shield,,,,,True,False,True,Radiocarbon,D7,6.0,,,,,,,,,,,,,,,,,,False,North America,Americas,Central America,6803886.0,130373.0,NOAA_NCEI_HazEL,1.0,2026-03-15,2026-03-15 23:49:32,-50,1th Century BC,,Prehistoric/Ancient,,Colossal,0.01,4.18e+18,30.0,Northern,Western,Ring of Fire – Pacific,True,False,Unknown,,0.0,False,Extreme,45.0,1,,Single Record,100.0
4904,46,,,21.0,,10204,212040.0,0102-04=,Santorini,Greece,Greece,36.404,25.396,367,Shield volcano,,,,,True,False,True,Historical,D2,3.0,,,,,,,,,,,,,,,,,,True,Europe,Europe,Southern Europe,10400720.0,131990.0,NOAA_NCEI_HazEL,1.0,2026-03-15,2026-03-15 23:49:32,0046-01-01,1st Century AD,40s,Classical Antiquity,,Severe,1e-05,4180000000000000.0,3.0,Northern,Eastern,Mediterranean Volcanic Belt,False,False,Unknown,,0.0,False,Moderate,22.5,8,505.1,Moderately Active,100.0
5212,50,,,,,50704,257040.0,0507-04=,Ambrym,Vanuatu-SW Pacific,Vanuatu,-16.25,168.12,1334,Pyroclastic shield,,,,,True,False,True,Historical,D1,6.0,,,,,,,,,,,,,,,,,,False,Oceania,Oceania,Melanesia,321409.0,12189.0,NOAA_NCEI_HazEL,1.0,2026-03-15,2026-03-15 23:49:32,0050-01-01,1st Century AD,50s,Classical Antiquity,,Colossal,0.01,4.18e+18,30.0,Southern,Eastern,Ring of Fire – Pacific,True,True,Unknown,,0.0,False,Extreme,45.0,4,656.0,Moderately Active,100.0
5204,60,,,,,110503,315030.0,1105-03-,Churchill,Alaska-E,United States,61.38,-141.75,5005,Stratovolcano,,,,,True,False,True,Radiocarbon,D6,6.0,,,,,,,,,,,,,,,,,,False,North America,Americas,North America,340110988.0,9525067.0,NOAA_NCEI_HazEL,1.0,2026-03-15,2026-03-15 23:49:32,0060-01-01,1st Century AD,60s,Classical Antiquity,,Colossal,0.01,4.18e+18,30.0,Northern,Western,Ring of Fire – Pacific,True,False,Unknown,,0.0,False,Extreme,45.0,2,787.0,Infrequently Active,100.0
1348,79,8.0,25.0,3093.0,58.0,10102,211020.0,0101-02=,Vesuvius,Italy,Italy,40.821,14.426,1281,Complex volcano,"P,T",2100.0,4.0,,True,False,True,Historical,D2,5.0,4.0,,,2100.0,,,,,,,,,,,,,,True,Europe,Europe,Southern Europe,58927633.0,301336.0,NOAA_NCEI_HazEL,1.0,2026-03-15,2026-03-15 23:49:32,0079-08-25,1st Century AD,70s,Classical Antiquity,Summer,Paroxysmal,0.001,4.18e+17,20.0,Northern,Eastern,Mediterranean Volcanic Belt,False,False,Unknown,"P,T",30.6,True,Very High,49.74,18,256.7,Frequently Active,100.0
4968,200,,,,,30109,231090.0,0301-09-,"Arhab, Harra of",Arabia-S,Yemen,15.603,44.098,3100,Volcanic field,,,,1.0,True,False,True,Historical,D6,,,1.0,,,,,,,,,,,,,,,,False,Asia,Asia,Western Asia,32684503.0,527968.0,NOAA_NCEI_HazEL,1.0,2026-03-15,2026-03-15 23:49:32,0200-01-01,2nd Century AD,200s,Classical Antiquity,,Unknown,,,,Northern,Eastern,East African Rift,False,False,Unknown,,0.0,False,Unknown,0.0,2,300.0,Infrequently Active,83.33
1904,233,,,,,40107,241070.0,0401-07=,Taupo,New Zealand,New Zealand,-38.781,175.893,760,Caldera,,,,,True,False,True,Radiocarbon,D6,6.0,,,,,,,,,,,,,,,,,,False,Oceania,Oceania,Australia and New Zealand,5324700.0,268838.0,NOAA_NCEI_HazEL,1.0,2026-03-15,2026-03-15 23:49:32,0233-01-01,3rd Century AD,230s,Classical Antiquity,,Colossal,0.01,4.18e+18,30.0,Southern,Eastern,Ring of Fire – Pacific,True,False,Unknown,,0.0,False,Extreme,45.0,4,1123.3,Moderately Active,100.0
5211,240,,,,,100005,300050.0,1000-05=,Ksudach,Kamchatka,Russia,51.844,157.572,1079,Stratovolcano,,,,,True,False,True,Historical,D2,6.0,,,,,,,,,,,,,,,,,,False,"Europe, Asia",Europe,Eastern Europe,146028325.0,17098246.0,NOAA_NCEI_HazEL,1.0,2026-03-15,2026-03-15 23:49:32,0240-01-01,3rd Century AD,240s,Classical Antiquity,,Colossal,0.01,4.18e+18,30.0,Northern,Eastern,Ring of Fire – Pacific,True,False,Unknown,,0.0,False,Extreme,45.0,1,,Single Record,100.0
5025,350,,,,,110301,313010.0,1103-01-,Augustine,Alaska-SW,United States,59.363,-153.435,1218,Lava dome,,,,,True,False,True,Historical,D1,,,,,,,,,,,,,,,,,,,False,North America,Americas,North America,340110988.0,9525067.0,NOAA_NCEI_HazEL,1.0,2026-03-15,2026-03-15 23:49:32,0350-01-01,4th Century AD,350s,Classical Antiquity,,Unknown,,,,Northern,Western,Ring of Fire – Pacific,True,False,Unknown,,0.0,False,Unknown,0.0,3,766.5,Infrequently Active,83.33
2069,350,,,,,50001,250010.0,0500-01=,St. Andrew Strait,Admiralty Is-SW Paci,Papua New Guinea,-2.38,147.35,270,Complex volcano,,,3.0,,True,False,True,Historical,D2,,3.0,,,,,,,,,,,,,,,,,False,Oceania,Oceania,Melanesia,11781559.0,462840.0,NOAA_NCEI_HazEL,1.0,2026-03-15,2026-03-15 23:49:32,0350-01-01,4th Century AD,350s,Classical Antiquity,,Unknown,,,,Southern,Eastern,Intraplate / Other,False,False,Unknown,,0.0,False,Unknown,0.0,2,1603.0,Infrequently Active,83.33
4562,416,,,39.0,,60200,262000.0,0602-00=,Krakatau,Indonesia,Indonesia,-6.101,105.423,285,Caldera,W,,3.0,4.0,True,False,True,Historical,D1,,1.0,1.0,,,,,,,,,,,,,,,,True,Asia,Asia,South-Eastern Asia,284438782.0,1904569.0,NOAA_NCEI_HazEL,1.0,2026-03-15,2026-03-15 23:49:32,0416-01-01,5th Century AD,410s,Classical Antiquity,,Unknown,,,,Southern,Eastern,Sunda Arc – Indonesia,False,True,Unknown,Waves / Surges,0.0,False,Unknown,0.0,9,200.2,Moderately Active,83.33
3665,450,,,,,140306,343060.0,1403-06=,Ilopango,El Salvador,El Salvador,13.672,-89.053,450,Caldera,,30000.0,4.0,,True,False,True,Historical,D3,6.0,4.0,,,30000.0,,,,,,,,,,,,,,False,North America,Americas,Central America,6029976.0,21041.0,NOAA_NCEI_HazEL,1.0,2026-03-15,2026-03-15 23:49:32,0450-01-01,5th Century AD,450s,Classical Antiquity,,Colossal,0.01,4.18e+18,30.0,Northern,Western,Ring of Fire – Pacific,True,False,Unknown,,40.0,True,Extreme,61.0,1,,Single Record,100.0
4967,500,,,,,30109,231090.0,0301-09-,"Arhab, Harra of",Arabia-S,Yemen,15.603,44.098,3100,Volcanic field,,,,1.0,True,False,True,Historical,D6,,,1.0,,,,,,,,,,,,,,,,False,Asia,Asia,Western Asia,32684503.0,527968.0,NOAA_NCEI_HazEL,1.0,2026-03-15,2026-03-15 23:49:32,0500-01-01,5th Century AD,500s,Early Medieval,,Unknown,,,,Northern,Eastern,East African Rift,False,False,Unknown,,0.0,False,Unknown,0.0,2,300.0,Infrequently Active,83.33
4497,590,,,,,140305,343050.0,1403-05=,San Salvador,El Salvador,El Salvador,13.734,-89.294,1893,Stratovolcano,,,1.0,,True,False,True,Historical,D2,,1.0,,,,,,,,,,,,,,,,,False,North America,Americas,Central America,6029976.0,21041.0,NOAA_NCEI_HazEL,1.0,2026-03-15,2026-03-15 23:49:32,0590-01-01,6th Century AD,590s,Early Medieval,,Unknown,,,,Northern,Western,Ring of Fire – Pacific,True,False,Unknown,,0.0,False,Unknown,0.0,3,663.5,Infrequently Active,83.33
1352,640,,,,,30102,231020.0,0301-02=,"Uwayrid, Harrat",Arabia-W,Saudi Arabia,27.08,37.25,1920,Volcanic field,T,,1.0,,True,False,True,Anthropology,D6,2.0,1.0,,,,,,,,,,,,,,,,,False,Asia,Asia,Western Asia,35300280.0,2149690.0,NOAA_NCEI_HazEL,1.0,2026-03-15,2026-03-15 23:49:32,0640-01-01,7th Century AD,640s,Early Medieval,,Explosive,1e-06,418000000000000.0,1.0,Northern,Eastern,Intraplate / Other,False,False,Unknown,Tsunami Generated,0.0,False,Low,15.0,1,,Single Record,100.0
7404,653,,,,,50204,252040.0,0502-04=,Dakataua,New Britain-SW Pac,Papua New Guinea,-5.046,150.1,408,Caldera,,,,,True,False,True,Anthropology,D3,6.0,,,,,,,,,,,,,,,,,,False,Oceania,Oceania,Melanesia,11781559.0,462840.0,NOAA_NCEI_HazEL,1.0,2026-03-15,2026-03-15 23:49:32,0653-01-01,7th Century AD,650s,Early Medieval,,Colossal,0.01,4.18e+18,30.0,Southern,Eastern,Ring of Fire – Pacific,True,False,Unknown,,0.0,False,Extreme,45.0,2,1242.0,Infrequently Active,100.0
2177,683,,,,,50214,252140.0,0502-14=,Rabaul,New Britain-SW Pac,Papua New Guinea,-4.246,152.194,688,Pyroclastic shield,,,,,True,False,True,Historical,D1,6.0,,1.0,,,,,,,,,,,,,,,,False,Oceania,Oceania,Melanesia,11781559.0,462840.0,NOAA_NCEI_HazEL,1.0,2026-03-15,2026-03-15 23:49:32,0683-01-01,7th Century AD,680s,Early Medieval,,Colossal,0.01,4.18e+18,30.0,Southern,Eastern,Ring of Fire – Pacific,True,False,Unknown,,0.0,False,Extreme,45.0,7,218.5,Moderately Active,100.0
5210,710,,,,,50208,252080.0,0502-08=,Witori,New Britain-SW Pac,Papua New Guinea,-5.575,150.516,724,Caldera,,,,,True,False,True,Historical,D2,6.0,,,,,,,,,,,,,,,,,,False,Oceania,Oceania,Melanesia,11781559.0,462840.0,NOAA_NCEI_HazEL,1.0,2026-03-15,2026-03-15 23:49:32,0710-01-01,8th Century AD,710s,Early Medieval,,Colossal,0.01,4.18e+18,30.0,Southern,Eastern,Ring of Fire – Pacific,True,False,Unknown,,0.0,False,Extreme,45.0,4,1971.3,Moderately Active,100.0
843,764,,,,,80208,282080.0,0802-08=,Aira,Kyushu-Japan,Japan,31.577,130.659,1117,Stratovolcano,"T,L",80.0,2.0,,True,False,True,Historical,D1,4.0,2.0,,,80.0,,,,,,,,,,,,,,False,Asia,Asia,Eastern Asia,123210000.0,377930.0,NOAA_NCEI_HazEL,1.0,2026-03-15,2026-03-15 23:49:32,0764-01-01,8th Century AD,760s,Early Medieval,,Cataclysmic,0.0001,4.18e+16,10.0,Northern,Eastern,Japan Arc,False,True,Unknown,"T,L",17.58,True,High,37.03,15,89.2,Frequently Active,100.0
844,766,7.0,20.0,61.0,7341.0,80208,282080.0,0802-08=,Aira,Kyushu-Japan,Japan,31.577,130.659,1117,Stratovolcano,,,3.0,,True,False,True,Historical,D1,3.0,3.0,,,,,,,,,,,,,,,,,True,Asia,Asia,Eastern Asia,123210000.0,377930.0,NOAA_NCEI_HazEL,1.0,2026-03-15,2026-03-15 23:49:32,0766-07-20,8th Century AD,760s,Early Medieval,Summer,Severe,1e-05,4180000000000000.0,3.0,Northern,Eastern,Japan Arc,False,True,Unknown,,0.0,False,Moderate,22.5,15,89.2,Frequently Active,100.0
8,787,,,,,10102,211020.0,0101-02=,Vesuvius,Italy,Italy,40.821,14.426,1281,Complex volcano,,,1.0,1.0,True,False,True,Historical,D2,3.0,1.0,1.0,,,,,,,,,,,,,,,,False,Europe,Europe,Southern Europe,58927633.0,301336.0,NOAA_NCEI_HazEL,1.0,2026-03-15,2026-03-15 23:49:32,0787-01-01,8th Century AD,780s,Early Medieval,,Severe,1e-05,4180000000000000.0,3.0,Northern,Eastern,Mediterranean Volcanic Belt,False,False,Unknown,,0.0,False,Moderate,22.5,18,256.7,Frequently Active,100.0
3297,847,,,,,110503,315030.0,1105-03-,Churchill,Alaska-E,United States,61.38,-141.75,5005,Stratovolcano,,,,,True,False,True,Radiocarbon,D6,6.0,,,,,,,,,,,,,,,,,,False,North America,Americas,North America,340110988.0,9525067.0,NOAA_NCEI_HazEL,1.0,2026-03-15,2026-03-15 23:49:32,0847-01-01,9th Century AD,840s,Early Medieval,,Colossal,0.01,4.18e+18,30.0,Northern,Western,Ring of Fire – Pacific,True,False,Unknown,,0.0,False,Extreme,45.0,2,787.0,Infrequently Active,100.0
5144,920,,,,,170203,372030.0,1702-03=,Katla,Iceland-S,Iceland,63.633,-19.083,1490,Subglacial volcano,,,,,True,False,True,Historical,D2,4.0,,1.0,,,,,,,,,,,,,,,,False,Europe,Europe,Northern Europe,391810.0,103000.0,NOAA_NCEI_HazEL,1.0,2026-03-15,2026-03-15 23:49:32,0920-01-01,10th Century AD,920s,Early Medieval,,Cataclysmic,0.0001,4.18e+16,10.0,Northern,Western,Mid-Atlantic Ridge – Iceland,False,False,Unknown,,0.0,False,High,30.0,15,77.9,Frequently Active,100.0
5208,930,,,,,140103,341030.0,1401-03=,Ceboruco,Mexico,Mexico,21.125,-104.508,2280,Stratovolcano,,,,,True,False,True,Historical,D3,6.0,,,,,,,,,,,,,,,,,,False,North America,Americas,North America,130575786.0,1964375.0,NOAA_NCEI_HazEL,1.0,2026-03-15,2026-03-15 23:49:32,0930-01-01,10th Century AD,930s,Early Medieval,,Colossal,0.01,4.18e+18,30.0,Northern,Western,Ring of Fire – Pacific,True,False,Unknown,,0.0,False,Extreme,45.0,1,,Single Record,100.0
5146,934,,,,,170203,372030.0,1702-03=,Katla,Iceland-S,Iceland,63.633,-19.083,1490,Subglacial volcano,,,,1.0,True,False,True,Historical,D2,4.0,,1.0,,,,,,,,,,,,,,,,False,Europe,Europe,Northern Europe,391810.0,103000.0,NOAA_NCEI_HazEL,1.0,2026-03-15,2026-03-15 23:49:32,0934-01-01,10th Century AD,930s,Early Medieval,,Cataclysmic,0.0001,4.18e+16,10.0,Northern,Western,Mid-Atlantic Ridge – Iceland,False,False,Unknown,,0.0,False,High,30.0,15,77.9,Frequently Active,100.0
5207,946,,,,,100506,305060.0,1005-06-,Changbaishan,China-E,North Korea,41.98,128.08,2744,Stratovolcano,,,,,True,False,True,Historical,D4,7.0,,,,,,,,,,,,,,,,,,False,Asia,Asia,Eastern Asia,25950000.0,120538.0,NOAA_NCEI_HazEL,1.0,2026-03-15,2026-03-15 23:49:32,0946-01-01,10th Century AD,940s,Early Medieval,,Super-Colossal,0.1,4.18e+19,40.0,Northern,Eastern,Japan Arc,False,False,Unknown,,0.0,False,Catastrophic,52.5,1,,Single Record,100.0
5147,950,,,,,170203,372030.0,1702-03=,Katla,Iceland-S,Iceland,63.633,-19.083,1490,Subglacial volcano,,,,,True,False,True,Historical,D2,,,1.0,,,,,,,,,,,,,,,,False,Europe,Europe,Northern Europe,391810.0,103000.0,NOAA_NCEI_HazEL,1.0,2026-03-15,2026-03-15 23:49:32,0950-01-01,10th Century AD,950s,Early Medieval,,Unknown,,,,Northern,Western,Mid-Atlantic Ridge – Iceland,False,False,Unknown,,0.0,False,Unknown,0.0,15,77.9,Frequently Active,83.33
4845,1050,,,3102.0,,10204,212040.0,0102-04=,Santorini,Greece,Greece,36.404,25.396,367,Shield volcano,,,,,True,False,True,Historical,D2,,,,,,,,,,,,,,,,,,,True,Europe,Europe,Southern Europe,10400720.0,131990.0,NOAA_NCEI_HazEL,1.0,2026-03-15,2026-03-15 23:49:32,1050-01-01,11th Century AD,1050s,Late Medieval,,Unknown,,,,Northern,Eastern,Mediterranean Volcanic Belt,False,False,Unknown,,0.0,False,Unknown,0.0,8,505.1,Moderately Active,83.33
4241,1104,10.0,15.0,,,170207,372070.0,1702-07=,Hekla,Iceland-S,Iceland,63.983,-19.666,1490,Stratovolcano,,,,1.0,True,False,True,Historical,D1,5.0,,1.0,,,,,,,,,,,,,,,,False,Europe,Europe,Northern Europe,391810.0,103000.0,NOAA_NCEI_HazEL,1.0,2026-03-15,2026-03-15 23:49:32,1104-10-15,12th Century AD,1100s,Late Medieval,Autumn,Paroxysmal,0.001,4.18e+17,20.0,Northern,Western,Mid-Atlantic Ridge – Iceland,False,False,Unknown,,0.0,False,Very High,37.5,16,58.4,Frequently Active,100.0
5149,1151,,,,,170103,371030.0,1701-03=,Krysuvik-Trolladyngja,Iceland-SW,Iceland,63.917,-22.067,360,Crater rows,,,,1.0,True,False,True,Historical,D6,1.0,,1.0,,,,,,,,,,,,,,,,False,Europe,Europe,Northern Europe,391810.0,103000.0,NOAA_NCEI_HazEL,1.0,2026-03-15,2026-03-15 23:49:32,1151-01-01,12th Century AD,1150s,Late Medieval,,Gentle,1e-07,41800000000000.0,0.3,Northern,Western,Mid-Atlantic Ridge – Iceland,False,False,Unknown,,0.0,False,Minimal,7.5,1,,Single Record,100.0
4242,1158,1.0,19.0,,,170207,372070.0,1702-07=,Hekla,Iceland-S,Iceland,63.983,-19.666,1490,Stratovolcano,,,,1.0,True,False,True,Historical,D1,4.0,,1.0,,,,,,,,,,,,,,,,False,Europe,Europe,Northern Europe,391810.0,103000.0,NOAA_NCEI_HazEL,1.0,2026-03-15,2026-03-15 23:49:32,1158-01-19,12th Century AD,1150s,Late Medieval,Winter,Cataclysmic,0.0001,4.18e+16,10.0,Northern,Western,Mid-Atlantic Ridge – Iceland,False,False,Unknown,,0.0,False,High,30.0,16,58.4,Frequently Active,100.0
1,1169,2.0,4.0,2852.0,421.0,10106,211060.0,0101-06=,Etna,Italy,Italy,37.748,14.999,3357,Stratovolcano,S,16000.0,4.0,4.0,True,False,True,Historical,D1,,,,,,,,,,,,,,,,,,,True,Europe,Europe,Southern Europe,58927633.0,301336.0,NOAA_NCEI_HazEL,1.0,2026-03-15,2026-03-15 23:49:32,1169-02-04,12th Century AD,1160s,Late Medieval,Winter,Unknown,,,,Northern,Eastern,Mediterranean Volcanic Belt,False,False,Unknown,Submarine Eruption,38.72,True,Unknown,15.49,25,90.0,Frequently Active,83.33
4846,1169,2.0,11.0,3107.0,,10106,211060.0,0101-06=,Etna,Italy,Italy,37.748,14.999,3357,Stratovolcano,,,,,True,False,True,Historical,D1,,,,,,,,,,,,,,,,,,,True,Europe,Europe,Southern Europe,58927633.0,301336.0,NOAA_NCEI_HazEL,1.0,2026-03-15,2026-03-15 23:49:32,1169-02-11,12th Century AD,1160s,Late Medieval,Winter,Unknown,,,,Northern,Eastern,Mediterranean Volcanic Belt,False,False,Unknown,,0.0,False,Unknown,0.0,25,90.0,Frequently Active,83.33
4224,1177,,,,,170203,372030.0,1702-03=,Katla,Iceland-S,Iceland,63.633,-19.083,1490,Subglacial volcano,,,,1.0,True,False,True,Historical,D2,3.0,,1.0,,,,,,,,,,,,,,,,False,Europe,Europe,Northern Europe,391810.0,103000.0,NOAA_NCEI_HazEL,1.0,2026-03-15,2026-03-15 23:49:32,1177-01-01,12th Century AD,1170s,Late Medieval,,Severe,1e-05,4180000000000000.0,3.0,Northern,Western,Mid-Atlantic Ridge – Iceland,False,False,Unknown,,0.0,False,Moderate,22.5,15,77.9,Frequently Active,100.0
4243,1206,12.0,4.0,,,170207,372070.0,1702-07=,Hekla,Iceland-S,Iceland,63.983,-19.666,1490,Stratovolcano,,,,1.0,True,False,True,Historical,D1,2.0,,1.0,,,,,,,,,,,,,,,,False,Europe,Europe,Northern Europe,391810.0,103000.0,NOAA_NCEI_HazEL,1.0,2026-03-15,2026-03-15 23:49:32,1206-12-04,13th Century AD,1200s,Late Medieval,Winter,Explosive,1e-06,418000000000000.0,1.0,Northern,Western,Mid-Atlantic Ridge – Iceland,False,False,Unknown,,0.0,False,Low,15.0,16,58.4,Frequently Active,100.0
4966,1250,,,,,20119,221190.0,0201-19=,Fentale,Africa-NE,Ethiopia,8.985,39.906,2007,Stratovolcano,,,,,True,False,True,Historical,D3,,,1.0,,,,,,,,,,,,,,,,False,Africa,Africa,Eastern Africa,111652998.0,1104300.0,NOAA_NCEI_HazEL,1.0,2026-03-15,2026-03-15 23:49:32,1250-01-01,13th Century AD,1250s,Late Medieval,,Unknown,,,,Northern,Eastern,East African Rift,False,False,Unknown,,0.0,False,Unknown,0.0,1,,Single Record,83.33
4225,1262,,,,,170203,372030.0,1702-03=,Katla,Iceland-S,Iceland,63.633,-19.083,1490,Subglacial volcano,F,,1.0,,True,False,True,Historical,D2,3.0,1.0,,,,,,,,,,,,,,,,,False,Europe,Europe,Northern Europe,391810.0,103000.0,NOAA_NCEI_HazEL,1.0,2026-03-15,2026-03-15 23:49:32,1262-01-01,13th Century AD,1260s,Late Medieval,,Severe,1e-05,4180000000000000.0,3.0,Northern,Western,Mid-Atlantic Ridge – Iceland,False,False,Unknown,Fumarolic Activity,0.0,False,Moderate,22.5,15,77.9,Frequently Active,100.0
5206,1280,,,,,150206,352060.0,1502-06=,Quilotoa,Ecuador,Ecuador,-0.859,-78.904,3914,Caldera,,,,,True,False,True,Radiocarbon,D6,6.0,,1.0,,,,,,,,,,,,,,,,False,South America,Americas,South America,18103660.0,276841.0,NOAA_NCEI_HazEL,1.0,2026-03-15,2026-03-15 23:49:32,1280-01-01,13th Century AD,1280s,Late Medieval,,Colossal,0.01,4.18e+18,30.0,Southern,Western,Ring of Fire – Pacific,True,False,Unknown,,0.0,False,Extreme,45.0,1,,Single Record,100.0
4244,1300,7.0,11.0,,,170207,372070.0,1702-07=,Hekla,Iceland-S,Iceland,63.983,-19.666,1490,Stratovolcano,,600.0,3.0,,True,False,True,Historical,D1,4.0,,,,,,,,,,,,,,,,,,False,Europe,Europe,Northern Europe,391810.0,103000.0,NOAA_NCEI_HazEL,1.0,2026-03-15,2026-03-15 23:49:32,1300-07-11,13th Century AD,1300s,Late Medieval,Summer,Cataclysmic,0.0001,4.18e+16,10.0,Northern,Western,Mid-Atlantic Ridge – Iceland,False,False,Unknown,,25.59,True,High,40.24,16,58.4,Frequently Active,100.0
10,1302,,,,,10103,211030.0,0101-03=,Ischia,Italy,Italy,40.73,13.897,789,Complex volcano,,,1.0,,True,False,True,Historical,D6,,1.0,,,,,,,,,,,,,,,,,False,Europe,Europe,Southern Europe,58927633.0,301336.0,NOAA_NCEI_HazEL,1.0,2026-03-15,2026-03-15 23:49:32,1302-01-01,14th Century AD,1300s,Late Medieval,,Unknown,,,,Northern,Eastern,Mediterranean Volcanic Belt,False,False,Unknown,,0.0,False,Unknown,0.0,1,,Single Record,83.33
4226,1311,1.0,18.0,,,170203,372030.0,1702-03=,Katla,Iceland-S,Iceland,63.633,-19.083,1490,Subglacial volcano,F,,2.0,,True,False,True,Historical,D2,4.0,2.0,,,,,,,,,,,,,,,,,False,Europe,Europe,Northern Europe,391810.0,103000.0,NOAA_NCEI_HazEL,1.0,2026-03-15,2026-03-15 23:49:32,1311-01-18,14th Century AD,1310s,Late Medieval,Winter,Cataclysmic,0.0001,4.18e+16,10.0,Northern,Western,Mid-Atlantic Ridge – Iceland,False,False,Unknown,Fumarolic Activity,0.0,False,High,30.0,15,77.9,Frequently Active,100.0
116,1311,,,,,60328,263280.0,0603-28=,Kelud,Java,Indonesia,-7.935,112.314,1730,Stratovolcano,,,1.0,,True,False,True,Historical,D1,3.0,1.0,,,,,,,,,,,,,,,,,False,Asia,Asia,South-Eastern Asia,284438782.0,1904569.0,NOAA_NCEI_HazEL,1.0,2026-03-15,2026-03-15 23:49:32,1311-01-01,14th Century AD,1310s,Late Medieval,,Severe,1e-05,4180000000000000.0,3.0,Southern,Eastern,Sunda Arc – Indonesia,False,False,Unknown,,0.0,False,Moderate,22.5,18,41.4,Frequently Active,100.0
5844,1329,6.0,28.0,3112.0,9973.0,10106,211060.0,0101-06=,Etna,Italy,Italy,37.748,14.999,3357,Stratovolcano,,,,1.0,True,False,True,Historical,D1,3.0,,,1.0,,,,,,,,,,,,,,,True,Europe,Europe,Southern Europe,58927633.0,301336.0,NOAA_NCEI_HazEL,1.0,2026-03-15,2026-03-15 23:49:32,1329-06-28,14th Century AD,1320s,Late Medieval,Summer,Severe,1e-05,4180000000000000.0,3.0,Northern,Eastern,Mediterranean Volcanic Belt,False,False,Unknown,,0.0,False,Moderate,22.5,25,90.0,Frequently Active,100.0
2,1329,7.0,15.0,,,10106,211060.0,0101-06=,Etna,Italy,Italy,37.748,14.999,3357,Stratovolcano,I,,3.0,,True,False,True,Historical,D1,3.0,3.0,,,,,,,,,,,,,,,,,False,Europe,Europe,Southern Europe,58927633.0,301336.0,NOAA_NCEI_HazEL,1.0,2026-03-15,2026-03-15 23:49:32,1329-07-15,14th Century AD,1320s,Late Medieval,Summer,Severe,1e-05,4180000000000000.0,3.0,Northern,Eastern,Mediterranean Volcanic Belt,False,False,Unknown,Inundation / Lahar,0.0,False,Moderate,22.5,25,90.0,Frequently Active,100.0
949,1331,12.0,,,,80211,282110.0,0802-11=,Asosan,Kyushu-Japan,Japan,32.885,131.085,1592,Caldera,,,1.0,,True,False,True,Historical,D1,2.0,1.0,,,,,,,,,,,,,,,,,False,Asia,Asia,Eastern Asia,123210000.0,377930.0,NOAA_NCEI_HazEL,1.0,2026-03-15,2026-03-15 23:49:32,1331-12-01,14th Century AD,1330s,Late Medieval,Winter,Explosive,1e-06,418000000000000.0,1.0,Northern,Eastern,Japan Arc,False,True,Unknown,,0.0,False,Low,15.0,16,45.7,Frequently Active,100.0
117,1334,,,,,60328,263280.0,0603-28=,Kelud,Java,Indonesia,-7.935,112.314,1730,Stratovolcano,M,,1.0,,True,False,True,Historical,D1,3.0,1.0,,,,,,,,,,,,,,,,,False,Asia,Asia,South-Eastern Asia,284438782.0,1904569.0,NOAA_NCEI_HazEL,1.0,2026-03-15,2026-03-15 23:49:32,1334-01-01,14th Century AD,1330s,Late Medieval,,Severe,1e-05,4180000000000000.0,3.0,Southern,Eastern,Sunda Arc – Indonesia,False,False,Unknown,Mudflow / Lahar,0.0,False,Moderate,22.5,18,41.4,Frequently Active,100.0
4245,1341,5.0,19.0,,,170207,372070.0,1702-07=,Hekla,Iceland-S,Iceland,63.983,-19.666,1490,Stratovolcano,,,,1.0,True,False,True,Historical,D1,3.0,,1.0,,,,,,,,,,,,,,,,False,Europe,Europe,Northern Europe,391810.0,103000.0,NOAA_NCEI_HazEL,1.0,2026-03-15,2026-03-15 23:49:32,1341-05-19,14th Century AD,1340s,Late Medieval,Spring,Severe,1e-05,4180000000000000.0,3.0,Northern,Western,Mid-Atlantic Ridge – Iceland,False,False,Unknown,,0.0,False,Moderate,22.5,16,58.4,Frequently Active,100.0
4227,1357,,,,,170203,372030.0,1702-03=,Katla,Iceland-S,Iceland,63.633,-19.083,1490,Subglacial volcano,,,,1.0,True,False,True,Historical,D2,4.0,,1.0,,,,,,,,,,,,,,,,False,Europe,Europe,Northern Europe,391810.0,103000.0,NOAA_NCEI_HazEL,1.0,2026-03-15,2026-03-15 23:49:32,1357-01-01,14th Century AD,1350s,Late Medieval,,Cataclysmic,0.0001,4.18e+16,10.0,Northern,Western,Mid-Atlantic Ridge – Iceland,False,False,Unknown,,0.0,False,High,30.0,15,77.9,Frequently Active,100.0
4326,1362,6.0,5.0,,,170401,374010.0,1704-01=,Oraefajokull,Iceland-SE,Iceland,64.0,-16.65,2010,Stratovolcano,"T,F",220.0,3.0,,True,False,True,Historical,D4,5.0,3.0,,,220.0,,,,,,,,,,,,,,False,Europe,Europe,Northern Europe,391810.0,103000.0,NOAA_NCEI_HazEL,1.0,2026-03-15,2026-03-15 23:49:32,1362-06-05,14th Century AD,1360s,Late Medieval,Summer,Paroxysmal,0.001,4.18e+17,20.0,Northern,Western,Mid-Atlantic Ridge – Iceland,False,False,Unknown,"T,F",21.59,True,Very High,46.14,2,365.0,Infrequently Active,100.0
6585,1375,,,,,140112,341120.0,1401-12=,"Chichon, El",Mexico,Mexico,17.36,-93.23,1150,Tuff cone,M,,2.0,,True,False,True,Historical,D1,5.0,2.0,,,,,,,,,,,,,,,,,False,North America,Americas,North America,130575786.0,1964375.0,NOAA_NCEI_HazEL,1.0,2026-03-15,2026-03-15 23:49:32,1375-01-01,14th Century AD,1370s,Late Medieval,,Paroxysmal,0.001,4.18e+17,20.0,Northern,Western,Ring of Fire – Pacific,True,False,Unknown,Mudflow / Lahar,0.0,False,Very High,37.5,4,202.3,Moderately Active,100.0
118,1376,,,,,60328,263280.0,0603-28=,Kelud,Java,Indonesia,-7.935,112.314,1730,Stratovolcano,,,1.0,,True,False,True,Historical,D1,3.0,1.0,,,,,,,,,,,,,,,,,False,Asia,Asia,South-Eastern Asia,284438782.0,1904569.0,NOAA_NCEI_HazEL,1.0,2026-03-15,2026-03-15 23:49:32,1376-01-01,14th Century AD,1370s,Late Medieval,,Severe,1e-05,4180000000000000.0,3.0,Southern,Eastern,Sunda Arc – Indonesia,False,False,Unknown,,0.0,False,Moderate,22.5,18,41.4,Frequently Active,100.0
119,1385,,,,,60328,263280.0,0603-28=,Kelud,Java,Indonesia,-7.935,112.314,1730,Stratovolcano,,,1.0,,True,False,True,Historical,D1,3.0,1.0,,,,,,,,,,,,,,,,,False,Asia,Asia,South-Eastern Asia,284438782.0,1904569.0,NOAA_NCEI_HazEL,1.0,2026-03-15,2026-03-15 23:49:32,1385-01-01,14th Century AD,1380s,Late Medieval,,Severe,1e-05,4180000000000000.0,3.0,Southern,Eastern,Sunda Arc – Indonesia,False,False,Unknown,,0.0,False,Moderate,22.5,18,41.4,Frequently Active,100.0
4246,1389,12.0,1.0,,,170207,372070.0,1702-07=,Hekla,Iceland-S,Iceland,63.983,-19.666,1490,Stratovolcano,,,,1.0,True,False,True,Historical,D1,3.0,,1.0,,,,,,,,,,,,,,,,False,Europe,Europe,Northern Europe,391810.0,103000.0,NOAA_NCEI_HazEL,1.0,2026-03-15,2026-03-15 23:49:32,1389-12-01,14th Century AD,1380s,Late Medieval,Winter,Severe,1e-05,4180000000000000.0,3.0,Northern,Western,Mid-Atlantic Ridge – Iceland,False,False,Unknown,,0.0,False,Moderate,22.5,16,58.4,Frequently Active,100.0
1203,1410,3.0,5.0,,,80315,283150.0,0803-15=,Nasudake,Honshu-Japan,Japan,37.125,139.963,1915,Stratovolcano,,180.0,3.0,,True,False,True,Historical,D2,3.0,3.0,,,180.0,,,,,,,,,,,,,,False,Asia,Asia,Eastern Asia,123210000.0,377930.0,NOAA_NCEI_HazEL,1.0,2026-03-15,2026-03-15 23:49:32,1410-03-05,15th Century AD,1410s,Late Medieval,Spring,Severe,1e-05,4180000000000000.0,3.0,Northern,Eastern,Japan Arc,False,True,Unknown,,20.79,True,Moderate,30.82,3,255.5,Infrequently Active,100.0
4449,1430,,,,,50707,257070.0,0507-07=,Kuwae,Vanuatu-SW Pacific,Vanuatu,-16.83,168.523,-2,Caldera,P,,3.0,,True,False,True,Historical,D1,,3.0,,,,,,,,,,,,,,,,,False,Oceania,Oceania,Melanesia,321409.0,12189.0,NOAA_NCEI_HazEL,1.0,2026-03-15,2026-03-15 23:49:32,1430-01-01,15th Century AD,1430s,Late Medieval,,Unknown,,,,Southern,Eastern,Ring of Fire – Pacific,True,True,Unknown,Phreatic / Phreatomagmatic,0.0,False,Unknown,0.0,2,528.0,Infrequently Active,83.33
846,1471,11.0,3.0,,,80208,282080.0,0802-08=,Aira,Kyushu-Japan,Japan,31.577,130.659,1117,Stratovolcano,P,,3.0,,True,False,True,Historical,D1,5.0,3.0,,,,,,,,,,,,,,,,,False,Asia,Asia,Eastern Asia,123210000.0,377930.0,NOAA_NCEI_HazEL,1.0,2026-03-15,2026-03-15 23:49:32,1471-11-03,15th Century AD,1470s,Late Medieval,Autumn,Paroxysmal,0.001,4.18e+17,20.0,Northern,Eastern,Japan Arc,False,True,Unknown,Phreatic / Phreatomagmatic,0.0,False,Very High,37.5,15,89.2,Frequently Active,100.0
5150,1477,2.0,,,,170303,373030.0,1703-03=,Bardarbunga,Iceland-NE,Iceland,64.633,-17.516,2000,Stratovolcano,,,,1.0,True,False,True,Historical,D2,6.0,,1.0,,,,,,,,,,,,,,,,False,Europe,Europe,Northern Europe,391810.0,103000.0,NOAA_NCEI_HazEL,1.0,2026-03-15,2026-03-15 23:49:32,1477-02-01,15th Century AD,1470s,Late Medieval,Winter,Colossal,0.01,4.18e+18,30.0,Northern,Western,Mid-Atlantic Ridge – Iceland,False,False,Unknown,,0.0,False,Extreme,45.0,6,50.4,Moderately Active,100.0
960,1485,1.0,,,,80211,282110.0,0802-11=,Asosan,Kyushu-Japan,Japan,32.885,131.085,1592,Caldera,,1.0,1.0,,True,False,True,Historical,D1,2.0,1.0,,,1.0,,,,,,,,,,,,,,False,Asia,Asia,Eastern Asia,123210000.0,377930.0,NOAA_NCEI_HazEL,1.0,2026-03-15,2026-03-15 23:49:32,1485-01-01,15th Century AD,1480s,Late Medieval,Winter,Explosive,1e-06,418000000000000.0,1.0,Northern,Eastern,Japan Arc,False,True,Unknown,,2.77,True,Low,16.11,16,45.7,Frequently Active,100.0
5148,1500,,,,,170203,372030.0,1702-03=,Katla,Iceland-S,Iceland,63.633,-19.083,1490,Subglacial volcano,,,,1.0,True,False,True,Historical,D2,4.0,,1.0,,,,,,,,,,,,,,,,False,Europe,Europe,Northern Europe,391810.0,103000.0,NOAA_NCEI_HazEL,1.0,2026-03-15,2026-03-15 23:49:32,1500-01-01,15th Century AD,1500s,Early Modern,,Cataclysmic,0.0001,4.18e+16,10.0,Northern,Western,Mid-Atlantic Ridge – Iceland,False,False,Unknown,,0.0,False,High,30.0,15,77.9,Frequently Active,100.0
4248,1510,7.0,25.0,,,170207,372070.0,1702-07=,Hekla,Iceland-S,Iceland,63.983,-19.666,1490,Stratovolcano,T,1.0,1.0,,True,False,True,Historical,D1,4.0,1.0,,,1.0,,,,,,,,,,,,,,False,Europe,Europe,Northern Europe,391810.0,103000.0,NOAA_NCEI_HazEL,1.0,2026-03-15,2026-03-15 23:49:32,1510-07-25,16th Century AD,1510s,Early Modern,Summer,Cataclysmic,0.0001,4.18e+16,10.0,Northern,Western,Mid-Atlantic Ridge – Iceland,False,False,Unknown,Tsunami Generated,2.77,True,High,31.11,16,58.4,Frequently Active,100.0
6644,1510,10.0,15.0,,,170207,372070.0,1702-07=,Hekla,Iceland-S,Iceland,63.983,-19.666,1490,Stratovolcano,I,,3.0,,True,False,True,Historical,D1,4.0,,,,,,,,,,,,,,,,,,False,Europe,Europe,Northern Europe,391810.0,103000.0,NOAA_NCEI_HazEL,1.0,2026-03-15,2026-03-15 23:49:32,1510-10-15,16th Century AD,1510s,Early Modern,Autumn,Cataclysmic,0.0001,4.18e+16,10.0,Northern,Western,Mid-Atlantic Ridge – Iceland,False,False,Unknown,Inundation / Lahar,0.0,False,High,30.0,16,58.4,Frequently Active,100.0
14,1536,3.0,26.0,,,10106,211060.0,0101-06=,Etna,Italy,Italy,37.748,14.999,3357,Stratovolcano,T,1.0,1.0,,True,False,True,Historical,D1,3.0,1.0,,,1.0,,,,,,,,,,,,,,False,Europe,Europe,Southern Europe,58927633.0,301336.0,NOAA_NCEI_HazEL,1.0,2026-03-15,2026-03-15 23:49:32,1536-03-26,16th Century AD,1530s,Early Modern,Spring,Severe,1e-05,4180000000000000.0,3.0,Northern,Eastern,Mediterranean Volcanic Belt,False,False,Unknown,Tsunami Generated,2.77,True,Moderate,23.61,25,90.0,Frequently Active,100.0
36,1538,9.0,29.0,,,10101,211010.0,0101-01=,Campi Flegrei,Italy,Italy,40.827,14.139,458,Caldera,T,24.0,1.0,,True,False,True,Historical,D5,3.0,1.0,,,24.0,,,,,,,,,,,,,,False,Europe,Europe,Southern Europe,58927633.0,301336.0,NOAA_NCEI_HazEL,1.0,2026-03-15,2026-03-15 23:49:32,1538-09-29,16th Century AD,1530s,Early Modern,Autumn,Severe,1e-05,4180000000000000.0,3.0,Northern,Eastern,Mediterranean Volcanic Belt,False,False,Unknown,Tsunami Generated,12.88,True,Moderate,27.65,3,239.5,Infrequently Active,100.0
4583,1540,,,2874.0,,110301,313010.0,1103-01-,Augustine,Alaska-SW,United States,59.363,-153.435,1218,Lava dome,,,,,True,False,True,Historical,D1,4.0,,,,,,,,,,,,,,,,,,True,North America,Americas,North America,340110988.0,9525067.0,NOAA_NCEI_HazEL,1.0,2026-03-15,2026-03-15 23:49:32,1540-01-01,16th Century AD,1540s,Early Modern,,Cataclysmic,0.0001,4.18e+16,10.0,Northern,Western,Ring of Fire – Pacific,True,False,Unknown,,0.0,False,High,30.0,3,766.5,Infrequently Active,100.0
7579,1541,9.0,11.0,,,140210,342100.0,1402-10=,Agua,Guatemala,Guatemala,14.465,-90.743,3760,Stratovolcano,m,1300.0,4.0,,True,False,False,Holocene,U,,4.0,,,1300.0,,,,,,,,,,,,,,False,North America,Americas,Central America,18079810.0,108889.0,NOAA_NCEI_HazEL,1.0,2026-03-15,2026-03-15 23:49:32,1541-09-11,16th Century AD,1540s,Early Modern,Autumn,Unknown,,,,Northern,Western,Ring of Fire – Pacific,True,False,Unknown,Mudflow / Lahar,28.68,True,Unknown,11.47,1,,Single Record,83.33
594,1550,11.0,,,,60801,268010.0,0608-01=,Dukono,Halmahera-Indonesia,Indonesia,1.699,127.878,1273,Complex volcano,,,1.0,,True,False,True,Historical,D1,3.0,1.0,,,,,,,,,,,,,,,,,False,Asia,Asia,South-Eastern Asia,284438782.0,1904569.0,NOAA_NCEI_HazEL,1.0,2026-03-15,2026-03-15 23:49:32,1550-11-01,16th Century AD,1550s,Early Modern,Autumn,Severe,1e-05,4180000000000000.0,3.0,Northern,Eastern,Sunda Arc – Indonesia,False,True,Unknown,,0.0,False,Moderate,22.5,1,,Single Record,100.0
663,1550,,,5863.0,,60807,268070.0,0608-07=,Kie Besi,Halmahera-Indonesia,Indonesia,0.32,127.4,1357,Stratovolcano,,,,1.0,True,False,True,Historical,D1,3.0,,1.0,,,,,,,,,,,,,,,,True,Asia,Asia,South-Eastern Asia,284438782.0,1904569.0,NOAA_NCEI_HazEL,1.0,2026-03-15,2026-03-15 23:49:32,1550-01-01,16th Century AD,1550s,Early Modern,,Severe,1e-05,4180000000000000.0,3.0,Northern,Eastern,Sunda Arc – Indonesia,False,True,Unknown,,0.0,False,Moderate,22.5,5,85.0,Moderately Active,100.0
4460,1564,12.0,31.0,,,60804,268040.0,0608-04=,Gamkonora,Halmahera-Indonesia,Indonesia,1.38,127.53,1635,Stratovolcano,,,1.0,,True,False,True,Historical,D1,3.0,1.0,,,,,,,,,,,,,,,,,False,Asia,Asia,South-Eastern Asia,284438782.0,1904569.0,NOAA_NCEI_HazEL,1.0,2026-03-15,2026-03-15 23:49:32,1564-12-31,16th Century AD,1560s,Early Modern,Winter,Severe,1e-05,4180000000000000.0,3.0,Northern,Eastern,Sunda Arc – Indonesia,False,True,Unknown,,0.0,False,Moderate,22.5,2,109.0,Infrequently Active,100.0
3580,1565,8.0,,,9788.0,140211,342110.0,1402-11=,Pacaya,Guatemala,Guatemala,14.382,-90.601,2569,Complex volcano,,,,1.0,True,False,True,Historical,D1,3.0,,1.0,,,,,,,,,,,,,,,,False,North America,Americas,Central America,18079810.0,108889.0,NOAA_NCEI_HazEL,1.0,2026-03-15,2026-03-15 23:49:32,1565-08-01,16th Century AD,1560s,Early Modern,Summer,Severe,1e-05,4180000000000000.0,3.0,Northern,Western,Ring of Fire – Pacific,True,False,Unknown,,0.0,False,Moderate,22.5,5,114.0,Moderately Active,100.0
904,1566,10.0,31.0,,,80209,282090.0,0802-09=,Kirishimayama,Kyushu-Japan,Japan,31.934,130.862,1700,Shield volcano,,,3.0,,True,False,True,Historical,D1,3.0,3.0,,,,,,,,,,,,,,,,,False,Asia,Asia,Eastern Asia,123210000.0,377930.0,NOAA_NCEI_HazEL,1.0,2026-03-15,2026-03-15 23:49:32,1566-10-31,16th Century AD,1560s,Early Modern,Autumn,Severe,1e-05,4180000000000000.0,3.0,Northern,Eastern,Japan Arc,False,True,Unknown,,0.0,False,Moderate,22.5,9,55.6,Moderately Active,100.0
2227,1568,,,,,50507,255070.0,0505-07=,Savo,Solomon Is-SW Pacifi,Solomon Is.,-9.13,159.82,485,Stratovolcano,"P,T,M",1001.0,4.0,,True,False,True,Historical,D3,3.0,4.0,,,1001.0,,,,,,,,,,,,,,False,Oceania,Oceania,Melanesia,720000.0,28896.0,NOAA_NCEI_HazEL,1.0,2026-03-15,2026-03-15 23:49:32,1568-01-01,16th Century AD,1560s,Early Modern,,Severe,1e-05,4180000000000000.0,3.0,Southern,Eastern,Ring of Fire – Pacific,True,True,Unknown,"P,T,M",27.64,True,Moderate,33.56,2,272.0,Infrequently Active,100.0
4498,1570,,,,,140411,344110.0,1404-11=,Mombacho,Nicaragua,Nicaragua,11.826,-85.968,1344,Stratovolcano,A,400.0,3.0,,True,False,True,Holocene,U,,3.0,,,400.0,,,,,,,,,,,,,,False,North America,Americas,Central America,6803886.0,130373.0,NOAA_NCEI_HazEL,1.0,2026-03-15,2026-03-15 23:49:32,1570-01-01,16th Century AD,1570s,Early Modern,,Unknown,,,,Northern,Western,Ring of Fire – Pacific,True,False,Unknown,Ash / Tephra,23.98,True,Unknown,9.59,1,,Single Record,83.33
745,1572,,,,,70307,273070.0,0703-07=,Taal,Luzon-Philippines,Philippines,14.011,120.998,311,Stratovolcano,L,,,2.0,True,False,True,Historical,D1,3.0,,2.0,,,,,,,,,,,,,,,,False,Asia,Asia,South-Eastern Asia,114123600.0,342353.0,NOAA_NCEI_HazEL,1.0,2026-03-15,2026-03-15 23:49:32,1572-01-01,16th Century AD,1570s,Early Modern,,Severe,1e-05,4180000000000000.0,3.0,Northern,Eastern,Philippine Arc,False,True,Unknown,Lava Flow,0.0,False,Moderate,22.5,9,700.0,Moderately Active,100.0
3473,1576,,,,,140104,341040.0,1401-04=,Colima,Mexico,Mexico,19.514,-103.62,3850,Stratovolcano,,,1.0,,True,False,True,Historical,D1,3.0,1.0,,,,,,,,,,,,,,,,,False,North America,Americas,North America,130575786.0,1964375.0,NOAA_NCEI_HazEL,1.0,2026-03-15,2026-03-15 23:49:32,1576-01-01,16th Century AD,1570s,Early Modern,,Severe,1e-05,4180000000000000.0,3.0,Northern,Western,Ring of Fire – Pacific,True,False,Unknown,,0.0,False,Moderate,22.5,4,112.3,Moderately Active,100.0
4345,1580,5.0,1.0,,,180203,382030.0,1802-03=,Sao Jorge,Azores,Portugal,38.65,-28.08,1053,Fissure vent,P,10.0,1.0,,True,False,True,Historical,D2,3.0,1.0,,,10.0,,,,,,,,,,,,,,False,Europe,Europe,Southern Europe,10749635.0,92090.0,NOAA_NCEI_HazEL,1.0,2026-03-15,2026-03-15 23:49:32,1580-05-01,16th Century AD,1580s,Early Modern,Spring,Severe,1e-05,4180000000000000.0,3.0,Northern,Western,Intraplate / Other,False,True,Unknown,Phreatic / Phreatomagmatic,9.59,True,Moderate,26.34,3,114.0,Infrequently Active,100.0
4229,1580,8.0,11.0,,,170203,372030.0,1702-03=,Katla,Iceland-S,Iceland,63.633,-19.083,1490,Subglacial volcano,,,,,True,False,True,Historical,D2,4.0,,,,,,,,,,,,,,,,,,False,Europe,Europe,Northern Europe,391810.0,103000.0,NOAA_NCEI_HazEL,1.0,2026-03-15,2026-03-15 23:49:32,1580-08-11,16th Century AD,1580s,Early Modern,Summer,Cataclysmic,0.0001,4.18e+16,10.0,Northern,Western,Mid-Atlantic Ridge – Iceland,False,False,Unknown,,0.0,False,High,30.0,15,77.9,Frequently Active,100.0
6984,1580,,,,,505011,255011.0,0505-011,Billy Mitchell,Bougainville-SW Paci,Papua New Guinea,-6.09,155.225,1544,Pyroclastic shield,,,,,True,False,True,Radiocarbon,D5,6.0,,,,,,,,,,,,,,,,,,False,Oceania,Oceania,Melanesia,11781559.0,462840.0,NOAA_NCEI_HazEL,1.0,2026-03-15,2026-03-15 23:49:32,1580-01-01,16th Century AD,1580s,Early Modern,,Colossal,0.01,4.18e+18,30.0,Southern,Eastern,Ring of Fire – Pacific,True,False,Unknown,,0.0,False,Extreme,45.0,1,,Single Record,100.0
3543,1581,12.0,26.0,,,140209,342090.0,1402-09=,Fuego,Guatemala,Guatemala,14.473,-90.88,3763,Stratovolcano,,,,1.0,True,False,True,Historical,D1,4.0,,1.0,,,,,,,,,,,,,,,,False,North America,Americas,Central America,18079810.0,108889.0,NOAA_NCEI_HazEL,1.0,2026-03-15,2026-03-15 23:49:32,1581-12-26,16th Century AD,1580s,Early Modern,Winter,Cataclysmic,0.0001,4.18e+16,10.0,Northern,Western,Ring of Fire – Pacific,True,False,Unknown,,0.0,False,High,30.0,11,43.7,Frequently Active,100.0
126,1586,,,,,60328,263280.0,0603-28=,Kelud,Java,Indonesia,-7.935,112.314,1730,Stratovolcano,,10000.0,4.0,,True,False,True,Historical,D1,5.0,4.0,,,10000.0,,,,,,,,,,,,,,False,Asia,Asia,South-Eastern Asia,284438782.0,1904569.0,NOAA_NCEI_HazEL,1.0,2026-03-15,2026-03-15 23:49:32,1586-01-01,16th Century AD,1580s,Early Modern,,Paroxysmal,0.001,4.18e+17,20.0,Southern,Eastern,Sunda Arc – Indonesia,False,False,Unknown,,36.84,True,Very High,52.24,18,41.4,Frequently Active,100.0
61,1587,,,,,60325,263250.0,0603-25=,Merapi,Java,Indonesia,-7.54,110.446,2910,Stratovolcano,,,1.0,,True,False,True,Historical,D1,4.0,1.0,,,,,,,,,,,,,,,,,False,Asia,Asia,South-Eastern Asia,284438782.0,1904569.0,NOAA_NCEI_HazEL,1.0,2026-03-15,2026-03-15 23:49:32,1587-01-01,16th Century AD,1580s,Early Modern,,Cataclysmic,0.0001,4.18e+16,10.0,Southern,Eastern,Sunda Arc – Indonesia,False,False,Unknown,,0.0,False,High,30.0,28,15.9,Persistently Active,100.0
6584,1590,1.0,15.0,,,140104,341040.0,1401-04=,Colima,Mexico,Mexico,19.514,-103.62,3850,Stratovolcano,I,,3.0,,True,False,True,Historical,D1,3.0,3.0,,,,,,,,,,,,,,,,,False,North America,Americas,North America,130575786.0,1964375.0,NOAA_NCEI_HazEL,1.0,2026-03-15,2026-03-15 23:49:32,1590-01-15,16th Century AD,1590s,Early Modern,Winter,Severe,1e-05,4180000000000000.0,3.0,Northern,Western,Ring of Fire – Pacific,True,False,Unknown,Inundation / Lahar,0.0,False,Moderate,22.5,4,112.3,Moderately Active,100.0
294,1593,,,,,60334,263340.0,0603-34=,Raung,Java,Indonesia,-8.119,114.056,3260,Stratovolcano,,,3.0,,True,False,True,Historical,D1,5.0,3.0,,,,,,,,,,,,,,,,,False,Asia,Asia,South-Eastern Asia,284438782.0,1904569.0,NOAA_NCEI_HazEL,1.0,2026-03-15,2026-03-15 23:49:32,1593-01-01,16th Century AD,1590s,Early Modern,,Paroxysmal,0.001,4.18e+17,20.0,Southern,Eastern,Sunda Arc – Indonesia,False,False,Unknown,,0.0,False,Very High,37.5,5,56.0,Moderately Active,100.0
3830,1595,3.0,12.0,,,150102,351020.0,1501-02=,"Ruiz, Nevado del",Colombia,Colombia,4.892,-75.324,5279,Stratovolcano,M,636.0,3.0,,True,False,True,Historical,D1,4.0,3.0,,,636.0,,,,,,,,,,,,,,False,South America,Americas,South America,53057212.0,1141748.0,NOAA_NCEI_HazEL,1.0,2026-03-15,2026-03-15 23:49:32,1595-03-12,16th Century AD,1590s,Early Modern,Spring,Cataclysmic,0.0001,4.18e+16,10.0,Northern,Western,Ring of Fire – Pacific,True,False,Unknown,Mudflow / Lahar,25.83,True,High,40.33,3,195.0,Infrequently Active,100.0
1106,1596,5.0,1.0,,,80311,283110.0,0803-11=,Asamayama,Honshu-Japan,Japan,36.406,138.523,2568,Complex volcano,T,,3.0,,True,False,True,Historical,D1,2.0,3.0,,,,,,,,,,,,,,,,,False,Asia,Asia,Eastern Asia,123210000.0,377930.0,NOAA_NCEI_HazEL,1.0,2026-03-15,2026-03-15 23:49:32,1596-05-01,16th Century AD,1590s,Early Modern,Spring,Explosive,1e-06,418000000000000.0,1.0,Northern,Eastern,Japan Arc,False,True,Unknown,Tsunami Generated,0.0,False,Low,15.0,18,21.5,Frequently Active,100.0
4249,1597,1.0,3.0,,,170207,372070.0,1702-07=,Hekla,Iceland-S,Iceland,63.983,-19.666,1490,Stratovolcano,,,,1.0,True,False,True,Historical,D1,4.0,,1.0,,,,,,,,,,,,,,,,False,Europe,Europe,Northern Europe,391810.0,103000.0,NOAA_NCEI_HazEL,1.0,2026-03-15,2026-03-15 23:49:32,1597-01-03,16th Century AD,1590s,Early Modern,Winter,Cataclysmic,0.0001,4.18e+16,10.0,Northern,Western,Mid-Atlantic Ridge – Iceland,False,False,Unknown,,0.0,False,High,30.0,16,58.4,Frequently Active,100.0
295,1597,,,,,60334,263340.0,0603-34=,Raung,Java,Indonesia,-8.119,114.056,3260,Stratovolcano,T,,1.0,,True,False,True,Historical,D1,3.0,1.0,,,,,,,,,,,,,,,,,False,Asia,Asia,South-Eastern Asia,284438782.0,1904569.0,NOAA_NCEI_HazEL,1.0,2026-03-15,2026-03-15 23:49:32,1597-01-01,16th Century AD,1590s,Early Modern,,Severe,1e-05,4180000000000000.0,3.0,Southern,Eastern,Sunda Arc – Indonesia,False,False,Unknown,Tsunami Generated,0.0,False,Moderate,22.5,5,56.0,Moderately Active,100.0
4480,1598,5.0,13.0,,,80311,283110.0,0803-11=,Asamayama,Honshu-Japan,Japan,36.406,138.523,2568,Complex volcano,T,800.0,3.0,,True,False,True,Historical,D1,2.0,3.0,,,800.0,,,,,,,,,,,,,,False,Asia,Asia,Eastern Asia,123210000.0,377930.0,NOAA_NCEI_HazEL,1.0,2026-03-15,2026-03-15 23:49:32,1598-05-13,16th Century AD,1590s,Early Modern,Spring,Explosive,1e-06,418000000000000.0,1.0,Northern,Eastern,Japan Arc,False,True,Unknown,Tsunami Generated,26.74,True,Low,25.7,18,21.5,Frequently Active,100.0
472,1598,,,,,60509,265090.0,0605-09=,Banda Api,Banda Sea,Pacific Ocean,-4.523,129.881,596,Caldera,,,1.0,,True,False,True,Historical,D1,3.0,1.0,,,,,,,,,,,,,,,,,False,Oceania,Oceania,Melanesia,,,NOAA_NCEI_HazEL,1.0,2026-03-15,2026-03-15 23:49:32,1598-01-01,16th Century AD,1590s,Early Modern,,Severe,1e-05,4180000000000000.0,3.0,Southern,Eastern,Sunda Arc – Indonesia,False,True,Unknown,,0.0,False,Moderate,22.5,6,78.0,Moderately Active,100.0
4052,1600,2.0,19.0,,814.0,150403,354030.0,1504-03=,Huaynaputina,Peru,Peru,-16.614,-70.854,4679,Stratovolcano,,1500.0,4.0,,True,False,True,Historical,D5,6.0,4.0,,,1500.0,,,,,,,,,,,,,,False,South America,Americas,South America,34350244.0,1285216.0,NOAA_NCEI_HazEL,1.0,2026-03-15,2026-03-15 23:49:32,1600-02-19,16th Century AD,1600s,Early Modern,Winter,Colossal,0.01,4.18e+18,30.0,Southern,Western,Ring of Fire – Pacific,True,False,Unknown,,29.26,True,Extreme,56.7,1,,Single Record,100.0
2589,1606,1.0,23.0,219.0,,80405,284050.0,0804-05=,Hachijojima,Izu Is-Japan,Japan,33.137,139.766,854,Stratovolcano,,,,,True,False,True,Historical,D5,2.0,,,,,,,,,,,,,,,,,,True,Asia,Asia,Eastern Asia,123210000.0,377930.0,NOAA_NCEI_HazEL,1.0,2026-03-15,2026-03-15 23:49:32,1606-01-23,17th Century AD,1600s,Early Modern,Winter,Explosive,1e-06,418000000000000.0,1.0,Northern,Eastern,Japan Arc,False,True,Unknown,,0.0,False,Low,15.0,1,,Single Record,100.0
607,1608,7.0,18.0,222.0,,60806,268060.0,0608-06=,Gamalama,Halmahera-Indonesia,Indonesia,0.81,127.332,1714,Stratovolcano,,,1.0,1.0,True,False,True,Historical,D1,3.0,,1.0,,,,,,,,,,,,,,,,True,Asia,Asia,South-Eastern Asia,284438782.0,1904569.0,NOAA_NCEI_HazEL,1.0,2026-03-15,2026-03-15 23:49:32,1608-07-18,17th Century AD,1600s,Early Modern,Summer,Severe,1e-05,4180000000000000.0,3.0,Northern,Eastern,Sunda Arc – Indonesia,False,True,Unknown,,0.0,False,Moderate,22.5,10,45.1,Moderately Active,100.0
4466,1609,,,,,70511,275110.0,0705-11-,Tengchong,China-S,China,25.23,98.5,2865,Pyroclastic cone,E,,1.0,,True,False,True,Historical,D5,,1.0,,,,,,,,,,,,,,,,,False,Asia,Asia,Eastern Asia,1408280000.0,9706961.0,NOAA_NCEI_HazEL,1.0,2026-03-15,2026-03-15 23:49:32,1609-01-01,17th Century AD,1600s,Early Modern,,Unknown,,,,Northern,Eastern,Intraplate / Other,False,False,Unknown,E,0.0,False,Unknown,0.0,1,,Single Record,83.33
474,1615,3.0,,,,60509,265090.0,0605-09=,Banda Api,Banda Sea,Pacific Ocean,-4.523,129.881,596,Caldera,,,,2.0,True,False,True,Historical,D1,3.0,,2.0,2.0,,,,,,2.0,,,,,,,,,False,Oceania,Oceania,Melanesia,,,NOAA_NCEI_HazEL,1.0,2026-03-15,2026-03-15 23:49:32,1615-03-01,17th Century AD,1610s,Early Modern,Spring,Severe,1e-05,4180000000000000.0,3.0,Southern,Eastern,Sunda Arc – Indonesia,False,True,Unknown,,0.0,False,Moderate,22.5,6,78.0,Moderately Active,100.0
3546,1617,,,,,140209,342090.0,1402-09=,Fuego,Guatemala,Guatemala,14.473,-90.88,3763,Stratovolcano,,,,,True,False,True,Historical,D1,3.0,,,,,,,,,,,,,,,,,,False,North America,Americas,Central America,18079810.0,108889.0,NOAA_NCEI_HazEL,1.0,2026-03-15,2026-03-15 23:49:32,1617-01-01,17th Century AD,1610s,Early Modern,,Severe,1e-05,4180000000000000.0,3.0,Northern,Western,Ring of Fire – Pacific,True,False,Unknown,,0.0,False,Moderate,22.5,11,43.7,Frequently Active,100.0
4231,1625,9.0,2.0,,,170203,372030.0,1702-03=,Katla,Iceland-S,Iceland,63.633,-19.083,1490,Subglacial volcano,,,,,True,False,True,Historical,D2,5.0,,,,,,,,,,,,,,,,,,False,Europe,Europe,Northern Europe,391810.0,103000.0,NOAA_NCEI_HazEL,1.0,2026-03-15,2026-03-15 23:49:32,1625-09-02,17th Century AD,1620s,Early Modern,Autumn,Paroxysmal,0.001,4.18e+17,20.0,Northern,Western,Mid-Atlantic Ridge – Iceland,False,False,Unknown,,0.0,False,Very High,37.5,15,77.9,Frequently Active,100.0
4511,1629,,,,,170301,373010.0,1703-01=,Grimsvotn,Iceland-NE,Iceland,64.416,-17.316,1719,Caldera,F,4.0,1.0,,True,False,True,Historical,D1,2.0,1.0,,,4.0,,,,,,,,,,,,,,False,Europe,Europe,Northern Europe,391810.0,103000.0,NOAA_NCEI_HazEL,1.0,2026-03-15,2026-03-15 23:49:32,1629-01-01,17th Century AD,1620s,Early Modern,,Explosive,1e-06,418000000000000.0,1.0,Northern,Western,Mid-Atlantic Ridge – Iceland,False,False,Unknown,Fumarolic Activity,6.44,True,Low,17.58,7,61.2,Moderately Active,100.0
4362,1630,9.0,3.0,,,180210,382100.0,1802-10=,Furnas,Azores,Portugal,37.77,-25.32,805,Stratovolcano,"M,T",200.0,3.0,,True,False,True,Historical,D5,4.0,3.0,,,200.0,,,,,,,,,,,,,,False,Europe,Europe,Southern Europe,10749635.0,92090.0,NOAA_NCEI_HazEL,1.0,2026-03-15,2026-03-15 23:49:32,1630-09-03,17th Century AD,1630s,Early Modern,Autumn,Cataclysmic,0.0001,4.18e+16,10.0,Northern,Western,Intraplate / Other,False,True,Unknown,"M,T",21.21,True,High,38.48,1,,Single Record,100.0
43,1631,2.0,14.0,,920.0,201141,221141.0,0201-141,Dama Ali,Africa-NE,Ethiopia,11.28,41.63,1068,Shield volcano,S,50.0,1.0,2.0,True,False,True,Historical,D5,,1.0,2.0,,50.0,,,,,,,,,,,,,,False,Africa,Africa,Eastern Africa,111652998.0,1104300.0,NOAA_NCEI_HazEL,1.0,2026-03-15,2026-03-15 23:49:32,1631-02-14,17th Century AD,1630s,Early Modern,Winter,Unknown,,,,Northern,Eastern,East African Rift,False,False,Unknown,Submarine Eruption,15.73,True,Unknown,6.29,1,,Single Record,83.33
1349,1631,12.0,16.0,3129.0,9756.0,10102,211020.0,0101-02=,Vesuvius,Italy,Italy,40.821,14.426,1281,Complex volcano,"P,E,M",4000.0,4.0,4.0,True,False,True,Historical,D2,5.0,4.0,4.0,4.0,4000.0,,,,,4.0,,,,,,,,,True,Europe,Europe,Southern Europe,58927633.0,301336.0,NOAA_NCEI_HazEL,1.0,2026-03-15,2026-03-15 23:49:32,1631-12-16,17th Century AD,1630s,Early Modern,Winter,Paroxysmal,0.001,4.18e+17,20.0,Northern,Eastern,Mediterranean Volcanic Belt,False,False,Unknown,"P,E,M",33.18,True,Very High,50.77,18,256.7,Frequently Active,100.0
4250,1636,5.0,15.0,,,170207,372070.0,1702-07=,Hekla,Iceland-S,Iceland,63.983,-19.666,1490,Stratovolcano,,,,1.0,True,False,True,Historical,D1,3.0,,1.0,,,,,,,,,,,,,,,,False,Europe,Europe,Northern Europe,391810.0,103000.0,NOAA_NCEI_HazEL,1.0,2026-03-15,2026-03-15 23:49:32,1636-05-15,17th Century AD,1630s,Early Modern,Spring,Severe,1e-05,4180000000000000.0,3.0,Northern,Western,Mid-Atlantic Ridge – Iceland,False,False,Unknown,,0.0,False,Moderate,22.5,16,58.4,Frequently Active,100.0
296,1638,,,,,60334,263340.0,0603-34=,Raung,Java,Indonesia,-8.119,114.056,3260,Stratovolcano,M,1001.0,4.0,,True,False,True,Historical,D1,4.0,4.0,,,1001.0,,,,,,,,,,,,,,False,Asia,Asia,South-Eastern Asia,284438782.0,1904569.0,NOAA_NCEI_HazEL,1.0,2026-03-15,2026-03-15 23:49:32,1638-01-01,17th Century AD,1630s,Early Modern,,Cataclysmic,0.0001,4.18e+16,10.0,Southern,Eastern,Sunda Arc – Indonesia,False,False,Unknown,Mudflow / Lahar,27.64,True,High,41.06,5,56.0,Moderately Active,100.0
2676,1640,7.0,31.0,253.0,942.0,80502,285020.0,0805-02=,Hokkaido-Komagatake,Hokkaido-Japan,Japan,42.063,140.677,1131,Stratovolcano,W,700.0,3.0,1.0,True,False,True,Historical,D1,5.0,,,1.0,,,,,,,,20.0,,,,,,,True,Asia,Asia,Eastern Asia,123210000.0,377930.0,NOAA_NCEI_HazEL,1.0,2026-03-15,2026-03-15 23:49:32,1640-07-31,17th Century AD,1640s,Early Modern,Summer,Paroxysmal,0.001,4.18e+17,20.0,Northern,Eastern,Japan Arc,False,True,Unknown,Waves / Surges,26.21,True,Very High,47.98,3,144.5,Infrequently Active,100.0
3959,1640,,,,,150208,352080.0,1502-08=,Tungurahua,Ecuador,Ecuador,-1.467,-78.442,5023,Stratovolcano,P,5000.0,4.0,,True,False,True,Historical,D1,3.0,4.0,,4.0,5000.0,,,,,4.0,,,,,,,,,False,South America,Americas,South America,18103660.0,276841.0,NOAA_NCEI_HazEL,1.0,2026-03-15,2026-03-15 23:49:32,1640-01-01,17th Century AD,1640s,Early Modern,,Severe,1e-05,4180000000000000.0,3.0,Southern,Western,Ring of Fire – Pacific,True,False,Unknown,Phreatic / Phreatomagmatic,34.07,True,Moderate,36.13,11,302.1,Frequently Active,100.0
664,1646,7.0,19.0,5754.0,10519.0,60807,268070.0,0608-07=,Kie Besi,Halmahera-Indonesia,Indonesia,0.32,127.4,1357,Stratovolcano,P,,3.0,,True,False,True,Historical,D1,4.0,3.0,,,,,,,,,,,,,,,,,True,Asia,Asia,South-Eastern Asia,284438782.0,1904569.0,NOAA_NCEI_HazEL,1.0,2026-03-15,2026-03-15 23:49:32,1646-07-19,17th Century AD,1640s,Early Modern,Summer,Cataclysmic,0.0001,4.18e+16,10.0,Northern,Eastern,Sunda Arc – Indonesia,False,True,Unknown,Phreatic / Phreatomagmatic,0.0,False,High,30.0,5,85.0,Moderately Active,100.0
1356,1650,9.0,26.0,269.0,,10204,212040.0,0102-04=,Santorini,Greece,Greece,36.404,25.396,367,Shield volcano,"G,W,T",120.0,3.0,1.0,True,False,True,Historical,D2,4.0,3.0,1.0,,120.0,,,,,,,,,,,,,,True,Europe,Europe,Southern Europe,10400720.0,131990.0,NOAA_NCEI_HazEL,1.0,2026-03-15,2026-03-15 23:49:32,1650-09-26,17th Century AD,1650s,Early Modern,Autumn,Cataclysmic,0.0001,4.18e+16,10.0,Northern,Eastern,Mediterranean Volcanic Belt,False,False,Unknown,"G,W,T",19.18,True,High,37.67,8,505.1,Moderately Active,100.0
3662,1659,9.0,30.0,,6879.0,140305,343050.0,1403-05=,San Salvador,El Salvador,El Salvador,13.734,-89.294,1893,Stratovolcano,S,,,,True,False,True,Historical,D2,3.0,,,,,,,,,,,,,,,,,,False,North America,Americas,Central America,6029976.0,21041.0,NOAA_NCEI_HazEL,1.0,2026-03-15,2026-03-15 23:49:32,1659-09-30,17th Century AD,1650s,Early Modern,Autumn,Severe,1e-05,4180000000000000.0,3.0,Northern,Western,Ring of Fire – Pacific,True,False,Unknown,Submarine Eruption,0.0,False,Moderate,22.5,3,663.5,Infrequently Active,100.0
457,1659,11.0,11.0,285.0,,60505,265050.0,0605-05=,Teon,Banda Sea,Pacific Ocean,-6.976,129.144,728,Stratovolcano,,,,,True,False,True,Historical,D2,4.0,,,,,,,,,,,,,,,,,,True,Oceania,Oceania,Melanesia,,,NOAA_NCEI_HazEL,1.0,2026-03-15,2026-03-15 23:49:32,1659-11-11,17th Century AD,1650s,Early Modern,Autumn,Cataclysmic,0.0001,4.18e+16,10.0,Southern,Eastern,Sunda Arc – Indonesia,False,True,Unknown,,0.0,False,High,30.0,2,1.0,Infrequently Active,100.0
458,1660,2.0,,,,60505,265050.0,0605-05=,Teon,Banda Sea,Pacific Ocean,-6.976,129.144,728,Stratovolcano,"G,T",3.0,1.0,,True,False,True,Historical,D2,4.0,1.0,,,3.0,,,,,,,,,,,,,,False,Oceania,Oceania,Melanesia,,,NOAA_NCEI_HazEL,1.0,2026-03-15,2026-03-15 23:49:32,1660-02-01,17th Century AD,1660s,Early Modern,Winter,Cataclysmic,0.0001,4.18e+16,10.0,Southern,Eastern,Sunda Arc – Indonesia,False,True,Unknown,"G,T",5.55,True,High,32.22,2,1.0,Infrequently Active,100.0
3900,1660,10.0,27.0,,1017.0,150202,352020.0,1502-02=,Guagua Pichincha,Ecuador,Ecuador,-0.171,-78.598,4784,Stratovolcano,P,,,2.0,True,False,True,Historical,D1,4.0,,2.0,,,,,,,,,,,,,,,,False,South America,Americas,South America,18103660.0,276841.0,NOAA_NCEI_HazEL,1.0,2026-03-15,2026-03-15 23:49:32,1660-10-27,17th Century AD,1660s,Early Modern,Autumn,Cataclysmic,0.0001,4.18e+16,10.0,Southern,Western,Ring of Fire – Pacific,True,False,Unknown,Phreatic / Phreatomagmatic,0.0,False,High,30.0,3,169.5,Infrequently Active,100.0
4232,1660,11.0,3.0,,,170203,372030.0,1702-03=,Katla,Iceland-S,Iceland,63.633,-19.083,1490,Subglacial volcano,,,,1.0,True,False,True,Historical,D2,4.0,,1.0,,,,,,,,,,,,,,,,False,Europe,Europe,Northern Europe,391810.0,103000.0,NOAA_NCEI_HazEL,1.0,2026-03-15,2026-03-15 23:49:32,1660-11-03,17th Century AD,1660s,Early Modern,Autumn,Cataclysmic,0.0001,4.18e+16,10.0,Northern,Western,Mid-Atlantic Ridge – Iceland,False,False,Unknown,,0.0,False,High,30.0,15,77.9,Frequently Active,100.0
1357,1660,,,5482.0,,50105,251050.0,0501-05=,Long Island,New Guinea-NE of,Papua New Guinea,-5.358,147.12,1280,Complex volcano,"T,P,W,I",2000.0,4.0,3.0,True,False,True,Historical,D1,6.0,4.0,3.0,3.0,2000.0,,,,,3.0,,,,,,,,,True,Oceania,Oceania,Melanesia,11781559.0,462840.0,NOAA_NCEI_HazEL,1.0,2026-03-15,2026-03-15 23:49:32,1660-01-01,17th Century AD,1660s,Early Modern,,Colossal,0.01,4.18e+18,30.0,Southern,Eastern,Intraplate / Other,False,False,Unknown,"T,P,W,I",30.41,True,Extreme,57.16,2,3700.0,Infrequently Active,100.0
2693,1663,8.0,16.0,,,80503,285030.0,0805-03=,Toya,Hokkaido-Japan,Japan,42.544,140.839,733,Stratovolcano,"T,P",5.0,1.0,,True,False,True,Historical,D1,5.0,1.0,,,5.0,,,,,,,,,,,,,,False,Asia,Asia,Eastern Asia,123210000.0,377930.0,NOAA_NCEI_HazEL,1.0,2026-03-15,2026-03-15 23:49:32,1663-08-16,17th Century AD,1660s,Early Modern,Summer,Paroxysmal,0.001,4.18e+17,20.0,Northern,Eastern,Japan Arc,False,True,Unknown,"T,P",7.17,True,Very High,40.37,8,45.0,Moderately Active,100.0
4476,1664,4.0,15.0,,,80210,282100.0,0802-10=,Unzendake,Kyushu-Japan,Japan,32.761,130.299,1483,Complex volcano,m,30.0,1.0,,True,False,True,Historical,D1,2.0,1.0,,,30.0,,,,,,,,,,,,,,False,Asia,Asia,Eastern Asia,123210000.0,377930.0,NOAA_NCEI_HazEL,1.0,2026-03-15,2026-03-15 23:49:32,1664-04-15,17th Century AD,1660s,Early Modern,Spring,Explosive,1e-06,418000000000000.0,1.0,Northern,Eastern,Japan Arc,False,True,Unknown,Mudflow / Lahar,13.74,True,Low,20.5,5,82.2,Moderately Active,100.0
4467,1664,,,293.0,,80202,282020.0,0802-02=,Io-Torishima,Ryukyu Is,Japan,27.881,128.223,212,Complex volcano,A,,1.0,1.0,True,False,True,Historical,D1,,1.0,,1.0,,,,,,,,,,,,,,,True,Asia,Asia,Eastern Asia,123210000.0,377930.0,NOAA_NCEI_HazEL,1.0,2026-03-15,2026-03-15 23:49:32,1664-01-01,17th Century AD,1660s,Early Modern,,Unknown,,,,Northern,Eastern,Japan Arc,False,False,Unknown,Ash / Tephra,0.0,False,Unknown,0.0,1,,Single Record,83.33
1350,1669,3.0,11.0,,1057.0,10106,211060.0,0101-06=,Etna,Italy,Italy,37.748,14.999,3357,Stratovolcano,,,3.0,,True,False,True,Historical,D1,3.0,3.0,,,,,,,,,,,,,,,,,False,Europe,Europe,Southern Europe,58927633.0,301336.0,NOAA_NCEI_HazEL,1.0,2026-03-15,2026-03-15 23:49:32,1669-03-11,17th Century AD,1660s,Early Modern,Spring,Severe,1e-05,4180000000000000.0,3.0,Northern,Eastern,Mediterranean Volcanic Belt,False,False,Unknown,,0.0,False,Moderate,22.5,25,90.0,Frequently Active,100.0
6246,1669,3.0,19.0,,,10106,211060.0,0101-06=,Etna,Italy,Italy,37.748,14.999,3357,Stratovolcano,L,2.0,1.0,,True,False,True,Historical,D1,3.0,1.0,,,2.0,5.0,1.0,5.0,1.0,,,,,,,,,,False,Europe,Europe,Southern Europe,58927633.0,301336.0,NOAA_NCEI_HazEL,1.0,2026-03-15,2026-03-15 23:49:32,1669-03-19,17th Century AD,1660s,Early Modern,Spring,Severe,1e-05,4180000000000000.0,3.0,Northern,Eastern,Mediterranean Volcanic Belt,False,False,Unknown,Lava Flow,7.98,True,Moderate,25.69,25,90.0,Frequently Active,100.0
4447,1670,,,,,50703,257030.0,0507-03=,Ambae,Vanuatu-SW Pacific,Vanuatu,-15.389,167.835,1496,Shield volcano,L,,3.0,,True,False,True,Historical,D1,2.0,3.0,,,,,,,,,,,,,,,,,False,Oceania,Oceania,Melanesia,321409.0,12189.0,NOAA_NCEI_HazEL,1.0,2026-03-15,2026-03-15 23:49:32,1670-01-01,17th Century AD,1670s,Early Modern,,Explosive,1e-06,418000000000000.0,1.0,Southern,Eastern,Ring of Fire – Pacific,True,True,Unknown,Lava Flow,0.0,False,Low,15.0,5,87.0,Moderately Active,100.0
4339,1672,4.0,24.0,,,180201,382010.0,1802-01=,Fayal,Azores,Portugal,38.576,-28.713,1041,Stratovolcano,,3.0,1.0,,True,False,True,Historical,D2,2.0,1.0,,,3.0,,,,,,,,,,,,,,False,Europe,Europe,Southern Europe,10749635.0,92090.0,NOAA_NCEI_HazEL,1.0,2026-03-15,2026-03-15 23:49:32,1672-04-24,17th Century AD,1670s,Early Modern,Spring,Explosive,1e-06,418000000000000.0,1.0,Northern,Western,Intraplate / Other,False,True,Unknown,,5.55,True,Low,17.22,1,,Single Record,100.0
64,1672,8.0,4.0,,,60325,263250.0,0603-25=,Merapi,Java,Indonesia,-7.54,110.446,2910,Stratovolcano,P,3000.0,4.0,,True,False,True,Historical,D1,3.0,4.0,,,3000.0,,,,,,,,,,,,,,False,Asia,Asia,South-Eastern Asia,284438782.0,1904569.0,NOAA_NCEI_HazEL,1.0,2026-03-15,2026-03-15 23:49:32,1672-08-04,17th Century AD,1670s,Early Modern,Summer,Severe,1e-05,4180000000000000.0,3.0,Southern,Eastern,Sunda Arc – Indonesia,False,False,Unknown,Phreatic / Phreatomagmatic,32.03,True,Moderate,35.31,28,15.9,Persistently Active,100.0
599,1673,5.0,20.0,312.0,,60804,268040.0,0608-04=,Gamkonora,Halmahera-Indonesia,Indonesia,1.38,127.53,1635,Stratovolcano,W,,3.0,1.0,True,False,True,Historical,D1,5.0,,1.0,1.0,,,,,,1.0,,,,,,,,,True,Asia,Asia,South-Eastern Asia,284438782.0,1904569.0,NOAA_NCEI_HazEL,1.0,2026-03-15,2026-03-15 23:49:32,1673-05-20,17th Century AD,1670s,Early Modern,Spring,Paroxysmal,0.001,4.18e+17,20.0,Northern,Eastern,Sunda Arc – Indonesia,False,True,Unknown,Waves / Surges,0.0,False,Very High,37.5,2,109.0,Infrequently Active,100.0
4367,1677,11.0,22.0,,,180301,383010.0,1803-01-,La Palma,Canary Is,Spain,28.57,-17.83,2426,Stratovolcano,G,1.0,1.0,,True,False,True,Historical,D1,2.0,1.0,,,1.0,,,,,,,,,,,,,,False,Europe,Europe,Southern Europe,49315949.0,505992.0,NOAA_NCEI_HazEL,1.0,2026-03-15,2026-03-15 23:49:32,1677-11-22,17th Century AD,1670s,Early Modern,Autumn,Explosive,1e-06,418000000000000.0,1.0,Northern,Western,Canary Islands – Atlantic Hot Spot,False,True,Unknown,Gas / SO₂ Emissions,2.77,True,Low,16.11,3,172.0,Infrequently Active,100.0
4969,1679,9.0,21.0,,8202.0,201021,221021.0,0201-021,Zukur,Red Sea,Yemen,14.02,42.75,624,Shield volcano,,,,,True,False,True,Holocene,U,,,,,,,,,,,,,,,,,,,False,Asia,Asia,Western Asia,32684503.0,527968.0,NOAA_NCEI_HazEL,1.0,2026-03-15,2026-03-15 23:49:32,1679-09-21,17th Century AD,1670s,Early Modern,Autumn,Unknown,,,,Northern,Eastern,East African Rift,False,False,Unknown,,0.0,False,Unknown,0.0,1,,Single Record,83.33
23,1682,8.0,12.0,,,10102,211020.0,0101-02=,Vesuvius,Italy,Italy,40.821,14.426,1281,Complex volcano,,4.0,1.0,,True,False,True,Historical,D2,3.0,1.0,,,4.0,,,,,,,,,,,,,,False,Europe,Europe,Southern Europe,58927633.0,301336.0,NOAA_NCEI_HazEL,1.0,2026-03-15,2026-03-15 23:49:32,1682-08-12,17th Century AD,1680s,Early Modern,Summer,Severe,1e-05,4180000000000000.0,3.0,Northern,Eastern,Mediterranean Volcanic Belt,False,False,Unknown,,6.44,True,Moderate,25.08,18,256.7,Frequently Active,100.0
4275,1684,12.0,,,,170301,373010.0,1703-01=,Grimsvotn,Iceland-NE,Iceland,64.416,-17.316,1719,Caldera,F,1.0,1.0,,True,False,True,Historical,D1,2.0,1.0,,,1.0,,,,,,,,,,,,,,False,Europe,Europe,Northern Europe,391810.0,103000.0,NOAA_NCEI_HazEL,1.0,2026-03-15,2026-03-15 23:49:32,1684-12-01,17th Century AD,1680s,Early Modern,Winter,Explosive,1e-06,418000000000000.0,1.0,Northern,Western,Mid-Atlantic Ridge – Iceland,False,False,Unknown,Fumarolic Activity,2.77,True,Low,16.11,7,61.2,Moderately Active,100.0
4847,1690,2.0,3.0,3138.0,,10102,211020.0,0101-02=,Vesuvius,Italy,Italy,40.821,14.426,1281,Complex volcano,W,,,,True,False,True,Historical,D2,3.0,,,,,,,,,,,,,,,,,,True,Europe,Europe,Southern Europe,58927633.0,301336.0,NOAA_NCEI_HazEL,1.0,2026-03-15,2026-03-15 23:49:32,1690-02-03,17th Century AD,1690s,Early Modern,Winter,Severe,1e-05,4180000000000000.0,3.0,Northern,Eastern,Mediterranean Volcanic Belt,False,False,Unknown,Waves / Surges,0.0,False,Moderate,22.5,18,256.7,Frequently Active,100.0
2505,1690,,,,,60313,263130.0,0603-13=,Guntur,Java,Indonesia,-7.143,107.841,2251,Complex volcano,,,1.0,,True,False,True,Historical,D3,3.0,1.0,,,,,,,,,,,,,,,,,False,Asia,Asia,South-Eastern Asia,284438782.0,1904569.0,NOAA_NCEI_HazEL,1.0,2026-03-15,2026-03-15 23:49:32,1690-01-01,17th Century AD,1690s,Early Modern,,Severe,1e-05,4180000000000000.0,3.0,Southern,Eastern,Sunda Arc – Indonesia,False,False,Unknown,,0.0,False,Moderate,22.5,3,69.5,Infrequently Active,100.0
466,1692,6.0,4.0,,,60507,265070.0,0605-07=,Serua,Banda Sea,Pacific Ocean,-6.312,130.017,608,Stratovolcano,L,,2.0,,True,False,True,Historical,D2,4.0,2.0,,,,,,,,,,,,,,,,,False,Oceania,Oceania,Melanesia,,,NOAA_NCEI_HazEL,1.0,2026-03-15,2026-03-15 23:49:32,1692-06-04,17th Century AD,1690s,Early Modern,Summer,Cataclysmic,0.0001,4.18e+16,10.0,Southern,Eastern,Sunda Arc – Indonesia,False,True,Unknown,Lava Flow,0.0,False,High,30.0,1,,Single Record,100.0
4724,1693,1.0,9.0,,1129.0,10106,211060.0,0101-06=,Etna,Italy,Italy,37.748,14.999,3357,Stratovolcano,,,,,True,False,True,Historical,D1,,,,,,,,,,,,,,,,,,,False,Europe,Europe,Southern Europe,58927633.0,301336.0,NOAA_NCEI_HazEL,1.0,2026-03-15,2026-03-15 23:49:32,1693-01-09,17th Century AD,1690s,Early Modern,Winter,Unknown,,,,Northern,Eastern,Mediterranean Volcanic Belt,False,False,Unknown,,0.0,False,Unknown,0.0,25,90.0,Frequently Active,83.33
4251,1693,2.0,13.0,347.0,,170207,372070.0,1702-07=,Hekla,Iceland-S,Iceland,63.983,-19.666,1490,Stratovolcano,,,,,True,False,True,Historical,D1,4.0,,,,,,,,,,,,,,,,,,True,Europe,Europe,Northern Europe,391810.0,103000.0,NOAA_NCEI_HazEL,1.0,2026-03-15,2026-03-15 23:49:32,1693-02-13,17th Century AD,1690s,Early Modern,Winter,Cataclysmic,0.0001,4.18e+16,10.0,Northern,Western,Mid-Atlantic Ridge – Iceland,False,False,Unknown,,0.0,False,High,30.0,16,58.4,Frequently Active,100.0
477,1694,11.0,20.0,,,60509,265090.0,0605-09=,Banda Api,Banda Sea,Pacific Ocean,-4.523,129.881,596,Caldera,,,2.0,,True,False,True,Historical,D1,3.0,2.0,,,,,,,,,,,,,,,,,False,Oceania,Oceania,Melanesia,,,NOAA_NCEI_HazEL,1.0,2026-03-15,2026-03-15 23:49:32,1694-11-20,17th Century AD,1690s,Early Modern,Autumn,Severe,1e-05,4180000000000000.0,3.0,Southern,Eastern,Sunda Arc – Indonesia,False,True,Unknown,,0.0,False,Moderate,22.5,6,78.0,Moderately Active,100.0
1380,1698,5.0,,3141.0,,10102,211020.0,0101-02=,Vesuvius,Italy,Italy,40.821,14.426,1281,Complex volcano,,,,,True,False,True,Historical,D2,3.0,,,,,,,,,,,,,,,,,,True,Europe,Europe,Southern Europe,58927633.0,301336.0,NOAA_NCEI_HazEL,1.0,2026-03-15,2026-03-15 23:49:32,1698-05-01,17th Century AD,1690s,Early Modern,Spring,Severe,1e-05,4180000000000000.0,3.0,Northern,Eastern,Mediterranean Volcanic Belt,False,False,Unknown,,0.0,False,Moderate,22.5,18,256.7,Frequently Active,100.0
2527,1698,,,,,60317,263170.0,0603-17=,Ciremai,Java,Indonesia,-6.895,108.408,3039,Stratovolcano,,,1.0,,True,False,True,Historical,D2,3.0,1.0,,,,,,,,,,,,,,,,,False,Asia,Asia,South-Eastern Asia,284438782.0,1904569.0,NOAA_NCEI_HazEL,1.0,2026-03-15,2026-03-15 23:49:32,1698-01-01,17th Century AD,1690s,Early Modern,,Severe,1e-05,4180000000000000.0,3.0,Southern,Eastern,Sunda Arc – Indonesia,False,False,Unknown,,0.0,False,Moderate,22.5,1,,Single Record,100.0
4503,1698,,,,,150205,352050.0,1502-05=,Cotopaxi,Ecuador,Ecuador,-0.677,-78.436,5911,Stratovolcano,M,,2.0,,True,False,True,Historical,D2,3.0,2.0,,,,,,,,,,,,,,,,,False,South America,Americas,South America,18103660.0,276841.0,NOAA_NCEI_HazEL,1.0,2026-03-15,2026-03-15 23:49:32,1698-01-01,17th Century AD,1690s,Early Modern,,Severe,1e-05,4180000000000000.0,3.0,Southern,Western,Ring of Fire – Pacific,True,False,Unknown,Mudflow / Lahar,0.0,False,Moderate,22.5,6,466.4,Moderately Active,100.0
4374,1706,5.0,5.0,375.0,,180303,383030.0,1803-03-,Tenerife,Canary Is,Spain,28.271,-16.641,3715,Stratovolcano,,,,3.0,True,False,True,Historical,D2,2.0,,3.0,,,,,,,,,,,,,,,,True,Europe,Europe,Southern Europe,49315949.0,505992.0,NOAA_NCEI_HazEL,1.0,2026-03-15,2026-03-15 23:49:32,1706-05-05,18th Century AD,1700s,Early Modern,Spring,Explosive,1e-06,418000000000000.0,1.0,Northern,Western,Canary Islands – Atlantic Hot Spot,False,True,Unknown,,0.0,False,Low,15.0,1,,Single Record,100.0
4848,1707,5.0,,3148.0,,10204,212040.0,0102-04=,Santorini,Greece,Greece,36.404,25.396,367,Shield volcano,,,,,True,False,True,Historical,D2,3.0,,,,,,,,,,,,,,,,,,True,Europe,Europe,Southern Europe,10400720.0,131990.0,NOAA_NCEI_HazEL,1.0,2026-03-15,2026-03-15 23:49:32,1707-05-01,18th Century AD,1700s,Early Modern,Spring,Severe,1e-05,4180000000000000.0,3.0,Northern,Eastern,Mediterranean Volcanic Belt,False,False,Unknown,,0.0,False,Moderate,22.5,8,505.1,Moderately Active,100.0
1065,1707,12.0,16.0,,1178.0,80303,283030.0,0803-03=,Fujisan,Honshu-Japan,Japan,35.361,138.728,3776,Stratovolcano,,,1.0,1.0,True,False,True,Historical,D4,4.0,1.0,1.0,1.0,,,,,,1.0,75.0,75.0,,,,,,,False,Asia,Asia,Eastern Asia,123210000.0,377930.0,NOAA_NCEI_HazEL,1.0,2026-03-15,2026-03-15 23:49:32,1707-12-16,18th Century AD,1700s,Early Modern,Winter,Cataclysmic,0.0001,4.18e+16,10.0,Northern,Eastern,Japan Arc,False,True,Unknown,,0.0,False,High,30.0,1,,Single Record,100.0
578,1711,12.0,11.0,,,60704,267040.0,0607-04=,Awu,Sangihe Is-Indonesia,Indonesia,3.689,125.447,1318,Stratovolcano,P,3000.0,4.0,,True,False,True,Historical,D1,3.0,4.0,,,3000.0,,,,,,,,,,,,,,False,Asia,Asia,South-Eastern Asia,284438782.0,1904569.0,NOAA_NCEI_HazEL,1.0,2026-03-15,2026-03-15 23:49:32,1711-12-11,18th Century AD,1710s,Early Modern,Winter,Severe,1e-05,4180000000000000.0,3.0,Northern,Eastern,Sunda Arc – Indonesia,False,True,Unknown,Phreatic / Phreatomagmatic,32.03,True,Moderate,35.31,6,51.0,Moderately Active,100.0
5151,1712,1.0,15.0,,,170303,373030.0,1703-03=,Bardarbunga,Iceland-NE,Iceland,64.633,-17.516,2000,Stratovolcano,,,,1.0,True,False,True,Historical,D2,2.0,,1.0,,,,,,,,,,,,,,,,False,Europe,Europe,Northern Europe,391810.0,103000.0,NOAA_NCEI_HazEL,1.0,2026-03-15,2026-03-15 23:49:32,1712-01-15,18th Century AD,1710s,Early Modern,Winter,Explosive,1e-06,418000000000000.0,1.0,Northern,Western,Mid-Atlantic Ridge – Iceland,False,False,Unknown,,0.0,False,Low,15.0,6,50.4,Moderately Active,100.0
4849,1714,6.0,30.0,3150.0,,10102,211020.0,0101-02=,Vesuvius,Italy,Italy,40.821,14.426,1281,Complex volcano,,,,,True,False,True,Historical,D2,,,,,,,,,,,,,,,,,,,True,Europe,Europe,Southern Europe,58927633.0,301336.0,NOAA_NCEI_HazEL,1.0,2026-03-15,2026-03-15 23:49:32,1714-06-30,18th Century AD,1710s,Early Modern,Summer,Unknown,,,,Northern,Eastern,Mediterranean Volcanic Belt,False,False,Unknown,,0.0,False,Unknown,0.0,18,256.7,Frequently Active,83.33
128,1716,7.0,20.0,,,60328,263280.0,0603-28=,Kelud,Java,Indonesia,-7.935,112.314,1730,Stratovolcano,M,,1.0,,True,False,True,Historical,D1,2.0,1.0,,,,,,,,,,,,,,,,,False,Asia,Asia,South-Eastern Asia,284438782.0,1904569.0,NOAA_NCEI_HazEL,1.0,2026-03-15,2026-03-15 23:49:32,1716-07-20,18th Century AD,1710s,Early Modern,Summer,Explosive,1e-06,418000000000000.0,1.0,Southern,Eastern,Sunda Arc – Indonesia,False,False,Unknown,Mudflow / Lahar,0.0,False,Low,15.0,18,41.4,Frequently Active,100.0
752,1716,9.0,24.0,387.0,1205.0,70307,273070.0,0703-07=,Taal,Luzon-Philippines,Philippines,14.011,120.998,311,Stratovolcano,,,1.0,3.0,True,False,True,Historical,D1,4.0,1.0,,3.0,,,,,,,,,,,,,,,True,Asia,Asia,South-Eastern Asia,114123600.0,342353.0,NOAA_NCEI_HazEL,1.0,2026-03-15,2026-03-15 23:49:32,1716-09-24,18th Century AD,1710s,Early Modern,Autumn,Cataclysmic,0.0001,4.18e+16,10.0,Northern,Eastern,Philippine Arc,False,True,Unknown,,0.0,False,High,30.0,9,700.0,Moderately Active,100.0
5152,1716,10.0,5.0,,,170303,373030.0,1703-03=,Bardarbunga,Iceland-NE,Iceland,64.633,-17.516,2000,Stratovolcano,,,,1.0,True,False,True,Historical,D2,2.0,,1.0,,,,,,,,,,,,,,,,False,Europe,Europe,Northern Europe,391810.0,103000.0,NOAA_NCEI_HazEL,1.0,2026-03-15,2026-03-15 23:49:32,1716-10-05,18th Century AD,1710s,Early Modern,Autumn,Explosive,1e-06,418000000000000.0,1.0,Northern,Western,Mid-Atlantic Ridge – Iceland,False,False,Unknown,,0.0,False,Low,15.0,6,50.4,Moderately Active,100.0
915,1716,11.0,9.0,,,80209,282090.0,0802-09=,Kirishimayama,Kyushu-Japan,Japan,31.934,130.862,1700,Shield volcano,,1.0,1.0,,True,False,True,Historical,D1,3.0,1.0,,,1.0,31.0,1.0,31.0,1.0,,,,,,,,,,False,Asia,Asia,Eastern Asia,123210000.0,377930.0,NOAA_NCEI_HazEL,1.0,2026-03-15,2026-03-15 23:49:32,1716-11-09,18th Century AD,1710s,Early Modern,Autumn,Severe,1e-05,4180000000000000.0,3.0,Northern,Eastern,Japan Arc,False,True,Unknown,,9.7,True,Moderate,26.38,9,55.6,Moderately Active,100.0
916,1717,2.0,7.0,,,80209,282090.0,0802-09=,Kirishimayama,Kyushu-Japan,Japan,31.934,130.862,1700,Shield volcano,,1.0,1.0,,True,False,True,Historical,D1,3.0,1.0,,,1.0,30.0,1.0,30.0,1.0,,,,,,,,,,False,Asia,Asia,Eastern Asia,123210000.0,377930.0,NOAA_NCEI_HazEL,1.0,2026-03-15,2026-03-15 23:49:32,1717-02-07,18th Century AD,1710s,Early Modern,Winter,Severe,1e-05,4180000000000000.0,3.0,Northern,Eastern,Japan Arc,False,True,Unknown,,9.64,True,Moderate,26.36,9,55.6,Moderately Active,100.0
5153,1717,8.0,4.0,,,170303,373030.0,1703-03=,Bardarbunga,Iceland-NE,Iceland,64.633,-17.516,2000,Stratovolcano,,,,1.0,True,False,True,Historical,D2,3.0,,1.0,,,,,,,,,,,,,,,,False,Europe,Europe,Northern Europe,391810.0,103000.0,NOAA_NCEI_HazEL,1.0,2026-03-15,2026-03-15 23:49:32,1717-08-04,18th Century AD,1710s,Early Modern,Summer,Severe,1e-05,4180000000000000.0,3.0,Northern,Western,Mid-Atlantic Ridge – Iceland,False,False,Unknown,,0.0,False,Moderate,22.5,6,50.4,Moderately Active,100.0
3551,1717,8.0,27.0,6032.0,10893.0,140209,342090.0,1402-09=,Fuego,Guatemala,Guatemala,14.473,-90.88,3763,Stratovolcano,S,,2.0,3.0,True,False,True,Historical,D1,4.0,,1.0,4.0,,,,,,,,3000.0,,,,,,,True,North America,Americas,Central America,18079810.0,108889.0,NOAA_NCEI_HazEL,1.0,2026-03-15,2026-03-15 23:49:32,1717-08-27,18th Century AD,1710s,Early Modern,Summer,Cataclysmic,0.0001,4.18e+16,10.0,Northern,Western,Ring of Fire – Pacific,True,False,Unknown,Submarine Eruption,0.0,False,High,30.0,11,43.7,Frequently Active,100.0
4342,1718,2.0,1.0,,,180202,382020.0,1802-02=,Pico,Azores,Portugal,38.47,-28.4,2351,Stratovolcano,,2.0,1.0,,True,False,True,Historical,D4,2.0,1.0,,,2.0,,,,,,,,,,,,,,False,Europe,Europe,Southern Europe,10749635.0,92090.0,NOAA_NCEI_HazEL,1.0,2026-03-15,2026-03-15 23:49:32,1718-02-01,18th Century AD,1710s,Early Modern,Winter,Explosive,1e-06,418000000000000.0,1.0,Northern,Western,Intraplate / Other,False,True,Unknown,,4.39,True,Low,16.76,1,,Single Record,100.0
4233,1721,5.0,11.0,,,170203,372030.0,1702-03=,Katla,Iceland-S,Iceland,63.633,-19.083,1490,Subglacial volcano,,,,1.0,True,False,True,Historical,D2,5.0,,1.0,,,,,,,,,,,,,,,,False,Europe,Europe,Northern Europe,391810.0,103000.0,NOAA_NCEI_HazEL,1.0,2026-03-15,2026-03-15 23:49:32,1721-05-11,18th Century AD,1720s,Early Modern,Spring,Paroxysmal,0.001,4.18e+17,20.0,Northern,Western,Mid-Atlantic Ridge – Iceland,False,False,Unknown,,0.0,False,Very High,37.5,15,77.9,Frequently Active,100.0
1133,1721,6.0,22.0,,,80311,283110.0,0803-11=,Asamayama,Honshu-Japan,Japan,36.406,138.523,2568,Complex volcano,T,15.0,1.0,,True,False,True,Historical,D1,1.0,1.0,,,15.0,,,,,,,,,,,,,,False,Asia,Asia,Eastern Asia,123210000.0,377930.0,NOAA_NCEI_HazEL,1.0,2026-03-15,2026-03-15 23:49:32,1721-06-22,18th Century AD,1720s,Early Modern,Summer,Gentle,1e-07,41800000000000.0,0.3,Northern,Eastern,Japan Arc,False,True,Unknown,Tsunami Generated,11.09,True,Minimal,11.94,18,21.5,Frequently Active,100.0
5154,1726,2.0,1.0,,,170303,373030.0,1703-03=,Bardarbunga,Iceland-NE,Iceland,64.633,-17.516,2000,Stratovolcano,,,,1.0,True,False,True,Historical,D2,1.0,,1.0,,,,,,,,,,,,,,,,False,Europe,Europe,Northern Europe,391810.0,103000.0,NOAA_NCEI_HazEL,1.0,2026-03-15,2026-03-15 23:49:32,1726-02-01,18th Century AD,1720s,Early Modern,Winter,Gentle,1e-07,41800000000000.0,0.3,Northern,Western,Mid-Atlantic Ridge – Iceland,False,False,Unknown,,0.0,False,Minimal,7.5,6,50.4,Moderately Active,100.0
4327,1727,8.0,3.0,,,170401,374010.0,1704-01=,Oraefajokull,Iceland-SE,Iceland,64.0,-16.65,2010,Stratovolcano,F,3.0,1.0,,True,False,True,Historical,D4,4.0,1.0,,,3.0,,,,,,,,,,,,,,False,Europe,Europe,Northern Europe,391810.0,103000.0,NOAA_NCEI_HazEL,1.0,2026-03-15,2026-03-15 23:49:32,1727-08-03,18th Century AD,1720s,Early Modern,Summer,Cataclysmic,0.0001,4.18e+16,10.0,Northern,Western,Mid-Atlantic Ridge – Iceland,False,False,Unknown,Fumarolic Activity,5.55,True,High,32.22,2,365.0,Infrequently Active,100.0
5155,1729,2.0,1.0,,,170303,373030.0,1703-03=,Bardarbunga,Iceland-NE,Iceland,64.633,-17.516,2000,Stratovolcano,,,,1.0,True,False,True,Historical,D2,1.0,,1.0,,,,,,,,,,,,,,,,False,Europe,Europe,Northern Europe,391810.0,103000.0,NOAA_NCEI_HazEL,1.0,2026-03-15,2026-03-15 23:49:32,1729-02-01,18th Century AD,1720s,Early Modern,Winter,Gentle,1e-07,41800000000000.0,0.3,Northern,Western,Mid-Atlantic Ridge – Iceland,False,False,Unknown,,0.0,False,Minimal,7.5,6,50.4,Moderately Active,100.0
4316,1729,6.0,30.0,,,170308,373080.0,1703-08=,Krafla,Iceland-NE,Iceland,65.715,-16.728,800,Caldera,,,,1.0,True,False,True,Historical,D1,2.0,,1.0,,,,,,,,,,,,,,,,False,Europe,Europe,Northern Europe,391810.0,103000.0,NOAA_NCEI_HazEL,1.0,2026-03-15,2026-03-15 23:49:32,1729-06-30,18th Century AD,1720s,Early Modern,Summer,Explosive,1e-06,418000000000000.0,1.0,Northern,Western,Mid-Atlantic Ridge – Iceland,False,False,Unknown,,0.0,False,Low,15.0,2,248.0,Infrequently Active,100.0
4377,1730,9.0,1.0,,,180306,383060.0,1803-06-,Lanzarote,Canary Is,Spain,29.03,-13.63,670,Fissure vent,,,1.0,,True,False,True,Historical,D3,2.0,1.0,,,,,,,,,,,,,,,,,False,Europe,Europe,Southern Europe,49315949.0,505992.0,NOAA_NCEI_HazEL,1.0,2026-03-15,2026-03-15 23:49:32,1730-09-01,18th Century AD,1730s,Early Modern,Autumn,Explosive,1e-06,418000000000000.0,1.0,Northern,Western,Canary Islands – Atlantic Hot Spot,False,True,Unknown,,0.0,False,Low,15.0,1,,Single Record,100.0
297,1730,,,,,60334,263340.0,0603-34=,Raung,Java,Indonesia,-8.119,114.056,3260,Stratovolcano,"M,T",,3.0,,True,False,True,Historical,D1,3.0,3.0,,,,,,,,,,,,,,,,,False,Asia,Asia,South-Eastern Asia,284438782.0,1904569.0,NOAA_NCEI_HazEL,1.0,2026-03-15,2026-03-15 23:49:32,1730-01-01,18th Century AD,1730s,Early Modern,,Severe,1e-05,4180000000000000.0,3.0,Southern,Eastern,Sunda Arc – Indonesia,False,False,Unknown,"M,T",0.0,False,Moderate,22.5,5,56.0,Moderately Active,100.0
4490,1730,,,,,120010,320100.0,1200-10-,Tseax River Cone,Canada,Canada,55.111,-128.899,612,Pyroclastic cone,G,,1.0,,True,False,True,Radiocarbon,D4,,1.0,,,,,,,,,,,,,,,,,False,North America,Americas,North America,41651653.0,9984670.0,NOAA_NCEI_HazEL,1.0,2026-03-15,2026-03-15 23:49:32,1730-01-01,18th Century AD,1730s,Early Modern,,Unknown,,,,Northern,Western,Ring of Fire – Pacific,True,False,Unknown,Gas / SO₂ Emissions,0.0,False,Unknown,0.0,1,,Single Record,83.33
17,1737,5.0,20.0,,,10102,211020.0,0101-02=,Vesuvius,Italy,Italy,40.821,14.426,1281,Complex volcano,T,2.0,1.0,2.0,True,False,True,Historical,D2,3.0,1.0,2.0,,2.0,,,,,,,,,,,,,,False,Europe,Europe,Southern Europe,58927633.0,301336.0,NOAA_NCEI_HazEL,1.0,2026-03-15,2026-03-15 23:49:32,1737-05-20,18th Century AD,1730s,Early Modern,Spring,Severe,1e-05,4180000000000000.0,3.0,Northern,Eastern,Mediterranean Volcanic Belt,False,False,Unknown,Tsunami Generated,4.39,True,Moderate,24.26,18,256.7,Frequently Active,100.0
2673,1741,8.0,23.0,419.0,,80501,285010.0,0805-01=,Oshima-Oshima,Hokkaido-Japan,Japan,41.51,139.367,732,Stratovolcano,"W,S",2000.0,4.0,3.0,True,False,True,Historical,D4,4.0,,,3.0,,,,,,,,871.0,,,,,,,True,Asia,Asia,Eastern Asia,123210000.0,377930.0,NOAA_NCEI_HazEL,1.0,2026-03-15,2026-03-15 23:49:32,1741-08-23,18th Century AD,1740s,Early Modern,Summer,Cataclysmic,0.0001,4.18e+16,10.0,Northern,Eastern,Japan Arc,False,True,Unknown,"W,S",30.41,True,High,42.16,1,,Single Record,100.0
3918,1742,6.0,15.0,,,150205,352050.0,1502-05=,Cotopaxi,Ecuador,Ecuador,-0.677,-78.436,5911,Stratovolcano,M,,3.0,3.0,True,False,True,Historical,D2,3.0,3.0,3.0,,,,,,,,,,,,,,,,False,South America,Americas,South America,18103660.0,276841.0,NOAA_NCEI_HazEL,1.0,2026-03-15,2026-03-15 23:49:32,1742-06-15,18th Century AD,1740s,Early Modern,Summer,Severe,1e-05,4180000000000000.0,3.0,Southern,Western,Ring of Fire – Pacific,True,False,Unknown,Mudflow / Lahar,0.0,False,Moderate,22.5,6,466.4,Moderately Active,100.0
3919,1742,12.0,9.0,,,150205,352050.0,1502-05=,Cotopaxi,Ecuador,Ecuador,-0.677,-78.436,5911,Stratovolcano,M,,3.0,3.0,True,False,True,Historical,D2,3.0,3.0,3.0,,,,,,,,,,,,,,,,False,South America,Americas,South America,18103660.0,276841.0,NOAA_NCEI_HazEL,1.0,2026-03-15,2026-03-15 23:49:32,1742-12-09,18th Century AD,1740s,Early Modern,Winter,Severe,1e-05,4180000000000000.0,3.0,Southern,Western,Ring of Fire – Pacific,True,False,Unknown,Mudflow / Lahar,0.0,False,Moderate,22.5,6,466.4,Moderately Active,100.0
753,1749,8.0,11.0,431.0,1304.0,70307,273070.0,0703-07=,Taal,Luzon-Philippines,Philippines,14.011,120.998,311,Stratovolcano,,,1.0,3.0,True,False,True,Historical,D1,3.0,1.0,1.0,3.0,,,,,,,,,,,,,,,True,Asia,Asia,South-Eastern Asia,114123600.0,342353.0,NOAA_NCEI_HazEL,1.0,2026-03-15,2026-03-15 23:49:32,1749-08-11,18th Century AD,1740s,Early Modern,Summer,Severe,1e-05,4180000000000000.0,3.0,Northern,Eastern,Philippine Arc,False,True,Unknown,,0.0,False,Moderate,22.5,9,700.0,Moderately Active,100.0
5145,1753,10.0,15.0,,,170301,373010.0,1703-01=,Grimsvotn,Iceland-NE,Iceland,64.416,-17.316,1719,Caldera,,,,1.0,True,False,True,Historical,D1,2.0,,1.0,,,,,,,,,,,,,,,,False,Europe,Europe,Northern Europe,391810.0,103000.0,NOAA_NCEI_HazEL,1.0,2026-03-15,2026-03-15 23:49:32,1753-10-15,18th Century AD,1750s,Early Modern,Autumn,Explosive,1e-06,418000000000000.0,1.0,Northern,Western,Mid-Atlantic Ridge – Iceland,False,False,Unknown,,0.0,False,Low,15.0,7,61.2,Moderately Active,100.0
754,1754,11.0,28.0,2853.0,1328.0,70307,273070.0,0703-07=,Taal,Luzon-Philippines,Philippines,14.011,120.998,311,Stratovolcano,"W,T",12.0,1.0,4.0,True,False,True,Historical,D1,4.0,1.0,4.0,4.0,,,,,,4.0,,,,,,,,,True,Asia,Asia,South-Eastern Asia,114123600.0,342353.0,NOAA_NCEI_HazEL,1.0,2026-03-15,2026-03-15 23:49:32,1754-11-28,18th Century AD,1750s,Early Modern,Autumn,Cataclysmic,0.0001,4.18e+16,10.0,Northern,Eastern,Philippine Arc,False,True,Unknown,"W,T",10.26,True,High,34.1,9,700.0,Moderately Active,100.0
4234,1755,10.0,17.0,,,170203,372030.0,1702-03=,Katla,Iceland-S,Iceland,63.633,-19.083,1490,Subglacial volcano,E,2.0,1.0,,True,False,True,Historical,D2,4.0,1.0,,,2.0,,,,,,,,,,,,,,False,Europe,Europe,Northern Europe,391810.0,103000.0,NOAA_NCEI_HazEL,1.0,2026-03-15,2026-03-15 23:49:32,1755-10-17,18th Century AD,1750s,Early Modern,Autumn,Cataclysmic,0.0001,4.18e+16,10.0,Northern,Western,Mid-Atlantic Ridge – Iceland,False,False,Unknown,E,4.39,True,High,31.76,15,77.9,Frequently Active,100.0
4512,1757,7.0,9.0,,1348.0,180203,382030.0,1802-03=,Sao Jorge,Azores,Portugal,38.65,-28.08,1053,Fissure vent,S,1053.0,4.0,3.0,True,False,True,Historical,D2,0.0,,,4.0,,,,,,,,,,,,,,,False,Europe,Europe,Southern Europe,10749635.0,92090.0,NOAA_NCEI_HazEL,1.0,2026-03-15,2026-03-15 23:49:32,1757-07-09,18th Century AD,1750s,Early Modern,Summer,Non-Explosive,1e-08,4180000000000.0,0.1,Northern,Western,Intraplate / Other,False,True,Unknown,Submarine Eruption,27.84,True,Minimal,11.14,3,114.0,Infrequently Active,100.0
665,1760,,,,,60807,268070.0,0608-07=,Kie Besi,Halmahera-Indonesia,Indonesia,0.32,127.4,1357,Stratovolcano,M,2000.0,4.0,,True,False,True,Historical,D1,4.0,4.0,,,2000.0,,,,,,,,,,,,,,False,Asia,Asia,South-Eastern Asia,284438782.0,1904569.0,NOAA_NCEI_HazEL,1.0,2026-03-15,2026-03-15 23:49:32,1760-01-01,18th Century AD,1760s,Early Modern,,Cataclysmic,0.0001,4.18e+16,10.0,Northern,Eastern,Sunda Arc – Indonesia,False,True,Unknown,Mudflow / Lahar,30.41,True,High,42.16,5,85.0,Moderately Active,100.0
4489,1762,,,,,100026,300260.0,1000-26=,Klyuchevskoy,Kamchatka,Russia,56.056,160.642,4754,Stratovolcano,,,1.0,,True,False,True,Historical,D1,2.0,1.0,,,,,,,,,,,,,,,,,False,"Europe, Asia",Europe,Eastern Europe,146028325.0,17098246.0,NOAA_NCEI_HazEL,1.0,2026-03-15,2026-03-15 23:49:32,1762-01-01,18th Century AD,1760s,Early Modern,,Explosive,1e-06,418000000000000.0,1.0,Northern,Eastern,Ring of Fire – Pacific,True,False,Unknown,,0.0,False,Low,15.0,4,87.7,Moderately Active,100.0
4252,1766,4.0,5.0,,,170207,372070.0,1702-07=,Hekla,Iceland-S,Iceland,63.983,-19.666,1490,Stratovolcano,,,,1.0,True,False,True,Historical,D1,4.0,,1.0,,,,,,,,,,,,,,,,False,Europe,Europe,Northern Europe,391810.0,103000.0,NOAA_NCEI_HazEL,1.0,2026-03-15,2026-03-15 23:49:32,1766-04-05,18th Century AD,1760s,Early Modern,Spring,Cataclysmic,0.0001,4.18e+16,10.0,Northern,Western,Mid-Atlantic Ridge – Iceland,False,False,Unknown,,0.0,False,High,30.0,16,58.4,Frequently Active,100.0
704,1766,7.0,20.0,,,70303,273030.0,0703-03=,Mayon,Luzon-Philippines,Philippines,13.257,123.685,2462,Stratovolcano,m,49.0,1.0,,True,False,True,Historical,D1,3.0,1.0,,,49.0,,,,,,,,,,,,,,False,Asia,Asia,South-Eastern Asia,114123600.0,342353.0,NOAA_NCEI_HazEL,1.0,2026-03-15,2026-03-15 23:49:32,1766-07-20,18th Century AD,1760s,Early Modern,Summer,Severe,1e-05,4180000000000000.0,3.0,Northern,Eastern,Philippine Arc,False,True,Unknown,Mudflow / Lahar,15.65,True,Moderate,28.76,19,14.0,Frequently Active,100.0
3927,1768,4.0,4.0,,,150205,352050.0,1502-05=,Cotopaxi,Ecuador,Ecuador,-0.677,-78.436,5911,Stratovolcano,M,,3.0,3.0,True,False,True,Historical,D2,4.0,3.0,3.0,,,,,,,,,,,,,,,,False,South America,Americas,South America,18103660.0,276841.0,NOAA_NCEI_HazEL,1.0,2026-03-15,2026-03-15 23:49:32,1768-04-04,18th Century AD,1760s,Early Modern,Spring,Cataclysmic,0.0001,4.18e+16,10.0,Southern,Western,Ring of Fire – Pacific,True,False,Unknown,Mudflow / Lahar,0.0,False,High,30.0,6,466.4,Moderately Active,100.0
7542,1770,,,500.0,9532.0,60123,261230.0,0601-23=,Dempo,Sumatra,Indonesia,-4.016,103.121,3142,Stratovolcano,,,,3.0,True,False,True,Historical,D1,,,,3.0,,,,,,,,,,,,,,,True,Asia,Asia,South-Eastern Asia,284438782.0,1904569.0,NOAA_NCEI_HazEL,1.0,2026-03-15,2026-03-15 23:49:32,1770-01-01,18th Century AD,1770s,Early Modern,,Unknown,,,,Southern,Eastern,Sunda Arc – Indonesia,False,False,Unknown,,0.0,False,Unknown,0.0,1,,Single Record,83.33
617,1772,5.0,9.0,504.0,,60806,268060.0,0608-06=,Gamalama,Halmahera-Indonesia,Indonesia,0.81,127.332,1714,Stratovolcano,T,35.0,1.0,,True,False,True,Historical,D1,3.0,1.0,,,35.0,,,,,,,,,,,,,,True,Asia,Asia,South-Eastern Asia,284438782.0,1904569.0,NOAA_NCEI_HazEL,1.0,2026-03-15,2026-03-15 23:49:32,1772-05-09,18th Century AD,1770s,Early Modern,Spring,Severe,1e-05,4180000000000000.0,3.0,Northern,Eastern,Sunda Arc – Indonesia,False,True,Unknown,Tsunami Generated,14.33,True,Moderate,28.23,10,45.1,Moderately Active,100.0
4453,1772,8.0,12.0,,,60310,263100.0,0603-10=,Papandayan,Java,Indonesia,-7.32,107.73,2665,Stratovolcano,A,2957.0,4.0,,True,False,True,Historical,D2,3.0,4.0,,3.0,2957.0,,,,,3.0,,,,,,,,,False,Asia,Asia,South-Eastern Asia,284438782.0,1904569.0,NOAA_NCEI_HazEL,1.0,2026-03-15,2026-03-15 23:49:32,1772-08-12,18th Century AD,1770s,Early Modern,Summer,Severe,1e-05,4180000000000000.0,3.0,Southern,Eastern,Sunda Arc – Indonesia,False,False,Unknown,Ash / Tephra,31.97,True,Moderate,35.29,2,152.0,Infrequently Active,100.0
618,1773,2.0,2.0,,,60806,268060.0,0608-06=,Gamalama,Halmahera-Indonesia,Indonesia,0.81,127.332,1714,Stratovolcano,I,,2.0,,True,False,True,Historical,D1,2.0,2.0,,,,,,,,,,,,,,,,,False,Asia,Asia,South-Eastern Asia,284438782.0,1904569.0,NOAA_NCEI_HazEL,1.0,2026-03-15,2026-03-15 23:49:32,1773-02-02,18th Century AD,1770s,Early Modern,Winter,Explosive,1e-06,418000000000000.0,1.0,Northern,Eastern,Sunda Arc – Indonesia,False,True,Unknown,Inundation / Lahar,0.0,False,Low,15.0,10,45.1,Moderately Active,100.0
619,1775,,,,,60806,268060.0,0608-06=,Gamalama,Halmahera-Indonesia,Indonesia,0.81,127.332,1714,Stratovolcano,"P,I",1300.0,4.0,,True,False,True,Historical,D1,3.0,4.0,,,1300.0,,,,,,,,,,,,,,False,Asia,Asia,South-Eastern Asia,284438782.0,1904569.0,NOAA_NCEI_HazEL,1.0,2026-03-15,2026-03-15 23:49:32,1775-01-01,18th Century AD,1770s,Early Modern,,Severe,1e-05,4180000000000000.0,3.0,Northern,Eastern,Sunda Arc – Indonesia,False,True,Unknown,"P,I",28.68,True,Moderate,33.97,10,45.1,Moderately Active,100.0
4520,1775,,,,,60610,266100.0,0606-10=,Lokon-Empung,Sulawesi-Indonesia,Indonesia,1.358,124.792,1580,Stratovolcano,,,1.0,,True,False,True,Historical,D1,3.0,1.0,,,,,,,,,,,,,,,,,False,Asia,Asia,South-Eastern Asia,284438782.0,1904569.0,NOAA_NCEI_HazEL,1.0,2026-03-15,2026-03-15 23:49:32,1775-01-01,18th Century AD,1770s,Early Modern,,Severe,1e-05,4180000000000000.0,3.0,Northern,Eastern,Sunda Arc – Indonesia,False,True,Unknown,,0.0,False,Moderate,22.5,3,118.0,Infrequently Active,100.0
2813,1778,,,,,90025,290250.0,0900-25=,Raikoke,Kuril Is,Russia,48.292,153.25,551,Stratovolcano,T,15.0,1.0,,True,False,True,Historical,D2,4.0,1.0,,,15.0,,,,,,,,,,,,,,False,"Europe, Asia",Europe,Eastern Europe,146028325.0,17098246.0,NOAA_NCEI_HazEL,1.0,2026-03-15,2026-03-15 23:49:32,1778-01-01,18th Century AD,1770s,Early Modern,,Cataclysmic,0.0001,4.18e+16,10.0,Northern,Eastern,Ring of Fire – Pacific,True,False,Unknown,Tsunami Generated,11.09,True,High,34.44,1,,Single Record,100.0
9,1779,8.0,8.0,,,10102,211020.0,0101-02=,Vesuvius,Italy,Italy,40.821,14.426,1281,Complex volcano,,,1.0,,True,False,True,Historical,D2,3.0,1.0,,,,,,,,,,,,,,,,,False,Europe,Europe,Southern Europe,58927633.0,301336.0,NOAA_NCEI_HazEL,1.0,2026-03-15,2026-03-15 23:49:32,1779-08-08,18th Century AD,1770s,Early Modern,Summer,Severe,1e-05,4180000000000000.0,3.0,Northern,Eastern,Mediterranean Volcanic Belt,False,False,Unknown,,0.0,False,Moderate,22.5,18,256.7,Frequently Active,100.0
858,1779,11.0,8.0,,,80208,282080.0,0802-08=,Aira,Kyushu-Japan,Japan,31.577,130.659,1117,Stratovolcano,"T,W,I",153.0,3.0,,True,False,True,Historical,D1,4.0,3.0,,,153.0,,,,,,,,,,,,,,False,Asia,Asia,Eastern Asia,123210000.0,377930.0,NOAA_NCEI_HazEL,1.0,2026-03-15,2026-03-15 23:49:32,1779-11-08,18th Century AD,1770s,Early Modern,Autumn,Cataclysmic,0.0001,4.18e+16,10.0,Northern,Eastern,Japan Arc,False,True,Unknown,"T,W,I",20.15,True,High,38.06,15,89.2,Frequently Active,100.0
4469,1780,2.0,9.0,,,80208,282080.0,0802-08=,Aira,Kyushu-Japan,Japan,31.577,130.659,1117,Stratovolcano,F,,3.0,,True,False,True,Historical,D1,4.0,3.0,,,,,,,,,,,,,,,,,False,Asia,Asia,Eastern Asia,123210000.0,377930.0,NOAA_NCEI_HazEL,1.0,2026-03-15,2026-03-15 23:49:32,1780-02-09,18th Century AD,1780s,Early Modern,Winter,Cataclysmic,0.0001,4.18e+16,10.0,Northern,Eastern,Japan Arc,False,True,Unknown,Fumarolic Activity,0.0,False,High,30.0,15,89.2,Frequently Active,100.0
2591,1780,7.0,27.0,,,80406,284060.0,0804-06=,Aogashima,Izu Is-Japan,Japan,32.458,139.759,423,Stratovolcano,,7.0,1.0,,True,False,True,Historical,D4,3.0,1.0,,1.0,7.0,,,,,1.0,,,,,,,,,False,Asia,Asia,Eastern Asia,123210000.0,377930.0,NOAA_NCEI_HazEL,1.0,2026-03-15,2026-03-15 23:49:32,1780-07-27,18th Century AD,1780s,Early Modern,Summer,Severe,1e-05,4180000000000000.0,3.0,Northern,Eastern,Japan Arc,False,True,Unknown,,8.32,True,Moderate,25.83,3,2.5,Infrequently Active,100.0
4523,1780,9.0,9.0,525.0,,80208,282080.0,0802-08=,Aira,Kyushu-Japan,Japan,31.577,130.659,1117,Stratovolcano,,,,2.0,True,False,True,Historical,D1,4.0,,,,,,,,,,,,,,,,,,True,Asia,Asia,Eastern Asia,123210000.0,377930.0,NOAA_NCEI_HazEL,1.0,2026-03-15,2026-03-15 23:49:32,1780-09-09,18th Century AD,1780s,Early Modern,Autumn,Cataclysmic,0.0001,4.18e+16,10.0,Northern,Eastern,Japan Arc,False,True,Unknown,,0.0,False,High,30.0,15,89.2,Frequently Active,100.0
5904,1780,10.0,31.0,528.0,,80208,282080.0,0802-08=,Aira,Kyushu-Japan,Japan,31.577,130.659,1117,Stratovolcano,,,,,True,False,True,Historical,D1,,,,,,,,,,,,,,,,,,,True,Asia,Asia,Eastern Asia,123210000.0,377930.0,NOAA_NCEI_HazEL,1.0,2026-03-15,2026-03-15 23:49:32,1780-10-31,18th Century AD,1780s,Early Modern,Autumn,Unknown,,,,Northern,Eastern,Japan Arc,False,True,Unknown,,0.0,False,Unknown,0.0,15,89.2,Frequently Active,83.33
859,1781,4.0,11.0,529.0,,80208,282080.0,0802-08=,Aira,Kyushu-Japan,Japan,31.577,130.659,1117,Stratovolcano,W,38.0,1.0,1.0,True,False,True,Historical,D1,4.0,1.0,,,23.0,,,,,,,,,,,,,,True,Asia,Asia,Eastern Asia,123210000.0,377930.0,NOAA_NCEI_HazEL,1.0,2026-03-15,2026-03-15 23:49:32,1781-04-11,18th Century AD,1780s,Early Modern,Spring,Cataclysmic,0.0001,4.18e+16,10.0,Northern,Eastern,Japan Arc,False,True,Unknown,Waves / Surges,14.65,True,High,35.86,15,89.2,Frequently Active,100.0
7549,1783,4.0,10.0,,,80406,284060.0,0804-06=,Aogashima,Izu Is-Japan,Japan,32.458,139.759,423,Stratovolcano,T,7.0,1.0,,True,False,True,Historical,D4,3.0,1.0,,2.0,7.0,,,,,2.0,61.0,61.0,,,,,,,False,Asia,Asia,Eastern Asia,123210000.0,377930.0,NOAA_NCEI_HazEL,1.0,2026-03-15,2026-03-15 23:49:32,1783-04-10,18th Century AD,1780s,Early Modern,Spring,Severe,1e-05,4180000000000000.0,3.0,Northern,Eastern,Japan Arc,False,True,Unknown,Tsunami Generated,8.32,True,Moderate,25.83,3,2.5,Infrequently Active,100.0
1145,1783,8.0,5.0,,,80311,283110.0,0803-11=,Asamayama,Honshu-Japan,Japan,36.406,138.523,2568,Complex volcano,"F,P,I",1491.0,4.0,,True,False,True,Historical,D1,4.0,4.0,,,1491.0,,,,,,,,,,,,,,False,Asia,Asia,Eastern Asia,123210000.0,377930.0,NOAA_NCEI_HazEL,1.0,2026-03-15,2026-03-15 23:49:32,1783-08-05,18th Century AD,1780s,Early Modern,Summer,Cataclysmic,0.0001,4.18e+16,10.0,Northern,Eastern,Japan Arc,False,True,Unknown,"F,P,I",29.23,True,High,41.69,18,21.5,Frequently Active,100.0
4280,1784,4.0,,,,170301,373010.0,1703-01=,Grimsvotn,Iceland-NE,Iceland,64.416,-17.316,1719,Caldera,I,9350.0,4.0,,True,False,True,Historical,D1,4.0,,,,,,,,,,,,,,,,,,False,Europe,Europe,Northern Europe,391810.0,103000.0,NOAA_NCEI_HazEL,1.0,2026-03-15,2026-03-15 23:49:32,1784-04-01,18th Century AD,1780s,Early Modern,Spring,Cataclysmic,0.0001,4.18e+16,10.0,Northern,Western,Mid-Atlantic Ridge – Iceland,False,False,Unknown,Inundation / Lahar,36.57,True,High,44.63,7,61.2,Moderately Active,100.0
5804,1784,7.0,,,,1504003,354003.0,1504-003,Coropuna,Peru,Peru,-15.52,-72.65,6377,Stratovolcano,,,,1.0,True,False,True,Historical,D1,,,1.0,,,,,,,,,,,,,,,,False,South America,Americas,South America,34350244.0,1285216.0,NOAA_NCEI_HazEL,1.0,2026-03-15,2026-03-15 23:49:32,1784-07-01,18th Century AD,1780s,Early Modern,Summer,Unknown,,,,Southern,Western,Ring of Fire – Pacific,True,False,Unknown,,0.0,False,Unknown,0.0,2,206.0,Infrequently Active,83.33
6570,1784,,,,,130204,332040.0,1302-04-,Hualalai,Hawaiian Is,United States,19.692,-155.87,2523,Shield volcano,L,,1.0,,True,False,True,Historical,D3,0.0,1.0,,,,,,,,,,,,,,,,,False,North America,Americas,North America,340110988.0,9525067.0,NOAA_NCEI_HazEL,1.0,2026-03-15,2026-03-15 23:49:32,1784-01-01,18th Century AD,1780s,Early Modern,,Non-Explosive,1e-08,4180000000000.0,0.1,Northern,Western,Ring of Fire – Pacific,True,True,Unknown,Lava Flow,0.0,False,Minimal,0.0,2,16.0,Infrequently Active,100.0
2592,1785,4.0,18.0,,,80406,284060.0,0804-06=,Aogashima,Izu Is-Japan,Japan,32.458,139.759,423,Stratovolcano,,135.0,3.0,,True,False,True,Historical,D4,3.0,3.0,,,135.0,,,,,,,,,,,,,,False,Asia,Asia,Eastern Asia,123210000.0,377930.0,NOAA_NCEI_HazEL,1.0,2026-03-15,2026-03-15 23:49:32,1785-04-18,18th Century AD,1780s,Early Modern,Spring,Severe,1e-05,4180000000000000.0,3.0,Northern,Eastern,Japan Arc,False,True,Unknown,,19.65,True,Moderate,30.36,3,2.5,Infrequently Active,100.0
4456,1786,,,,,60320,263200.0,0603-20=,Dieng Volcanic Complex,Java,Indonesia,-7.2,109.879,2565,Complex volcano,A,38.0,1.0,,True,False,True,Historical,D1,2.0,1.0,,2.0,38.0,,,,,2.0,,,,,,,,,False,Asia,Asia,South-Eastern Asia,284438782.0,1904569.0,NOAA_NCEI_HazEL,1.0,2026-03-15,2026-03-15 23:49:32,1786-01-01,18th Century AD,1780s,Early Modern,,Explosive,1e-06,418000000000000.0,1.0,Southern,Eastern,Sunda Arc – Indonesia,False,False,Unknown,Ash / Tephra,14.65,True,Low,20.86,11,23.1,Frequently Active,100.0
4486,1789,,,,,80401,284010.0,0804-01=,Izu-Oshima,Izu Is-Japan,Japan,34.724,139.394,746,Stratovolcano,T,,1.0,,True,False,True,Historical,D1,2.0,1.0,,,,,,,,,,,,,,,,,False,Asia,Asia,Eastern Asia,123210000.0,377930.0,NOAA_NCEI_HazEL,1.0,2026-03-15,2026-03-15 23:49:32,1789-01-01,18th Century AD,1780s,Early Modern,,Explosive,1e-06,418000000000000.0,1.0,Northern,Eastern,Japan Arc,False,True,Unknown,Tsunami Generated,0.0,False,Low,15.0,4,65.7,Moderately Active,100.0
3343,1790,11.0,,,,130201,332010.0,1302-01-,Kilauea,Hawaiian Is,United States,19.421,-155.287,1222,Shield volcano,P,5405.0,4.0,,True,False,True,Historical,D1,4.0,4.0,,,5405.0,,,,,,,,,,,,,,False,North America,Americas,North America,340110988.0,9525067.0,NOAA_NCEI_HazEL,1.0,2026-03-15,2026-03-15 23:49:32,1790-11-01,18th Century AD,1790s,Early Modern,Autumn,Cataclysmic,0.0001,4.18e+16,10.0,Northern,Western,Ring of Fire – Pacific,True,True,Unknown,Phreatic / Phreatomagmatic,34.38,True,High,43.75,16,15.2,Frequently Active,100.0
932,1792,5.0,21.0,568.0,1515.0,80210,282100.0,0802-10=,Unzendake,Kyushu-Japan,Japan,32.761,130.299,1483,Complex volcano,"W,A",15000.0,4.0,4.0,True,False,True,Historical,D1,2.0,1.0,,4.0,,,,707.0,3.0,,,6200.0,,,,,,,True,Asia,Asia,Eastern Asia,123210000.0,377930.0,NOAA_NCEI_HazEL,1.0,2026-03-15,2026-03-15 23:49:32,1792-05-21,18th Century AD,1790s,Early Modern,Spring,Explosive,1e-06,418000000000000.0,1.0,Northern,Eastern,Japan Arc,False,True,Unknown,"W,A",51.59,True,Low,35.64,5,82.2,Moderately Active,100.0
1345,1794,6.0,15.0,,,10102,211020.0,0101-02=,Vesuvius,Italy,Italy,40.821,14.426,1281,Complex volcano,"M,L,T,G",400.0,3.0,3.0,True,False,True,Historical,D2,3.0,3.0,3.0,,400.0,,,,,,,,,,,,,,False,Europe,Europe,Southern Europe,58927633.0,301336.0,NOAA_NCEI_HazEL,1.0,2026-03-15,2026-03-15 23:49:32,1794-06-15,18th Century AD,1790s,Early Modern,Summer,Severe,1e-05,4180000000000000.0,3.0,Northern,Eastern,Mediterranean Volcanic Belt,False,False,Unknown,"M,L,T,G",23.98,True,Moderate,32.09,18,256.7,Frequently Active,100.0
7535,1797,,,577.0,,80208,282080.0,0802-08=,Aira,Kyushu-Japan,Japan,31.577,130.659,1117,Stratovolcano,"T,W",,,,True,False,True,Historical,D1,2.0,,,,,,,,,,,,,,,,,,True,Asia,Asia,Eastern Asia,123210000.0,377930.0,NOAA_NCEI_HazEL,1.0,2026-03-15,2026-03-15 23:49:32,1797-01-01,18th Century AD,1790s,Early Modern,,Explosive,1e-06,418000000000000.0,1.0,Northern,Eastern,Japan Arc,False,True,Unknown,"T,W",0.0,False,Low,15.0,15,89.2,Frequently Active,100.0
4454,1800,10.0,8.0,,,60313,263130.0,0603-13=,Guntur,Java,Indonesia,-7.143,107.841,2251,Complex volcano,M,,3.0,,True,False,True,Historical,D3,,3.0,,,,,,,,,,,,,,,,,False,Asia,Asia,South-Eastern Asia,284438782.0,1904569.0,NOAA_NCEI_HazEL,1.0,2026-03-15,2026-03-15 23:49:32,1800-10-08,18th Century AD,1800s,Industrial Age,Autumn,Unknown,,,,Southern,Eastern,Sunda Arc – Indonesia,False,False,Unknown,Mudflow / Lahar,0.0,False,Unknown,0.0,3,69.5,Infrequently Active,83.33
706,1800,10.0,30.0,,,70303,273030.0,0703-03=,Mayon,Luzon-Philippines,Philippines,13.257,123.685,2462,Stratovolcano,,,1.0,,True,False,True,Historical,D1,2.0,1.0,,,,,,,,,,,,,,,,,False,Asia,Asia,South-Eastern Asia,114123600.0,342353.0,NOAA_NCEI_HazEL,1.0,2026-03-15,2026-03-15 23:49:32,1800-10-30,18th Century AD,1800s,Industrial Age,Autumn,Explosive,1e-06,418000000000000.0,1.0,Northern,Eastern,Philippine Arc,False,True,Unknown,,0.0,False,Low,15.0,19,14.0,Frequently Active,100.0
4492,1800,,,,,130204,332040.0,1302-04-,Hualalai,Hawaiian Is,United States,19.692,-155.87,2523,Shield volcano,L,2.0,1.0,,True,False,True,Historical,D3,0.0,1.0,,,2.0,,,,,,,,,,,,,,False,North America,Americas,North America,340110988.0,9525067.0,NOAA_NCEI_HazEL,1.0,2026-03-15,2026-03-15 23:49:32,1800-01-01,18th Century AD,1800s,Industrial Age,,Non-Explosive,1e-08,4180000000000.0,0.1,Northern,Western,Ring of Fire – Pacific,True,True,Unknown,Lava Flow,4.39,True,Minimal,1.76,2,16.0,Infrequently Active,100.0
1355,1800,,,,,20217,222170.0,0202-17=,Kyejo,Africa-E,Tanzania,-9.229,33.792,2176,Stratovolcano,L,,3.0,3.0,True,False,True,Historical,D3,2.0,3.0,3.0,,,,,,,,,,,,,,,,False,Africa,Africa,Eastern Africa,68153004.0,947303.0,NOAA_NCEI_HazEL,1.0,2026-03-15,2026-03-15 23:49:32,1800-01-01,18th Century AD,1800s,Industrial Age,,Explosive,1e-06,418000000000000.0,1.0,Southern,Eastern,East African Rift,False,False,Unknown,Lava Flow,0.0,False,Low,15.0,1,,Single Record,100.0
3304,1800,,,,,120105,321050.0,1201-05-,St. Helens,US-Washington,United States,46.2,-122.18,2549,Stratovolcano,I,,3.0,,True,False,True,Historical,D1,5.0,3.0,,,,,,,,,,,,,,,,,False,North America,Americas,North America,340110988.0,9525067.0,NOAA_NCEI_HazEL,1.0,2026-03-15,2026-03-15 23:49:32,1800-01-01,18th Century AD,1800s,Industrial Age,,Paroxysmal,0.001,4.18e+17,20.0,Northern,Western,Ring of Fire – Pacific,True,False,Unknown,Inundation / Lahar,0.0,False,Very High,37.5,3,1920.0,Infrequently Active,100.0
1246,1801,8.0,14.0,,,80322,283220.0,0803-22=,Chokaisan,Honshu-Japan,Japan,39.099,140.049,2236,Stratovolcano,T,8.0,1.0,,True,False,True,Historical,D1,2.0,1.0,,,8.0,,,,,,,,,,,,,,False,Asia,Asia,Eastern Asia,123210000.0,377930.0,NOAA_NCEI_HazEL,1.0,2026-03-15,2026-03-15 23:49:32,1801-08-14,19th Century AD,1800s,Industrial Age,Summer,Explosive,1e-06,418000000000000.0,1.0,Northern,Eastern,Japan Arc,False,True,Unknown,Tsunami Generated,8.79,True,Low,18.52,1,,Single Record,100.0
1146,1803,7.0,4.0,,,80311,283110.0,0803-11=,Asamayama,Honshu-Japan,Japan,36.406,138.523,2568,Complex volcano,,,1.0,,True,False,True,Historical,D1,2.0,1.0,,,,,,,,,,,,,,,,,False,Asia,Asia,Eastern Asia,123210000.0,377930.0,NOAA_NCEI_HazEL,1.0,2026-03-15,2026-03-15 23:49:32,1803-07-04,19th Century AD,1800s,Industrial Age,Summer,Explosive,1e-06,418000000000000.0,1.0,Northern,Eastern,Japan Arc,False,True,Unknown,,0.0,False,Low,15.0,18,21.5,Frequently Active,100.0
1147,1803,11.0,7.0,,,80311,283110.0,0803-11=,Asamayama,Honshu-Japan,Japan,36.406,138.523,2568,Complex volcano,T,,1.0,,True,False,True,Historical,D1,2.0,1.0,,,,,,,,,,,,,,,,,False,Asia,Asia,Eastern Asia,123210000.0,377930.0,NOAA_NCEI_HazEL,1.0,2026-03-15,2026-03-15 23:49:32,1803-11-07,19th Century AD,1800s,Industrial Age,Autumn,Explosive,1e-06,418000000000000.0,1.0,Northern,Eastern,Japan Arc,False,True,Unknown,Tsunami Generated,0.0,False,Low,15.0,18,21.5,Frequently Active,100.0
4488,1804,,,,,80504,285040.0,0805-04=,Shikotsu,Hokkaido-Japan,Japan,42.688,141.38,1320,Caldera,,,3.0,,True,False,True,Historical,D1,3.0,3.0,,,,,,,,,,,,,,,,,False,Asia,Asia,Eastern Asia,123210000.0,377930.0,NOAA_NCEI_HazEL,1.0,2026-03-15,2026-03-15 23:49:32,1804-01-01,19th Century AD,1800s,Industrial Age,,Severe,1e-05,4180000000000000.0,3.0,Northern,Eastern,Japan Arc,False,True,Unknown,,0.0,False,Moderate,22.5,1,,Single Record,100.0
24,1805,8.0,11.0,,,10102,211020.0,0101-02=,Vesuvius,Italy,Italy,40.821,14.426,1281,Complex volcano,,4.0,1.0,,True,False,True,Historical,D2,2.0,1.0,,,4.0,,,,,,,,,,,,,,False,Europe,Europe,Southern Europe,58927633.0,301336.0,NOAA_NCEI_HazEL,1.0,2026-03-15,2026-03-15 23:49:32,1805-08-11,19th Century AD,1800s,Industrial Age,Summer,Explosive,1e-06,418000000000000.0,1.0,Northern,Eastern,Mediterranean Volcanic Belt,False,False,Unknown,,6.44,True,Low,17.58,18,256.7,Frequently Active,100.0
4346,1808,5.0,1.0,,,180203,382030.0,1802-03=,Sao Jorge,Azores,Portugal,38.65,-28.08,1053,Fissure vent,L,9.0,1.0,,True,False,True,Historical,D2,1.0,1.0,,,9.0,,,,,,,,,,,,,,False,Europe,Europe,Southern Europe,10749635.0,92090.0,NOAA_NCEI_HazEL,1.0,2026-03-15,2026-03-15 23:49:32,1808-05-01,19th Century AD,1800s,Industrial Age,Spring,Gentle,1e-07,41800000000000.0,0.3,Northern,Western,Intraplate / Other,False,True,Unknown,Lava Flow,9.21,True,Minimal,11.18,3,114.0,Infrequently Active,100.0
4197,1812,4.0,27.0,,,160015,360150.0,1600-15=,Soufriere St. Vincent,W Indies,St. Vincent & the Grenadines,13.33,-61.18,1220,Stratovolcano,"T, m",56.0,2.0,1.0,True,False,True,Historical,D1,4.0,2.0,1.0,1.0,56.0,,,,,1.0,,,,,,,,,False,North America,Americas,Caribbean,103698.0,389.0,NOAA_NCEI_HazEL,1.0,2026-03-15,2026-03-15 23:49:32,1812-04-27,19th Century AD,1810s,Industrial Age,Spring,Cataclysmic,0.0001,4.18e+16,10.0,Northern,Western,Ring of Fire – Pacific,True,True,Unknown,"T, M",16.17,True,High,36.47,4,69.7,Moderately Active,100.0
580,1812,8.0,6.0,,,60704,267040.0,0607-04=,Awu,Sangihe Is-Indonesia,Indonesia,3.689,125.447,1318,Stratovolcano,"P,M",953.0,3.0,,True,False,True,Historical,D1,3.0,3.0,,,953.0,,,,,,,,,,,,,,False,Asia,Asia,South-Eastern Asia,284438782.0,1904569.0,NOAA_NCEI_HazEL,1.0,2026-03-15,2026-03-15 23:49:32,1812-08-06,19th Century AD,1810s,Industrial Age,Summer,Severe,1e-05,4180000000000000.0,3.0,Northern,Eastern,Sunda Arc – Indonesia,False,True,Unknown,"P,M",27.44,True,Moderate,33.48,6,51.0,Moderately Active,100.0
1405,1813,5.0,,3221.0,,10102,211020.0,0101-02=,Vesuvius,Italy,Italy,40.821,14.426,1281,Complex volcano,,,,,True,False,True,Historical,D2,2.0,,,,,,,,,,,,,,,,,,True,Europe,Europe,Southern Europe,58927633.0,301336.0,NOAA_NCEI_HazEL,1.0,2026-03-15,2026-03-15 23:49:32,1813-05-01,19th Century AD,1810s,Industrial Age,Spring,Explosive,1e-06,418000000000000.0,1.0,Northern,Eastern,Mediterranean Volcanic Belt,False,False,Unknown,,0.0,False,Low,15.0,18,256.7,Frequently Active,100.0
707,1814,2.0,1.0,,,70303,273030.0,0703-03=,Mayon,Luzon-Philippines,Philippines,13.257,123.685,2462,Stratovolcano,"P,M,E",1200.0,4.0,3.0,True,False,True,Historical,D1,4.0,4.0,3.0,3.0,1200.0,,,,,3.0,,,,,,,,,False,Asia,Asia,South-Eastern Asia,114123600.0,342353.0,NOAA_NCEI_HazEL,1.0,2026-03-15,2026-03-15 23:49:32,1814-02-01,19th Century AD,1810s,Industrial Age,Winter,Cataclysmic,0.0001,4.18e+16,10.0,Northern,Eastern,Philippine Arc,False,True,Unknown,"P,M,E",28.36,True,High,41.34,19,14.0,Frequently Active,100.0
367,1815,4.0,10.0,613.0,,60404,264040.0,0604-04=,Tambora,Lesser Sunda Is,Indonesia,-8.25,118.0,2850,Stratovolcano,"P,W,A,I",60000.0,4.0,4.0,True,False,True,Historical,D1,7.0,4.0,4.0,4.0,11000.0,,4.0,,4.0,4.0,,,,,,,,,True,Asia,Asia,South-Eastern Asia,284438782.0,1904569.0,NOAA_NCEI_HazEL,1.0,2026-03-15,2026-03-15 23:49:32,1815-04-10,19th Century AD,1810s,Industrial Age,Spring,Super-Colossal,0.1,4.18e+19,40.0,Southern,Eastern,Sunda Arc – Indonesia,False,False,Unknown,"P,W,A,I",40.0,True,Catastrophic,68.5,1,,Single Record,100.0
4478,1816,7.0,5.0,,,80211,282110.0,0802-11=,Asosan,Kyushu-Japan,Japan,32.885,131.085,1592,Caldera,T,1.0,1.0,,True,False,True,Historical,D1,2.0,1.0,,,1.0,,,,,,,,,,,,,,False,Asia,Asia,Eastern Asia,123210000.0,377930.0,NOAA_NCEI_HazEL,1.0,2026-03-15,2026-03-15 23:49:32,1816-07-05,19th Century AD,1810s,Industrial Age,Summer,Explosive,1e-06,418000000000000.0,1.0,Northern,Eastern,Japan Arc,False,True,Unknown,Tsunami Generated,2.77,True,Low,16.11,16,45.7,Frequently Active,100.0
333,1817,1.0,24.0,,,60335,263350.0,0603-35=,Ijen,Java,Indonesia,-8.058,114.242,2769,Stratovolcano,M,,2.0,,True,False,True,Historical,D1,2.0,2.0,,2.0,,,,,,2.0,90.0,90.0,,,,,,,False,Asia,Asia,South-Eastern Asia,284438782.0,1904569.0,NOAA_NCEI_HazEL,1.0,2026-03-15,2026-03-15 23:49:32,1817-01-24,19th Century AD,1810s,Industrial Age,Winter,Explosive,1e-06,418000000000000.0,1.0,Southern,Eastern,Sunda Arc – Indonesia,False,False,Unknown,Mudflow / Lahar,0.0,False,Low,15.0,4,69.0,Moderately Active,100.0
298,1817,,,,,60334,263340.0,0603-34=,Raung,Java,Indonesia,-8.119,114.056,3260,Stratovolcano,,,1.0,,True,False,True,Historical,D1,4.0,1.0,,,,,,,,,,,,,,,,,False,Asia,Asia,South-Eastern Asia,284438782.0,1904569.0,NOAA_NCEI_HazEL,1.0,2026-03-15,2026-03-15 23:49:32,1817-01-01,19th Century AD,1810s,Industrial Age,,Cataclysmic,0.0001,4.18e+16,10.0,Southern,Eastern,Sunda Arc – Indonesia,False,False,Unknown,,0.0,False,High,30.0,5,56.0,Moderately Active,100.0
3477,1818,2.0,5.0,,,140104,341040.0,1401-04=,Colima,Mexico,Mexico,19.514,-103.62,3850,Stratovolcano,,,1.0,,True,False,True,Historical,D1,4.0,1.0,,,,,,,,,,,,,,,,,False,North America,Americas,North America,130575786.0,1964375.0,NOAA_NCEI_HazEL,1.0,2026-03-15,2026-03-15 23:49:32,1818-02-05,19th Century AD,1810s,Industrial Age,Winter,Cataclysmic,0.0001,4.18e+16,10.0,Northern,Western,Ring of Fire – Pacific,True,False,Unknown,,0.0,False,High,30.0,4,112.3,Moderately Active,100.0
4582,1819,,,623.0,,80415,284150.0,0804-15=,Asuncion,Mariana Is-C Pacific,United States,19.671,145.406,857,Stratovolcano,,,,,True,False,True,Historical,D2,,,,,,,,,,,,,,,,,,,True,North America,Americas,North America,340110988.0,9525067.0,NOAA_NCEI_HazEL,1.0,2026-03-15,2026-03-15 23:49:32,1819-01-01,19th Century AD,1810s,Industrial Age,,Unknown,,,,Northern,Eastern,Intraplate / Other,False,False,Unknown,,0.0,False,Unknown,0.0,1,,Single Record,83.33
5044,1820,3.0,1.0,631.0,6650.0,110134,311340.0,1101-34-,Westdahl,Aleutian Is,United States,54.516,-164.65,1563,Stratovolcano,,,,,True,False,True,Historical,D1,2.0,,,,,,,,,,,,,,,,,,True,North America,Americas,North America,340110988.0,9525067.0,NOAA_NCEI_HazEL,1.0,2026-03-15,2026-03-15 23:49:32,1820-03-01,19th Century AD,1820s,Industrial Age,Spring,Explosive,1e-06,418000000000000.0,1.0,Northern,Western,Ring of Fire – Pacific,True,False,Unknown,,0.0,False,Low,15.0,1,,Single Record,100.0
482,1820,6.0,11.0,,,60509,265090.0,0605-09=,Banda Api,Banda Sea,Pacific Ocean,-4.523,129.881,596,Caldera,,,1.0,,True,False,True,Historical,D1,2.0,1.0,,,,,,,,,,,,,,,,,False,Oceania,Oceania,Melanesia,,,NOAA_NCEI_HazEL,1.0,2026-03-15,2026-03-15 23:49:32,1820-06-11,19th Century AD,1820s,Industrial Age,Summer,Explosive,1e-06,418000000000000.0,1.0,Southern,Eastern,Sunda Arc – Indonesia,False,True,Unknown,,0.0,False,Low,15.0,6,78.0,Moderately Active,100.0
2695,1822,3.0,9.0,,,80503,285030.0,0805-03=,Toya,Hokkaido-Japan,Japan,42.544,140.839,733,Stratovolcano,P,50.0,1.0,,True,False,True,Historical,D1,4.0,1.0,,2.0,50.0,53.0,2.0,53.0,2.0,2.0,,,,,,,,,False,Asia,Asia,Eastern Asia,123210000.0,377930.0,NOAA_NCEI_HazEL,1.0,2026-03-15,2026-03-15 23:49:32,1822-03-09,19th Century AD,1820s,Industrial Age,Spring,Cataclysmic,0.0001,4.18e+16,10.0,Northern,Eastern,Japan Arc,False,True,Unknown,Phreatic / Phreatomagmatic,23.71,True,High,39.48,8,45.0,Moderately Active,100.0
2521,1822,10.0,8.0,,,60314,263140.0,0603-14=,Galunggung,Java,Indonesia,-7.25,108.058,2168,Stratovolcano,"P,M",4011.0,4.0,3.0,True,False,True,Historical,D1,5.0,4.0,3.0,3.0,4011.0,,,,,3.0,,,,,,,,,False,Asia,Asia,South-Eastern Asia,284438782.0,1904569.0,NOAA_NCEI_HazEL,1.0,2026-03-15,2026-03-15 23:49:32,1822-10-08,19th Century AD,1820s,Industrial Age,Autumn,Paroxysmal,0.001,4.18e+17,20.0,Southern,Eastern,Sunda Arc – Indonesia,False,False,Unknown,"P,M",33.19,True,Very High,50.78,2,160.0,Infrequently Active,100.0
69,1822,12.0,27.0,,,60325,263250.0,0603-25=,Merapi,Java,Indonesia,-7.54,110.446,2910,Stratovolcano,,100.0,2.0,3.0,True,False,True,Historical,D1,3.0,2.0,3.0,3.0,100.0,,2.0,,2.0,3.0,,,,,,,,,False,Asia,Asia,South-Eastern Asia,284438782.0,1904569.0,NOAA_NCEI_HazEL,1.0,2026-03-15,2026-03-15 23:49:32,1822-12-27,19th Century AD,1820s,Industrial Age,Winter,Severe,1e-05,4180000000000000.0,3.0,Southern,Eastern,Sunda Arc – Indonesia,False,False,Unknown,,18.46,True,Moderate,29.88,28,15.9,Persistently Active,100.0
3344,1823,2.0,,,,130201,332010.0,1302-01-,Kilauea,Hawaiian Is,United States,19.421,-155.287,1222,Shield volcano,L,,1.0,,True,False,True,Historical,D1,0.0,1.0,,,,,,,,,,,,,,,,,False,North America,Americas,North America,340110988.0,9525067.0,NOAA_NCEI_HazEL,1.0,2026-03-15,2026-03-15 23:49:32,1823-02-01,19th Century AD,1820s,Industrial Age,Winter,Non-Explosive,1e-08,4180000000000.0,0.1,Northern,Western,Ring of Fire – Pacific,True,True,Unknown,Lava Flow,0.0,False,Minimal,0.0,16,15.2,Frequently Active,100.0
3164,1825,3.0,21.0,654.0,,110136,311360.0,1101-36-,Shishaldin,Aleutian Is,United States,54.756,-163.97,2857,Stratovolcano,,,,,True,False,True,Historical,D1,3.0,,,,,,,,,,,,,,,,,,True,North America,Americas,North America,340110988.0,9525067.0,NOAA_NCEI_HazEL,1.0,2026-03-15,2026-03-15 23:49:32,1825-03-21,19th Century AD,1820s,Industrial Age,Spring,Severe,1e-05,4180000000000000.0,3.0,Northern,Western,Ring of Fire – Pacific,True,False,Unknown,,0.0,False,Moderate,22.5,2,31.0,Infrequently Active,100.0
4444,1825,,,,,50501,255010.0,0505-01=,Balbi,Bougainville-SW Paci,Papua New Guinea,-5.916,155.001,2715,Stratovolcano,P,,3.0,,True,False,True,Holocene,U,,3.0,,,,,,,,,,,,,,,,,False,Oceania,Oceania,Melanesia,11781559.0,462840.0,NOAA_NCEI_HazEL,1.0,2026-03-15,2026-03-15 23:49:32,1825-01-01,19th Century AD,1820s,Industrial Age,,Unknown,,,,Southern,Eastern,Ring of Fire – Pacific,True,False,Unknown,Phreatic / Phreatomagmatic,0.0,False,Unknown,0.0,1,,Single Record,83.33
2571,1826,10.0,11.0,,,60320,263200.0,0603-20=,Dieng Volcanic Complex,Java,Indonesia,-7.2,109.879,2565,Complex volcano,,,2.0,,True,False,True,Historical,D1,2.0,2.0,,,,,,,,,,,,,,,,,False,Asia,Asia,South-Eastern Asia,284438782.0,1904569.0,NOAA_NCEI_HazEL,1.0,2026-03-15,2026-03-15 23:49:32,1826-10-11,19th Century AD,1820s,Industrial Age,Autumn,Explosive,1e-06,418000000000000.0,1.0,Southern,Eastern,Sunda Arc – Indonesia,False,False,Unknown,,0.0,False,Low,15.0,11,23.1,Frequently Active,100.0
132,1826,10.0,13.0,,,60328,263280.0,0603-28=,Kelud,Java,Indonesia,-7.935,112.314,1730,Stratovolcano,M,,1.0,3.0,True,False,True,Historical,D1,4.0,1.0,3.0,3.0,,65.0,2.0,65.0,2.0,3.0,,,,,,,,,False,Asia,Asia,South-Eastern Asia,284438782.0,1904569.0,NOAA_NCEI_HazEL,1.0,2026-03-15,2026-03-15 23:49:32,1826-10-13,19th Century AD,1820s,Industrial Age,Autumn,Cataclysmic,0.0001,4.18e+16,10.0,Southern,Eastern,Sunda Arc – Indonesia,False,False,Unknown,Mudflow / Lahar,8.38,False,High,33.35,18,41.4,Frequently Active,100.0
990,1826,10.0,,,,80211,282110.0,0802-11=,Asosan,Kyushu-Japan,Japan,32.885,131.085,1592,Caldera,T,,3.0,,True,False,True,Historical,D1,2.0,3.0,,,,,,,,,,,,,,,,,False,Asia,Asia,Eastern Asia,123210000.0,377930.0,NOAA_NCEI_HazEL,1.0,2026-03-15,2026-03-15 23:49:32,1826-10-01,19th Century AD,1820s,Industrial Age,Autumn,Explosive,1e-06,418000000000000.0,1.0,Northern,Eastern,Japan Arc,False,True,Unknown,Tsunami Generated,0.0,False,Low,15.0,16,45.7,Frequently Active,100.0
2882,1827,6.0,27.0,663.0,6651.0,100010,300100.0,1000-10=,Avachinsky,Kamchatka,Russia,53.256,158.836,2717,Stratovolcano,,,,,True,False,True,Historical,D1,2.0,,,,,,,,,,,,,,,,,,True,"Europe, Asia",Europe,Eastern Europe,146028325.0,17098246.0,NOAA_NCEI_HazEL,1.0,2026-03-15,2026-03-15 23:49:32,1827-06-27,19th Century AD,1820s,Industrial Age,Summer,Explosive,1e-06,418000000000000.0,1.0,Northern,Eastern,Ring of Fire – Pacific,True,False,Unknown,,0.0,False,Low,15.0,2,0.0,Infrequently Active,100.0
4515,1827,8.0,9.0,,,100010,300100.0,1000-10=,Avachinsky,Kamchatka,Russia,53.256,158.836,2717,Stratovolcano,,,,,True,False,True,Historical,D1,2.0,,,,,,,,,,,,,,,,,,False,"Europe, Asia",Europe,Eastern Europe,146028325.0,17098246.0,NOAA_NCEI_HazEL,1.0,2026-03-15,2026-03-15 23:49:32,1827-08-09,19th Century AD,1820s,Industrial Age,Summer,Explosive,1e-06,418000000000000.0,1.0,Northern,Eastern,Ring of Fire – Pacific,True,False,Unknown,,0.0,False,Low,15.0,2,0.0,Infrequently Active,100.0
4455,1829,,,,,60313,263130.0,0603-13=,Guntur,Java,Indonesia,-7.143,107.841,2251,Complex volcano,,,3.0,,True,False,True,Historical,D3,2.0,3.0,,,,,,,,,,,,,,,,,False,Asia,Asia,South-Eastern Asia,284438782.0,1904569.0,NOAA_NCEI_HazEL,1.0,2026-03-15,2026-03-15 23:49:32,1829-01-01,19th Century AD,1820s,Industrial Age,,Explosive,1e-06,418000000000000.0,1.0,Southern,Eastern,Sunda Arc – Indonesia,False,False,Unknown,,0.0,False,Low,15.0,3,69.5,Infrequently Active,100.0
6,1832,11.0,1.0,,,10106,211060.0,0101-06=,Etna,Italy,Italy,37.748,14.999,3357,Stratovolcano,L,,2.0,,True,False,True,Historical,D1,2.0,2.0,,,,,,,,,,,,,,,,,False,Europe,Europe,Southern Europe,58927633.0,301336.0,NOAA_NCEI_HazEL,1.0,2026-03-15,2026-03-15 23:49:32,1832-11-01,19th Century AD,1830s,Industrial Age,Autumn,Explosive,1e-06,418000000000000.0,1.0,Northern,Eastern,Mediterranean Volcanic Belt,False,False,Unknown,Lava Flow,0.0,False,Low,15.0,25,90.0,Frequently Active,100.0
71,1832,12.0,25.0,,,60325,263250.0,0603-25=,Merapi,Java,Indonesia,-7.54,110.446,2910,Stratovolcano,,32.0,1.0,,True,False,True,Historical,D1,2.0,1.0,,2.0,32.0,,,,,2.0,,,,,,,,,False,Asia,Asia,South-Eastern Asia,284438782.0,1904569.0,NOAA_NCEI_HazEL,1.0,2026-03-15,2026-03-15 23:49:32,1832-12-25,19th Century AD,1830s,Industrial Age,Winter,Explosive,1e-06,418000000000000.0,1.0,Southern,Eastern,Sunda Arc – Indonesia,False,False,Unknown,,13.99,True,Low,20.6,28,15.9,Persistently Active,100.0
4451,1833,11.0,24.0,,,60122,261220.0,0601-22=,Kaba,Sumatra,Indonesia,-3.522,102.615,1940,Stratovolcano,M,126.0,3.0,,True,False,True,Historical,D2,2.0,3.0,,,126.0,,,,,,,,,,,,,,False,Asia,Asia,South-Eastern Asia,284438782.0,1904569.0,NOAA_NCEI_HazEL,1.0,2026-03-15,2026-03-15 23:49:32,1833-11-24,19th Century AD,1830s,Industrial Age,Autumn,Explosive,1e-06,418000000000000.0,1.0,Southern,Eastern,Sunda Arc – Indonesia,False,False,Unknown,Mudflow / Lahar,19.38,True,Low,22.75,1,,Single Record,100.0
3688,1835,1.0,20.0,,,140401,344010.0,1404-01=,Cosiguina,Nicaragua,Nicaragua,12.98,-87.57,872,Stratovolcano,"G,I",,1.0,,True,False,True,Historical,D3,5.0,1.0,,,,,,,,,,,,,,,,,False,North America,Americas,Central America,6803886.0,130373.0,NOAA_NCEI_HazEL,1.0,2026-03-15,2026-03-15 23:49:32,1835-01-20,19th Century AD,1830s,Industrial Age,Winter,Paroxysmal,0.001,4.18e+17,20.0,Northern,Western,Ring of Fire – Pacific,True,False,Unknown,"G,I",0.0,False,Very High,37.5,2,116.0,Infrequently Active,100.0
5605,1835,11.0,1.0,,1787.0,60509,265090.0,0605-09=,Banda Api,Banda Sea,Pacific Ocean,-4.523,129.881,596,Caldera,,,3.0,2.0,True,False,True,Historical,D1,,3.0,2.0,2.0,,,,,,2.0,,,,,,,,,False,Oceania,Oceania,Melanesia,,,NOAA_NCEI_HazEL,1.0,2026-03-15,2026-03-15 23:49:32,1835-11-01,19th Century AD,1830s,Industrial Age,Autumn,Unknown,,,,Southern,Eastern,Sunda Arc – Indonesia,False,True,Unknown,,0.0,False,Unknown,0.0,6,78.0,Moderately Active,83.33
4905,1837,9.0,,706.0,6050.0,60103,261030.0,0601-03=,Peuet Sague,Sumatra,Indonesia,4.903,96.289,2785,Complex volcano,,,,,True,False,True,Historical,D1,,,,,,,,,,,,,,,,,,,True,Asia,Asia,South-Eastern Asia,284438782.0,1904569.0,NOAA_NCEI_HazEL,1.0,2026-03-15,2026-03-15 23:49:32,1837-09-01,19th Century AD,1830s,Industrial Age,Autumn,Unknown,,,,Northern,Eastern,Sunda Arc – Indonesia,False,False,Unknown,,0.0,False,Unknown,0.0,1,,Single Record,83.33
627,1838,2.0,26.0,,,60806,268060.0,0608-06=,Gamalama,Halmahera-Indonesia,Indonesia,0.81,127.332,1714,Stratovolcano,T,4.0,1.0,,True,False,True,Historical,D1,2.0,1.0,,,4.0,,,,,,,,,,,,,,False,Asia,Asia,South-Eastern Asia,284438782.0,1904569.0,NOAA_NCEI_HazEL,1.0,2026-03-15,2026-03-15 23:49:32,1838-02-26,19th Century AD,1830s,Industrial Age,Winter,Explosive,1e-06,418000000000000.0,1.0,Northern,Eastern,Sunda Arc – Indonesia,False,True,Unknown,Tsunami Generated,6.44,True,Low,17.58,10,45.1,Moderately Active,100.0
4078,1839,2.0,12.0,711.0,,150604,,1506-04=,Unnamed,Chile-Is,Chile,-33.62,-76.83,-642,Submarine volcano,,,,,True,False,True,Uncertain,Unknown,2.0,,,,,,,,,,,,,,,,,,True,South America,Americas,South America,20206953.0,756102.0,NOAA_NCEI_HazEL,1.0,2026-03-15,2026-03-15 23:49:32,1839-02-12,19th Century AD,1830s,Industrial Age,Winter,Explosive,1e-06,418000000000000.0,1.0,Southern,Western,Ring of Fire – Pacific,True,False,Unknown,,0.0,False,Low,15.0,3,34.0,Infrequently Active,100.0
629,1840,2.0,2.0,718.0,,60806,268060.0,0608-06=,Gamalama,Halmahera-Indonesia,Indonesia,0.81,127.332,1714,Stratovolcano,,,,2.0,True,False,True,Historical,D1,3.0,,1.0,3.0,,,,,,,,500.0,,,,,,,True,Asia,Asia,South-Eastern Asia,284438782.0,1904569.0,NOAA_NCEI_HazEL,1.0,2026-03-15,2026-03-15 23:49:32,1840-02-02,19th Century AD,1840s,Industrial Age,Winter,Severe,1e-05,4180000000000000.0,3.0,Northern,Eastern,Sunda Arc – Indonesia,False,True,Unknown,,0.0,False,Moderate,22.5,10,45.1,Moderately Active,100.0
3347,1840,5.0,30.0,714.0,,130201,332010.0,1302-01-,Kilauea,Hawaiian Is,United States,19.421,-155.287,1222,Shield volcano,,,,1.0,True,False,True,Historical,D1,0.0,,1.0,,,,,,,,,,,,,,,,True,North America,Americas,North America,340110988.0,9525067.0,NOAA_NCEI_HazEL,1.0,2026-03-15,2026-03-15 23:49:32,1840-05-30,19th Century AD,1840s,Industrial Age,Spring,Non-Explosive,1e-08,4180000000000.0,0.1,Northern,Western,Ring of Fire – Pacific,True,True,Unknown,,0.0,False,Minimal,0.0,16,15.2,Frequently Active,100.0
6265,1840,7.0,2.0,,,10304,213040.0,0103-04-,Ararat,Turkey,Turkey,39.7,44.3,5165,Stratovolcano,P,1900.0,4.0,,True,False,True,Holocene,U,3.0,4.0,,,1900.0,,,,,,,,,,,,,,False,"Europe, Asia",Asia,Western Asia,85664944.0,783562.0,NOAA_NCEI_HazEL,1.0,2026-03-15,2026-03-15 23:49:32,1840-07-02,19th Century AD,1840s,Industrial Age,Summer,Severe,1e-05,4180000000000000.0,3.0,Northern,Eastern,Mediterranean Volcanic Belt,False,False,Unknown,Phreatic / Phreatomagmatic,30.2,True,Moderate,34.58,1,,Single Record,100.0
4445,1840,,,,,50507,255070.0,0505-07=,Savo,Solomon Is-SW Pacifi,Solomon Is.,-9.13,159.82,485,Stratovolcano,P,100.0,3.0,,True,False,True,Historical,D3,3.0,3.0,,,100.0,,,,,,,,,,,,,,False,Oceania,Oceania,Melanesia,720000.0,28896.0,NOAA_NCEI_HazEL,1.0,2026-03-15,2026-03-15 23:49:32,1840-01-01,19th Century AD,1840s,Industrial Age,,Severe,1e-05,4180000000000000.0,3.0,Southern,Eastern,Ring of Fire – Pacific,True,True,Unknown,Phreatic / Phreatomagmatic,18.46,True,Moderate,29.88,2,272.0,Infrequently Active,100.0
4446,1840,,,,,50601,256010.0,0506-01=,Tinakula,Santa Cruz Is-SW Pac,Solomon Is.,-10.386,165.804,796,Stratovolcano,P,,3.0,,True,False,True,Historical,D1,3.0,3.0,,,,,,,,,,,,,,,,,False,Oceania,Oceania,Melanesia,720000.0,28896.0,NOAA_NCEI_HazEL,1.0,2026-03-15,2026-03-15 23:49:32,1840-01-01,19th Century AD,1840s,Industrial Age,,Severe,1e-05,4180000000000000.0,3.0,Southern,Eastern,Ring of Fire – Pacific,True,True,Unknown,Phreatic / Phreatomagmatic,0.0,False,Moderate,22.5,4,43.7,Moderately Active,100.0
821,1841,4.0,,,,80205,282050.0,0802-05=,Kuchinoerabujima,Ryukyu Is,Japan,30.443,130.217,657,Stratovolcano,T,,,2.0,True,False,True,Historical,D1,2.0,,2.0,2.0,,,,,,2.0,,,,,,,,,False,Asia,Asia,Eastern Asia,123210000.0,377930.0,NOAA_NCEI_HazEL,1.0,2026-03-15,2026-03-15 23:49:32,1841-04-01,19th Century AD,1840s,Industrial Age,Spring,Explosive,1e-06,418000000000000.0,1.0,Northern,Eastern,Japan Arc,False,False,Unknown,Tsunami Generated,0.0,False,Low,15.0,2,92.0,Infrequently Active,100.0
4172,1843,2.0,8.0,730.0,,160003,360030.0,1600-03=,Liamuiga,W Indies,St. Kitts & Nevis,17.37,-62.8,1156,Stratovolcano,,,,,True,False,True,Radiocarbon,D6,0.0,,,,,,,,,,,,,,,,,,True,North America,Americas,Caribbean,47657.0,261.0,NOAA_NCEI_HazEL,1.0,2026-03-15,2026-03-15 23:49:32,1843-02-08,19th Century AD,1840s,Industrial Age,Winter,Non-Explosive,1e-08,4180000000000.0,0.1,Northern,Western,Ring of Fire – Pacific,True,True,Unknown,,0.0,False,Minimal,0.0,1,,Single Record,100.0
4187,1843,2.0,17.0,731.0,,160006,360060.0,1600-06=,Soufriere Guadeloupe,W Indies,Guadeloupe,16.044,-61.664,1467,Stratovolcano,,,,,True,False,True,Historical,D1,,,,,,,,,,,,,,,,,,,True,North America,Americas,Caribbean,378561.0,1628.0,NOAA_NCEI_HazEL,1.0,2026-03-15,2026-03-15 23:49:32,1843-02-17,19th Century AD,1840s,Industrial Age,Winter,Unknown,,,,Northern,Western,Ring of Fire – Pacific,True,False,Unknown,,0.0,False,Unknown,0.0,1,,Single Record,83.33
261,1843,8.0,,,,60332,263320.0,0603-32=,Lamongan,Java,Indonesia,-7.981,113.341,1641,Stratovolcano,,4.0,1.0,,True,False,True,Historical,D3,2.0,1.0,,,4.0,,,,,,,,,,,,,,False,Asia,Asia,South-Eastern Asia,284438782.0,1904569.0,NOAA_NCEI_HazEL,1.0,2026-03-15,2026-03-15 23:49:32,1843-08-01,19th Century AD,1840s,Industrial Age,Summer,Explosive,1e-06,418000000000000.0,1.0,Southern,Eastern,Sunda Arc – Indonesia,False,False,Unknown,,6.44,True,Low,17.58,2,26.0,Infrequently Active,100.0
44,1843,11.0,25.0,,,10106,211060.0,0101-06=,Etna,Italy,Italy,37.748,14.999,3357,Stratovolcano,L,59.0,2.0,,True,False,True,Historical,D1,2.0,2.0,,,59.0,,2.0,,2.0,,,,,,,,,,False,Europe,Europe,Southern Europe,58927633.0,301336.0,NOAA_NCEI_HazEL,1.0,2026-03-15,2026-03-15 23:49:32,1843-11-25,19th Century AD,1840s,Industrial Age,Autumn,Explosive,1e-06,418000000000000.0,1.0,Northern,Eastern,Mediterranean Volcanic Belt,False,False,Unknown,Lava Flow,16.38,True,Low,21.55,25,90.0,Frequently Active,100.0
489,1845,2.0,8.0,741.0,1865.0,60603,266030.0,0606-03=,Soputan,Sulawesi-Indonesia,Indonesia,1.112,124.737,1785,Stratovolcano,,118.0,3.0,2.0,True,False,True,Historical,D1,2.0,,,3.0,,,,,,,,,,,,,,,True,Asia,Asia,South-Eastern Asia,284438782.0,1904569.0,NOAA_NCEI_HazEL,1.0,2026-03-15,2026-03-15 23:49:32,1845-02-08,19th Century AD,1840s,Industrial Age,Winter,Explosive,1e-06,418000000000000.0,1.0,Northern,Eastern,Sunda Arc – Indonesia,False,True,Unknown,,19.12,True,Low,22.65,1,,Single Record,100.0
3833,1845,2.0,19.0,,1867.0,150102,351020.0,1501-02=,"Ruiz, Nevado del",Colombia,Colombia,4.892,-75.324,5279,Stratovolcano,M,1000.0,3.0,,True,False,True,Historical,D1,3.0,3.0,,,1000.0,,,,,,,,,,,,,,False,South America,Americas,South America,53057212.0,1141748.0,NOAA_NCEI_HazEL,1.0,2026-03-15,2026-03-15 23:49:32,1845-02-19,19th Century AD,1840s,Industrial Age,Winter,Severe,1e-05,4180000000000000.0,3.0,Northern,Western,Ring of Fire – Pacific,True,False,Unknown,Mudflow / Lahar,27.64,True,Moderate,33.56,3,195.0,Infrequently Active,100.0
4253,1845,9.0,2.0,,,170207,372070.0,1702-07=,Hekla,Iceland-S,Iceland,63.983,-19.666,1490,Stratovolcano,,,,1.0,True,False,True,Historical,D1,4.0,,1.0,,,,,,,,,,,,,,,,False,Europe,Europe,Northern Europe,391810.0,103000.0,NOAA_NCEI_HazEL,1.0,2026-03-15,2026-03-15 23:49:32,1845-09-02,19th Century AD,1840s,Industrial Age,Autumn,Cataclysmic,0.0001,4.18e+16,10.0,Northern,Western,Mid-Atlantic Ridge – Iceland,False,False,Unknown,,0.0,False,High,30.0,16,58.4,Frequently Active,100.0
6268,1846,5.0,7.0,,,40107,241070.0,0401-07=,Taupo,New Zealand,New Zealand,-38.781,175.893,760,Caldera,m,63.0,2.0,,True,False,False,Radiocarbon,D6,,2.0,,,63.0,,,,,,,,,,,,,,False,Oceania,Oceania,Australia and New Zealand,5324700.0,268838.0,NOAA_NCEI_HazEL,1.0,2026-03-15,2026-03-15 23:49:32,1846-05-07,19th Century AD,1840s,Industrial Age,Spring,Unknown,,,,Southern,Eastern,Ring of Fire – Pacific,True,False,Unknown,Mudflow / Lahar,16.64,True,Unknown,6.66,4,1123.3,Moderately Active,83.33
2496,1846,5.0,27.0,,,60309,263090.0,0603-09=,Tangkuban Parahu,Java,Indonesia,-6.77,107.6,2084,Stratovolcano,,,1.0,,True,False,True,Historical,D1,2.0,1.0,,,,,,,,,,,,,,,,,False,Asia,Asia,South-Eastern Asia,284438782.0,1904569.0,NOAA_NCEI_HazEL,1.0,2026-03-15,2026-03-15 23:49:32,1846-05-27,19th Century AD,1840s,Industrial Age,Spring,Explosive,1e-06,418000000000000.0,1.0,Southern,Eastern,Sunda Arc – Indonesia,False,False,Unknown,,0.0,False,Low,15.0,3,66.0,Infrequently Active,100.0
4487,1846,11.0,18.0,,,805011,285011.0,0805-011,Esan,Hokkaido-Japan,Japan,41.805,141.166,618,Stratovolcano,M,,3.0,,True,False,True,Historical,D3,1.0,3.0,,,,,,,,,,,,,,,,,False,Asia,Asia,Eastern Asia,123210000.0,377930.0,NOAA_NCEI_HazEL,1.0,2026-03-15,2026-03-15 23:49:32,1846-11-18,19th Century AD,1840s,Industrial Age,Autumn,Gentle,1e-07,41800000000000.0,0.3,Northern,Eastern,Japan Arc,False,True,Unknown,Mudflow / Lahar,0.0,False,Minimal,7.5,1,,Single Record,100.0
4383,1847,4.0,9.0,,,180401,384010.0,1804-01=,Fogo,Cape Verde Is,Cape Verde,14.95,-24.35,2829,Stratovolcano,S,,1.0,,True,False,True,Historical,D1,2.0,1.0,,,,,,,,,,,,,,,,,False,Africa,Africa,Western Africa,491233.0,4033.0,NOAA_NCEI_HazEL,1.0,2026-03-15,2026-03-15 23:49:32,1847-04-09,19th Century AD,1840s,Industrial Age,Spring,Explosive,1e-06,418000000000000.0,1.0,Northern,Western,Intraplate / Other,False,False,Unknown,Submarine Eruption,0.0,False,Low,15.0,3,83.5,Infrequently Active,100.0
2572,1847,12.0,4.0,,,60320,263200.0,0603-20=,Dieng Volcanic Complex,Java,Indonesia,-7.2,109.879,2565,Complex volcano,,,2.0,,True,False,True,Historical,D1,2.0,2.0,,,,,,,,,,,,,,,,,False,Asia,Asia,South-Eastern Asia,284438782.0,1904569.0,NOAA_NCEI_HazEL,1.0,2026-03-15,2026-03-15 23:49:32,1847-12-04,19th Century AD,1840s,Industrial Age,Winter,Explosive,1e-06,418000000000000.0,1.0,Southern,Eastern,Sunda Arc – Indonesia,False,False,Unknown,,0.0,False,Low,15.0,11,23.1,Frequently Active,100.0
133,1848,5.0,16.0,,,60328,263280.0,0603-28=,Kelud,Java,Indonesia,-7.935,112.314,1730,Stratovolcano,M,22.0,1.0,,True,False,True,Historical,D1,3.0,1.0,,3.0,22.0,,,,,3.0,800.0,800.0,,,,,,,False,Asia,Asia,South-Eastern Asia,284438782.0,1904569.0,NOAA_NCEI_HazEL,1.0,2026-03-15,2026-03-15 23:49:32,1848-05-16,19th Century AD,1840s,Industrial Age,Spring,Severe,1e-05,4180000000000000.0,3.0,Southern,Eastern,Sunda Arc – Indonesia,False,False,Unknown,Mudflow / Lahar,12.54,True,Moderate,27.52,18,41.4,Frequently Active,100.0
5,1850,,,,,50214,252140.0,0502-14=,Rabaul,New Britain-SW Pac,Papua New Guinea,-4.246,152.194,688,Pyroclastic shield,T,,3.0,,True,False,True,Historical,D1,2.0,3.0,,,,,,,,,,,,,,,,,False,Oceania,Oceania,Melanesia,11781559.0,462840.0,NOAA_NCEI_HazEL,1.0,2026-03-15,2026-03-15 23:49:32,1850-01-01,19th Century AD,1850s,Industrial Age,,Explosive,1e-06,418000000000000.0,1.0,Southern,Eastern,Ring of Fire – Pacific,True,False,Unknown,Tsunami Generated,0.0,False,Low,15.0,7,218.5,Moderately Active,100.0
37,1853,6.0,24.0,,,40311,243110.0,0403-11=,Niuafo'ou,Tonga-SW Pacific,Tonga,-15.6,-175.63,260,Shield volcano,L,25.0,1.0,,True,False,True,Historical,D1,0.0,1.0,,,25.0,,,,,,,,,,,,,,False,Oceania,Oceania,Polynesia,100179.0,747.0,NOAA_NCEI_HazEL,1.0,2026-03-15,2026-03-15 23:49:32,1853-06-24,19th Century AD,1850s,Industrial Age,Summer,Non-Explosive,1e-08,4180000000000.0,0.1,Southern,Western,Ring of Fire – Pacific,True,True,Unknown,Lava Flow,13.03,True,Minimal,5.21,2,33.0,Infrequently Active,100.0
712,1853,7.0,13.0,,,70303,273030.0,0703-03=,Mayon,Luzon-Philippines,Philippines,13.257,123.685,2462,Stratovolcano,P,34.0,1.0,,True,False,True,Historical,D1,3.0,1.0,,1.0,34.0,,,,,1.0,,,,,,,,,False,Asia,Asia,South-Eastern Asia,114123600.0,342353.0,NOAA_NCEI_HazEL,1.0,2026-03-15,2026-03-15 23:49:32,1853-07-13,19th Century AD,1850s,Industrial Age,Summer,Severe,1e-05,4180000000000000.0,3.0,Northern,Eastern,Philippine Arc,False,True,Unknown,Phreatic / Phreatomagmatic,14.22,True,Moderate,28.19,19,14.0,Frequently Active,100.0
787,1853,10.0,29.0,809.0,,80103,281030.0,0801-03=,Unnamed,Taiwan-E of,Taiwan,24.0,121.83,0,Submarine volcano,,,,,True,False,True,Historical,D3,2.0,,,,,,,,,,,,,,,,,,True,Asia,Asia,Eastern Asia,23317031.0,36197.0,NOAA_NCEI_HazEL,1.0,2026-03-15,2026-03-15 23:49:32,1853-10-29,19th Century AD,1850s,Industrial Age,Autumn,Explosive,1e-06,418000000000000.0,1.0,Northern,Eastern,Intraplate / Other,False,False,Unknown,,0.0,False,Low,15.0,3,34.0,Infrequently Active,100.0
3060,1854,2.0,18.0,,,100027,300270.0,1000-27=,Sheveluch,Kamchatka,Russia,56.653,161.36,3283,Stratovolcano,,,,1.0,True,False,True,Historical,D1,5.0,,1.0,,,,,,,,,,,,,,,,False,"Europe, Asia",Europe,Eastern Europe,146028325.0,17098246.0,NOAA_NCEI_HazEL,1.0,2026-03-15,2026-03-15 23:49:32,1854-02-18,19th Century AD,1850s,Industrial Age,Winter,Paroxysmal,0.001,4.18e+17,20.0,Northern,Eastern,Ring of Fire – Pacific,True,False,Unknown,,0.0,False,Very High,37.5,4,56.7,Moderately Active,100.0
994,1854,2.0,,,,80211,282110.0,0802-11=,Asosan,Kyushu-Japan,Japan,32.885,131.085,1592,Caldera,,3.0,1.0,,True,False,True,Historical,D1,2.0,1.0,,,3.0,,,,,,,,,,,,,,False,Asia,Asia,Eastern Asia,123210000.0,377930.0,NOAA_NCEI_HazEL,1.0,2026-03-15,2026-03-15 23:49:32,1854-02-01,19th Century AD,1850s,Industrial Age,Winter,Explosive,1e-06,418000000000000.0,1.0,Northern,Eastern,Japan Arc,False,True,Unknown,,5.55,True,Low,17.22,16,45.7,Frequently Active,100.0
2840,1854,6.0,27.0,821.0,,90039,290390.0,0900-39=,Alaid,Kuril Is,Russia,50.861,155.565,2285,Stratovolcano,,,,,True,False,True,Historical,D1,3.0,,,,,,,,,,,,,,,,,,True,"Europe, Asia",Europe,Eastern Europe,146028325.0,17098246.0,NOAA_NCEI_HazEL,1.0,2026-03-15,2026-03-15 23:49:32,1854-06-27,19th Century AD,1850s,Industrial Age,Summer,Severe,1e-05,4180000000000000.0,3.0,Northern,Eastern,Ring of Fire – Pacific,True,False,Unknown,,0.0,False,Moderate,22.5,2,127.0,Infrequently Active,100.0
581,1856,3.0,2.0,859.0,1995.0,60704,267040.0,0607-04=,Awu,Sangihe Is-Indonesia,Indonesia,3.689,125.447,1318,Stratovolcano,P,2806.0,4.0,3.0,True,False,True,Historical,D1,3.0,4.0,3.0,3.0,2806.0,,2.0,,2.0,3.0,,,,,,,,,True,Asia,Asia,South-Eastern Asia,284438782.0,1904569.0,NOAA_NCEI_HazEL,1.0,2026-03-15,2026-03-15 23:49:32,1856-03-02,19th Century AD,1850s,Industrial Age,Spring,Severe,1e-05,4180000000000000.0,3.0,Northern,Eastern,Sunda Arc – Indonesia,False,True,Unknown,Phreatic / Phreatomagmatic,31.76,True,Moderate,35.2,6,51.0,Moderately Active,100.0
5884,1856,7.0,26.0,862.0,,110136,311360.0,1101-36-,Shishaldin,Aleutian Is,United States,54.756,-163.97,2857,Stratovolcano,,,,,True,False,True,Historical,D1,,,,,,,,,,,,,,,,,,,True,North America,Americas,North America,340110988.0,9525067.0,NOAA_NCEI_HazEL,1.0,2026-03-15,2026-03-15 23:49:32,1856-07-26,19th Century AD,1850s,Industrial Age,Summer,Unknown,,,,Northern,Western,Ring of Fire – Pacific,True,False,Unknown,,0.0,False,Unknown,0.0,2,31.0,Infrequently Active,83.33
2679,1856,9.0,25.0,,,80502,285020.0,0805-02=,Hokkaido-Komagatake,Hokkaido-Japan,Japan,42.063,140.677,1131,Stratovolcano,"P,T",25.0,1.0,,True,False,True,Historical,D1,4.0,1.0,,3.0,25.0,,,,,3.0,,,,,,,,,False,Asia,Asia,Eastern Asia,123210000.0,377930.0,NOAA_NCEI_HazEL,1.0,2026-03-15,2026-03-15 23:49:32,1856-09-25,19th Century AD,1850s,Industrial Age,Autumn,Cataclysmic,0.0001,4.18e+16,10.0,Northern,Eastern,Japan Arc,False,True,Unknown,"P,T",13.03,True,High,35.21,3,144.5,Infrequently Active,100.0
4906,1857,4.0,17.0,869.0,6125.0,50106,251060.0,0501-06=,Umboi,New Guinea-NE of,Papua New Guinea,-5.592,147.892,1335,Complex volcano,,,2.0,2.0,True,False,False,Holocene,U,,,,2.0,,,,,,,,,,,,,,,True,Oceania,Oceania,Melanesia,11781559.0,462840.0,NOAA_NCEI_HazEL,1.0,2026-03-15,2026-03-15 23:49:32,1857-04-17,19th Century AD,1850s,Industrial Age,Spring,Unknown,,,,Southern,Eastern,Intraplate / Other,False,False,Unknown,,0.0,False,Unknown,0.0,1,,Single Record,83.33
714,1858,1.0,,,,70303,273030.0,0703-03=,Mayon,Luzon-Philippines,Philippines,13.257,123.685,2462,Stratovolcano,P,,1.0,,True,False,True,Historical,D1,2.0,1.0,,,,,,,,,,,,,,,,,False,Asia,Asia,South-Eastern Asia,114123600.0,342353.0,NOAA_NCEI_HazEL,1.0,2026-03-15,2026-03-15 23:49:32,1858-01-01,19th Century AD,1850s,Industrial Age,Winter,Explosive,1e-06,418000000000000.0,1.0,Northern,Eastern,Philippine Arc,False,True,Unknown,Phreatic / Phreatomagmatic,0.0,False,Low,15.0,19,14.0,Frequently Active,100.0
6484,1858,4.0,23.0,,10184.0,80308,283080.0,0803-08=,Midagahara,Honshu-Japan,Japan,36.571,137.59,2621,Stratovolcano,m,,3.0,,True,False,False,Historical,D3,,3.0,,,,,,,,,,,,,,,,,False,Asia,Asia,Eastern Asia,123210000.0,377930.0,NOAA_NCEI_HazEL,1.0,2026-03-15,2026-03-15 23:49:32,1858-04-23,19th Century AD,1850s,Industrial Age,Spring,Unknown,,,,Northern,Eastern,Japan Arc,False,True,Unknown,Mudflow / Lahar,0.0,False,Unknown,0.0,5,27.2,Moderately Active,83.33
6485,1858,7.0,3.0,,,80308,283080.0,0803-08=,Midagahara,Honshu-Japan,Japan,36.571,137.59,2621,Stratovolcano,m,,3.0,,True,False,False,Historical,D3,,3.0,,,,,,,,,,,,,,,,,False,Asia,Asia,Eastern Asia,123210000.0,377930.0,NOAA_NCEI_HazEL,1.0,2026-03-15,2026-03-15 23:49:32,1858-07-03,19th Century AD,1850s,Industrial Age,Summer,Unknown,,,,Northern,Eastern,Japan Arc,False,True,Unknown,Mudflow / Lahar,0.0,False,Unknown,0.0,5,27.2,Moderately Active,83.33
159,1860,4.0,,,,60330,263300.0,0603-30=,Semeru,Java,Indonesia,-8.108,112.922,3657,Stratovolcano,,,,,True,False,True,Historical,D1,2.0,,1.0,1.0,,,,,,,,,,,,,,,False,Asia,Asia,South-Eastern Asia,284438782.0,1904569.0,NOAA_NCEI_HazEL,1.0,2026-03-15,2026-03-15 23:49:32,1860-04-01,19th Century AD,1860s,Industrial Age,Spring,Explosive,1e-06,418000000000000.0,1.0,Southern,Eastern,Sunda Arc – Indonesia,False,False,Unknown,,0.0,False,Low,15.0,25,6.8,Frequently Active,100.0
3559,1860,8.0,18.0,,,140209,342090.0,1402-09=,Fuego,Guatemala,Guatemala,14.473,-90.88,3763,Stratovolcano,,,,1.0,True,False,True,Historical,D1,2.0,,1.0,,,,,,,,,,,,,,,,False,North America,Americas,Central America,18079810.0,108889.0,NOAA_NCEI_HazEL,1.0,2026-03-15,2026-03-15 23:49:32,1860-08-18,19th Century AD,1860s,Industrial Age,Summer,Explosive,1e-06,418000000000000.0,1.0,Northern,Western,Ring of Fire – Pacific,True,False,Unknown,,0.0,False,Low,15.0,11,43.7,Frequently Active,100.0
6645,1860,,,,,170301,373010.0,1703-01=,Grimsvotn,Iceland-NE,Iceland,64.416,-17.316,1719,Caldera,m,1.0,1.0,,True,False,False,Historical,D1,,1.0,,,1.0,,,,,,,,,,,,,,False,Europe,Europe,Northern Europe,391810.0,103000.0,NOAA_NCEI_HazEL,1.0,2026-03-15,2026-03-15 23:49:32,1860-01-01,19th Century AD,1860s,Industrial Age,,Unknown,,,,Northern,Western,Mid-Atlantic Ridge – Iceland,False,False,Unknown,Mudflow / Lahar,2.77,True,Unknown,1.11,7,61.2,Moderately Active,83.33
1342,1861,5.0,7.0,,2049.0,20110,221100.0,0201-10=,Dubbi,Africa-NE,Eritrea,13.579,41.809,1625,Stratovolcano,P,106.0,3.0,3.0,True,False,True,Historical,D3,3.0,3.0,3.0,3.0,106.0,,,,,3.0,,,,,,,,,False,Africa,Africa,Eastern Africa,3607000.0,117600.0,NOAA_NCEI_HazEL,1.0,2026-03-15,2026-03-15 23:49:32,1861-05-07,19th Century AD,1860s,Industrial Age,Spring,Severe,1e-05,4180000000000000.0,3.0,Northern,Eastern,East African Rift,False,False,Unknown,Phreatic / Phreatomagmatic,18.69,True,Moderate,29.98,1,,Single Record,100.0
4283,1861,5.0,,,,170301,373010.0,1703-01=,Grimsvotn,Iceland-NE,Iceland,64.416,-17.316,1719,Caldera,,,,1.0,True,False,True,Historical,D1,2.0,,1.0,,,,,,,,,,,,,,,,False,Europe,Europe,Northern Europe,391810.0,103000.0,NOAA_NCEI_HazEL,1.0,2026-03-15,2026-03-15 23:49:32,1861-05-01,19th Century AD,1860s,Industrial Age,Spring,Explosive,1e-06,418000000000000.0,1.0,Northern,Western,Mid-Atlantic Ridge – Iceland,False,False,Unknown,,0.0,False,Low,15.0,7,61.2,Moderately Active,100.0
666,1861,12.0,29.0,,,60807,268070.0,0608-07=,Kie Besi,Halmahera-Indonesia,Indonesia,0.32,127.4,1357,Stratovolcano,"P,I",326.0,3.0,,True,False,True,Historical,D1,4.0,3.0,,3.0,326.0,47.0,1.0,47.0,1.0,3.0,,,,,,,,,False,Asia,Asia,South-Eastern Asia,284438782.0,1904569.0,NOAA_NCEI_HazEL,1.0,2026-03-15,2026-03-15 23:49:32,1861-12-29,19th Century AD,1860s,Industrial Age,Winter,Cataclysmic,0.0001,4.18e+16,10.0,Northern,Eastern,Sunda Arc – Indonesia,False,True,Unknown,"P,I",30.9,True,High,42.36,5,85.0,Moderately Active,100.0
5624,1863,8.0,17.0,929.0,6150.0,50710,257100.0,0507-10=,Yasur,Vanuatu-SW Pacific,Vanuatu,-19.532,169.447,361,Stratovolcano,,,3.0,,True,False,True,Historical,D1,,3.0,,,,,,,,,,,,,,,,,True,Oceania,Oceania,Melanesia,321409.0,12189.0,NOAA_NCEI_HazEL,1.0,2026-03-15,2026-03-15 23:49:32,1863-08-17,19th Century AD,1860s,Industrial Age,Summer,Unknown,,,,Southern,Eastern,Ring of Fire – Pacific,True,True,Unknown,,0.0,False,Unknown,0.0,5,33.0,Moderately Active,83.33
135,1864,1.0,4.0,,,60328,263280.0,0603-28=,Kelud,Java,Indonesia,-7.935,112.314,1730,Stratovolcano,M,54.0,2.0,,True,False,True,Historical,D1,2.0,2.0,,3.0,54.0,,,,,3.0,,,,,,,,,False,Asia,Asia,South-Eastern Asia,284438782.0,1904569.0,NOAA_NCEI_HazEL,1.0,2026-03-15,2026-03-15 23:49:32,1864-01-04,19th Century AD,1860s,Industrial Age,Winter,Explosive,1e-06,418000000000000.0,1.0,Southern,Eastern,Sunda Arc – Indonesia,False,False,Unknown,Mudflow / Lahar,16.03,True,Low,21.41,18,41.4,Frequently Active,100.0
1650,1866,2.0,20.0,,,10204,212040.0,0102-04=,Santorini,Greece,Greece,36.404,25.396,367,Shield volcano,T,1.0,1.0,,True,False,True,Historical,D2,2.0,1.0,,,1.0,,1.0,,1.0,,,,,,,,,,False,Europe,Europe,Southern Europe,10400720.0,131990.0,NOAA_NCEI_HazEL,1.0,2026-03-15,2026-03-15 23:49:32,1866-02-20,19th Century AD,1860s,Industrial Age,Winter,Explosive,1e-06,418000000000000.0,1.0,Northern,Eastern,Mediterranean Volcanic Belt,False,False,Unknown,Tsunami Generated,2.77,True,Low,16.11,8,505.1,Moderately Active,100.0
2065,1866,9.0,12.0,958.0,,40401,244010.0,0404-01=,Ofu-Olosega,Samoa-SW Pacific,United States,-14.175,-169.618,639,Shield volcano,,,,,True,False,True,Historical,D3,2.0,,,,,,,,,,,,,,,,,,True,North America,Americas,North America,340110988.0,9525067.0,NOAA_NCEI_HazEL,1.0,2026-03-15,2026-03-15 23:49:32,1866-09-12,19th Century AD,1860s,Industrial Age,Autumn,Explosive,1e-06,418000000000000.0,1.0,Southern,Western,Ring of Fire – Pacific,True,True,Unknown,,0.0,False,Low,15.0,1,,Single Record,100.0
1232,1867,10.0,21.0,,,80319,283190.0,0803-19=,Zaozan [Zaosan],Honshu-Japan,Japan,38.144,140.44,1841,Complex volcano,M,3.0,1.0,,True,False,True,Historical,D2,2.0,1.0,,,3.0,,,,,,,,,,,,,,False,Asia,Asia,Eastern Asia,123210000.0,377930.0,NOAA_NCEI_HazEL,1.0,2026-03-15,2026-03-15 23:49:32,1867-10-21,19th Century AD,1860s,Industrial Age,Autumn,Explosive,1e-06,418000000000000.0,1.0,Northern,Eastern,Japan Arc,False,True,Unknown,Mudflow / Lahar,5.55,True,Low,17.22,1,,Single Record,100.0
3423,1868,4.0,3.0,971.0,2125.0,130202,332020.0,1302-02=,Mauna Loa,Hawaiian Is,United States,19.475,-155.608,4170,Shield volcano,"W,M",77.0,2.0,2.0,True,False,True,Historical,D1,2.0,,1.0,3.0,,,,,,1.0,37.0,,,,,,,,True,North America,Americas,North America,340110988.0,9525067.0,NOAA_NCEI_HazEL,1.0,2026-03-15,2026-03-15 23:49:32,1868-04-03,19th Century AD,1860s,Industrial Age,Spring,Explosive,1e-06,418000000000000.0,1.0,Northern,Western,Ring of Fire – Pacific,True,True,Unknown,"W,M",17.43,True,Low,21.97,3,25.5,Infrequently Active,100.0
4907,1868,9.0,5.0,3451.0,7967.0,10106,211060.0,0101-06=,Etna,Italy,Italy,37.748,14.999,3357,Stratovolcano,,,,,True,False,True,Historical,D1,,,,,,,,,,,,,,,,,,,True,Europe,Europe,Southern Europe,58927633.0,301336.0,NOAA_NCEI_HazEL,1.0,2026-03-15,2026-03-15 23:49:32,1868-09-05,19th Century AD,1860s,Industrial Age,Autumn,Unknown,,,,Northern,Eastern,Mediterranean Volcanic Belt,False,False,Unknown,,0.0,False,Unknown,0.0,25,90.0,Frequently Active,83.33
410,1869,7.0,7.0,,,60418,264180.0,0604-18=,Lewotobi,Lesser Sunda Is,Indonesia,-8.542,122.775,1703,Stratovolcano,,2.0,1.0,,True,False,True,Historical,D1,2.0,1.0,,,2.0,,,,,,,,,,,,,,False,Asia,Asia,South-Eastern Asia,284438782.0,1904569.0,NOAA_NCEI_HazEL,1.0,2026-03-15,2026-03-15 23:49:32,1869-07-07,19th Century AD,1860s,Industrial Age,Summer,Explosive,1e-06,418000000000000.0,1.0,Southern,Eastern,Sunda Arc – Indonesia,False,False,Unknown,,4.39,True,Low,16.76,4,52.0,Moderately Active,100.0
269,1869,8.0,,,,60332,263320.0,0603-32=,Lamongan,Java,Indonesia,-7.981,113.341,1641,Stratovolcano,"T,A",8.0,1.0,,True,False,True,Historical,D3,2.0,1.0,,,8.0,,,,,,,,,,,,,,False,Asia,Asia,South-Eastern Asia,284438782.0,1904569.0,NOAA_NCEI_HazEL,1.0,2026-03-15,2026-03-15 23:49:32,1869-08-01,19th Century AD,1860s,Industrial Age,Summer,Explosive,1e-06,418000000000000.0,1.0,Southern,Eastern,Sunda Arc – Indonesia,False,False,Unknown,"T,A",8.79,True,Low,18.52,2,26.0,Infrequently Active,100.0
530,1870,8.0,,,,60701,267010.0,0607-01=,Ruang,Sangihe Is-Indonesia,Indonesia,2.3,125.37,725,Stratovolcano,,,1.0,,True,False,True,Historical,D2,2.0,1.0,,1.0,,,,,,1.0,40.0,40.0,,,,,,,False,Asia,Asia,South-Eastern Asia,284438782.0,1904569.0,NOAA_NCEI_HazEL,1.0,2026-03-15,2026-03-15 23:49:32,1870-08-01,19th Century AD,1870s,Industrial Age,Summer,Explosive,1e-06,418000000000000.0,1.0,Northern,Eastern,Sunda Arc – Indonesia,False,True,Unknown,,0.0,False,Low,15.0,3,77.0,Infrequently Active,100.0
4448,1870,,,,,50703,257030.0,0507-03=,Ambae,Vanuatu-SW Pacific,Vanuatu,-15.389,167.835,1496,Shield volcano,M,100.0,3.0,3.0,True,False,True,Historical,D1,2.0,3.0,3.0,3.0,100.0,,,,,3.0,,,,,,,,,False,Oceania,Oceania,Melanesia,321409.0,12189.0,NOAA_NCEI_HazEL,1.0,2026-03-15,2026-03-15 23:49:32,1870-01-01,19th Century AD,1870s,Industrial Age,,Explosive,1e-06,418000000000000.0,1.0,Southern,Eastern,Ring of Fire – Pacific,True,True,Unknown,Mudflow / Lahar,18.46,True,Low,22.38,5,87.0,Moderately Active,100.0
439,1870,,,,,60425,264250.0,0604-25=,Iliwerung,Lesser Sunda Is,Indonesia,-8.532,123.573,583,Complex volcano,,,1.0,,True,False,True,Historical,D1,3.0,1.0,,,,,,,,,,,,,,,,,False,Asia,Asia,South-Eastern Asia,284438782.0,1904569.0,NOAA_NCEI_HazEL,1.0,2026-03-15,2026-03-15 23:49:32,1870-01-01,19th Century AD,1870s,Industrial Age,,Severe,1e-05,4180000000000000.0,3.0,Southern,Eastern,Sunda Arc – Indonesia,False,False,Unknown,,0.0,False,Moderate,22.5,5,28.2,Moderately Active,100.0
533,1871,3.0,3.0,1022.0,,60701,267010.0,0607-01=,Ruang,Sangihe Is-Indonesia,Indonesia,2.3,125.37,725,Stratovolcano,W,400.0,3.0,2.0,True,False,True,Historical,D2,2.0,,1.0,2.0,,,,,,1.0,,75.0,,,,,,,True,Asia,Asia,South-Eastern Asia,284438782.0,1904569.0,NOAA_NCEI_HazEL,1.0,2026-03-15,2026-03-15 23:49:32,1871-03-03,19th Century AD,1870s,Industrial Age,Spring,Explosive,1e-06,418000000000000.0,1.0,Northern,Eastern,Sunda Arc – Indonesia,False,True,Unknown,Waves / Surges,23.98,True,Low,24.59,3,77.0,Infrequently Active,100.0
679,1871,4.0,30.0,1020.0,2179.0,70108,271080.0,0701-08=,Camiguin,Mindanao-Philippines,Philippines,9.203,124.673,1552,Stratovolcano,,,1.0,3.0,True,False,True,Historical,D2,2.0,1.0,3.0,3.0,,,,,,3.0,,,,,,,,,True,Asia,Asia,South-Eastern Asia,114123600.0,342353.0,NOAA_NCEI_HazEL,1.0,2026-03-15,2026-03-15 23:49:32,1871-04-30,19th Century AD,1870s,Industrial Age,Spring,Explosive,1e-06,418000000000000.0,1.0,Northern,Eastern,Philippine Arc,False,True,Unknown,,0.0,False,Low,15.0,5,20.8,Moderately Active,100.0
643,1871,8.0,7.0,,,60806,268060.0,0608-06=,Gamalama,Halmahera-Indonesia,Indonesia,0.81,127.332,1714,Stratovolcano,T,1.0,1.0,,True,False,True,Historical,D1,2.0,1.0,,,1.0,1.0,1.0,1.0,1.0,,,,,,,,,,False,Asia,Asia,South-Eastern Asia,284438782.0,1904569.0,NOAA_NCEI_HazEL,1.0,2026-03-15,2026-03-15 23:49:32,1871-08-07,19th Century AD,1870s,Industrial Age,Summer,Explosive,1e-06,418000000000000.0,1.0,Northern,Eastern,Sunda Arc – Indonesia,False,True,Unknown,Tsunami Generated,4.16,True,Low,16.66,10,45.1,Moderately Active,100.0
716,1871,12.0,8.0,,,70303,273030.0,0703-03=,Mayon,Luzon-Philippines,Philippines,13.257,123.685,2462,Stratovolcano,P,3.0,1.0,,True,False,True,Historical,D1,3.0,1.0,,,3.0,,,,,,,,,,,,,,False,Asia,Asia,South-Eastern Asia,114123600.0,342353.0,NOAA_NCEI_HazEL,1.0,2026-03-15,2026-03-15 23:49:32,1871-12-08,19th Century AD,1870s,Industrial Age,Winter,Severe,1e-05,4180000000000000.0,3.0,Northern,Eastern,Philippine Arc,False,True,Unknown,Phreatic / Phreatomagmatic,5.55,True,Moderate,24.72,19,14.0,Frequently Active,100.0
81,1872,4.0,15.0,,,60325,263250.0,0603-25=,Merapi,Java,Indonesia,-7.54,110.446,2910,Stratovolcano,T,30.0,1.0,,True,False,True,Historical,D1,4.0,1.0,,1.0,30.0,,1.0,,1.0,1.0,50.0,50.0,,,,,,,False,Asia,Asia,South-Eastern Asia,284438782.0,1904569.0,NOAA_NCEI_HazEL,1.0,2026-03-15,2026-03-15 23:49:32,1872-04-15,19th Century AD,1870s,Industrial Age,Spring,Cataclysmic,0.0001,4.18e+16,10.0,Southern,Eastern,Sunda Arc – Indonesia,False,False,Unknown,Tsunami Generated,13.74,True,High,35.5,28,15.9,Persistently Active,100.0
6328,1872,4.0,17.0,,,60325,263250.0,0603-25=,Merapi,Java,Indonesia,-7.54,110.446,2910,Stratovolcano,P,170.0,3.0,,True,False,True,Historical,D1,4.0,3.0,,2.0,170.0,,,,,2.0,,,,,,,,,False,Asia,Asia,South-Eastern Asia,284438782.0,1904569.0,NOAA_NCEI_HazEL,1.0,2026-03-15,2026-03-15 23:49:32,1872-04-17,19th Century AD,1870s,Industrial Age,Spring,Cataclysmic,0.0001,4.18e+16,10.0,Southern,Eastern,Sunda Arc – Indonesia,False,False,Unknown,Phreatic / Phreatomagmatic,20.57,True,High,38.23,28,15.9,Persistently Active,100.0
29,1872,4.0,24.0,,,10102,211020.0,0101-02=,Vesuvius,Italy,Italy,40.821,14.426,1281,Complex volcano,"L,G",9.0,1.0,,True,False,True,Historical,D2,3.0,1.0,,,9.0,11.0,1.0,11.0,1.0,,,,,,,,,,False,Europe,Europe,Southern Europe,58927633.0,301336.0,NOAA_NCEI_HazEL,1.0,2026-03-15,2026-03-15 23:49:32,1872-04-24,19th Century AD,1870s,Industrial Age,Spring,Severe,1e-05,4180000000000000.0,3.0,Northern,Eastern,Mediterranean Volcanic Belt,False,False,Unknown,"L,G",14.18,True,Moderate,28.17,18,256.7,Frequently Active,100.0
82,1872,11.0,3.0,,,60325,263250.0,0603-25=,Merapi,Java,Indonesia,-7.54,110.446,2910,Stratovolcano,"P,T",200.0,3.0,3.0,True,False,True,Historical,D1,4.0,3.0,3.0,3.0,200.0,,,,,3.0,,,,,,,,,False,Asia,Asia,South-Eastern Asia,284438782.0,1904569.0,NOAA_NCEI_HazEL,1.0,2026-03-15,2026-03-15 23:49:32,1872-11-03,19th Century AD,1870s,Industrial Age,Autumn,Cataclysmic,0.0001,4.18e+16,10.0,Southern,Eastern,Sunda Arc – Indonesia,False,False,Unknown,"P,T",21.21,True,High,38.48,28,15.9,Persistently Active,100.0
995,1872,12.0,,,,80211,282110.0,0802-11=,Asosan,Kyushu-Japan,Japan,32.885,131.085,1592,Caldera,T,4.0,1.0,,True,False,True,Historical,D1,3.0,1.0,,,4.0,,,,,,,,,,,,,,False,Asia,Asia,Eastern Asia,123210000.0,377930.0,NOAA_NCEI_HazEL,1.0,2026-03-15,2026-03-15 23:49:32,1872-12-01,19th Century AD,1870s,Industrial Age,Winter,Severe,1e-05,4180000000000000.0,3.0,Northern,Eastern,Japan Arc,False,True,Unknown,Tsunami Generated,6.44,True,Moderate,25.08,16,45.7,Frequently Active,100.0
2818,1872,,,,,90029,290290.0,0900-29=,Sinarka,Kuril Is,Russia,48.873,154.182,911,Stratovolcano,P,,3.0,,True,False,True,Historical,D3,4.0,3.0,,,,,,,,,,,,,,,,,False,"Europe, Asia",Europe,Eastern Europe,146028325.0,17098246.0,NOAA_NCEI_HazEL,1.0,2026-03-15,2026-03-15 23:49:32,1872-01-01,19th Century AD,1870s,Industrial Age,,Cataclysmic,0.0001,4.18e+16,10.0,Northern,Eastern,Ring of Fire – Pacific,True,False,Unknown,Phreatic / Phreatomagmatic,0.0,False,High,30.0,1,,Single Record,100.0
677,1873,1.0,16.0,,,70106,271060.0,0701-06=,Ragang,Mindanao-Philippines,Philippines,7.691,124.507,2790,Stratovolcano,,,1.0,,True,False,True,Historical,D2,2.0,1.0,,,,,,,,,,,,,,,,,False,Asia,Asia,South-Eastern Asia,114123600.0,342353.0,NOAA_NCEI_HazEL,1.0,2026-03-15,2026-03-15 23:49:32,1873-01-16,19th Century AD,1870s,Industrial Age,Winter,Explosive,1e-06,418000000000000.0,1.0,Northern,Eastern,Sunda Arc – Indonesia,False,True,Unknown,,0.0,False,Low,15.0,1,,Single Record,100.0
6244,1873,,,,,10102,211020.0,0101-02=,Vesuvius,Italy,Italy,40.821,14.426,1281,Complex volcano,"G,T",9.0,1.0,,True,False,True,Historical,D2,,1.0,,,9.0,,,,,,,,,,,,,,False,Europe,Europe,Southern Europe,58927633.0,301336.0,NOAA_NCEI_HazEL,1.0,2026-03-15,2026-03-15 23:49:32,1873-01-01,19th Century AD,1870s,Industrial Age,,Unknown,,,,Northern,Eastern,Mediterranean Volcanic Belt,False,False,Unknown,"G,T",9.21,True,Unknown,3.68,18,256.7,Frequently Active,83.33
2582,1874,7.0,3.0,,,80404,284040.0,0804-04=,Miyakejima,Izu Is-Japan,Japan,34.094,139.526,775,Stratovolcano,T,1.0,1.0,,True,False,True,Historical,D1,3.0,1.0,,1.0,1.0,,,,,1.0,45.0,45.0,,,,,,,False,Asia,Asia,Eastern Asia,123210000.0,377930.0,NOAA_NCEI_HazEL,1.0,2026-03-15,2026-03-15 23:49:32,1874-07-03,19th Century AD,1870s,Industrial Age,Summer,Severe,1e-05,4180000000000000.0,3.0,Northern,Eastern,Japan Arc,False,True,Unknown,Tsunami Generated,2.77,True,Moderate,23.61,4,42.0,Moderately Active,100.0
756,1874,7.0,19.0,,,70307,273070.0,0703-07=,Taal,Luzon-Philippines,Philippines,14.011,120.998,311,Stratovolcano,,,1.0,,True,False,True,Historical,D1,2.0,1.0,,,,,,,,,,,,,,,,,False,Asia,Asia,South-Eastern Asia,114123600.0,342353.0,NOAA_NCEI_HazEL,1.0,2026-03-15,2026-03-15 23:49:32,1874-07-19,19th Century AD,1870s,Industrial Age,Summer,Explosive,1e-06,418000000000000.0,1.0,Northern,Eastern,Philippine Arc,False,True,Unknown,,0.0,False,Low,15.0,9,700.0,Moderately Active,100.0
136,1875,1.0,29.0,,,60328,263280.0,0603-28=,Kelud,Java,Indonesia,-7.935,112.314,1730,Stratovolcano,m,,1.0,2.0,True,False,False,Historical,D1,,1.0,2.0,2.0,,30.0,1.0,30.0,,2.0,,,,,,,,,False,Asia,Asia,South-Eastern Asia,284438782.0,1904569.0,NOAA_NCEI_HazEL,1.0,2026-03-15,2026-03-15 23:49:32,1875-01-29,19th Century AD,1870s,Industrial Age,Winter,Unknown,,,,Southern,Eastern,Sunda Arc – Indonesia,False,False,Unknown,Mudflow / Lahar,6.87,False,Unknown,2.75,18,41.4,Frequently Active,83.33
4305,1875,3.0,29.0,,,170306,373060.0,1703-06=,Askja,Iceland-NE,Iceland,65.033,-16.783,1080,Stratovolcano,,,,1.0,True,False,True,Historical,D2,5.0,,1.0,,,,,,,,,,,,,,,,False,Europe,Europe,Northern Europe,391810.0,103000.0,NOAA_NCEI_HazEL,1.0,2026-03-15,2026-03-15 23:49:32,1875-03-29,19th Century AD,1870s,Industrial Age,Spring,Paroxysmal,0.001,4.18e+17,20.0,Northern,Western,Mid-Atlantic Ridge – Iceland,False,False,Unknown,,0.0,False,Very High,37.5,1,,Single Record,100.0
6427,1875,,,,,70303,273030.0,0703-03=,Mayon,Luzon-Philippines,Philippines,13.257,123.685,2462,Stratovolcano,m,1500.0,4.0,,True,False,True,Historical,D1,,4.0,,,1500.0,,,,,,,,,,,,,,False,Asia,Asia,South-Eastern Asia,114123600.0,342353.0,NOAA_NCEI_HazEL,1.0,2026-03-15,2026-03-15 23:49:32,1875-01-01,19th Century AD,1870s,Industrial Age,,Unknown,,,,Northern,Eastern,Philippine Arc,False,True,Unknown,Mudflow / Lahar,29.26,True,Unknown,11.7,19,14.0,Frequently Active,83.33
3432,1877,2.0,14.0,1068.0,10023.0,130202,332020.0,1302-02=,Mauna Loa,Hawaiian Is,United States,19.475,-155.608,4170,Shield volcano,,,,,True,False,True,Historical,D1,0.0,,,,,,,,,,,,,,,,,,True,North America,Americas,North America,340110988.0,9525067.0,NOAA_NCEI_HazEL,1.0,2026-03-15,2026-03-15 23:49:32,1877-02-14,19th Century AD,1870s,Industrial Age,Winter,Non-Explosive,1e-08,4180000000000.0,0.1,Northern,Western,Ring of Fire – Pacific,True,True,Unknown,,0.0,False,Minimal,0.0,3,25.5,Infrequently Active,100.0
3944,1877,6.0,25.0,,,150205,352050.0,1502-05=,Cotopaxi,Ecuador,Ecuador,-0.677,-78.436,5911,Stratovolcano,M,340.0,3.0,,True,False,True,Historical,D2,4.0,3.0,,,340.0,,,,,,,,,,,,,,False,South America,Americas,South America,18103660.0,276841.0,NOAA_NCEI_HazEL,1.0,2026-03-15,2026-03-15 23:49:32,1877-06-25,19th Century AD,1870s,Industrial Age,Summer,Cataclysmic,0.0001,4.18e+16,10.0,Southern,Western,Ring of Fire – Pacific,True,False,Unknown,Mudflow / Lahar,23.33,True,High,39.33,6,466.4,Moderately Active,100.0
4513,1878,1.0,10.0,1086.0,,50710,257100.0,0507-10=,Yasur,Vanuatu-SW Pacific,Vanuatu,-19.532,169.447,361,Stratovolcano,,,,1.0,True,False,True,Historical,D1,3.0,,,,,,,,,,,,,,,,,,True,Oceania,Oceania,Melanesia,321409.0,12189.0,NOAA_NCEI_HazEL,1.0,2026-03-15,2026-03-15 23:49:32,1878-01-10,19th Century AD,1870s,Industrial Age,Winter,Severe,1e-05,4180000000000000.0,3.0,Southern,Eastern,Ring of Fire – Pacific,True,True,Unknown,,0.0,False,Moderate,22.5,5,33.0,Moderately Active,100.0
16,1878,2.0,4.0,1095.0,6195.0,50214,252140.0,0502-14=,Rabaul,New Britain-SW Pac,Papua New Guinea,-4.246,152.194,688,Pyroclastic shield,T,1.0,1.0,,True,False,True,Historical,D1,3.0,1.0,,,1.0,,,,,,,,,,,,,,True,Oceania,Oceania,Melanesia,11781559.0,462840.0,NOAA_NCEI_HazEL,1.0,2026-03-15,2026-03-15 23:49:32,1878-02-04,19th Century AD,1870s,Industrial Age,Winter,Severe,1e-05,4180000000000000.0,3.0,Southern,Eastern,Ring of Fire – Pacific,True,False,Unknown,Tsunami Generated,2.77,True,Moderate,23.61,7,218.5,Moderately Active,100.0
5664,1878,2.0,11.0,1096.0,6625.0,50710,257100.0,0507-10=,Yasur,Vanuatu-SW Pacific,Vanuatu,-19.532,169.447,361,Stratovolcano,,,,,True,False,True,Historical,D1,,,,,,,,,,,,,,,,,,,True,Oceania,Oceania,Melanesia,321409.0,12189.0,NOAA_NCEI_HazEL,1.0,2026-03-15,2026-03-15 23:49:32,1878-02-11,19th Century AD,1870s,Industrial Age,Winter,Unknown,,,,Southern,Eastern,Ring of Fire – Pacific,True,True,Unknown,,0.0,False,Unknown,0.0,5,33.0,Moderately Active,83.33
4522,1878,8.0,29.0,1109.0,6198.0,110129,311290.0,1101-29-,Okmok,Aleutian Is,United States,53.43,-168.13,1073,Shield volcano,,,,,True,False,True,Historical,D1,2.0,,,,,,,,,,,,,,,,,,True,North America,Americas,North America,340110988.0,9525067.0,NOAA_NCEI_HazEL,1.0,2026-03-15,2026-03-15 23:49:32,1878-08-29,19th Century AD,1870s,Industrial Age,Summer,Explosive,1e-06,418000000000000.0,1.0,Northern,Western,Ring of Fire – Pacific,True,False,Unknown,,0.0,False,Low,15.0,2,1978.0,Infrequently Active,100.0
1440,1879,2.0,4.0,5480.0,,10104,211040.0,0101-04=,Stromboli,Italy,Italy,38.789,15.213,924,Stratovolcano,,,,,True,False,True,Historical,D1,2.0,,,,,,,,,,,,,,,,,,True,Europe,Europe,Southern Europe,58927633.0,301336.0,NOAA_NCEI_HazEL,1.0,2026-03-15,2026-03-15 23:49:32,1879-02-04,19th Century AD,1870s,Industrial Age,Winter,Explosive,1e-06,418000000000000.0,1.0,Northern,Eastern,Mediterranean Volcanic Belt,False,False,Unknown,,0.0,False,Low,15.0,15,10.4,Frequently Active,100.0
3,1883,3.0,,,,30301,233010.0,0303-01=,Karthala,Indian O-W,Comoros,-11.75,43.38,2361,Shield volcano,L,,3.0,3.0,True,False,True,Historical,D1,2.0,3.0,3.0,,,,,,,,,,,,,,,,False,Africa,Africa,Eastern Africa,919901.0,1862.0,NOAA_NCEI_HazEL,1.0,2026-03-15,2026-03-15 23:49:32,1883-03-01,19th Century AD,1880s,Industrial Age,Spring,Explosive,1e-06,418000000000000.0,1.0,Southern,Eastern,East African Rift,False,False,Unknown,Lava Flow,0.0,False,Low,15.0,6,24.4,Moderately Active,100.0
2429,1883,8.0,27.0,1142.0,,60200,262000.0,0602-00=,Krakatau,Indonesia,Indonesia,-6.101,105.423,285,Caldera,"W,P,I",36417.0,4.0,3.0,True,False,True,Historical,D1,6.0,4.0,3.0,3.0,2000.0,,3.0,,3.0,3.0,,,,,,,,,True,Asia,Asia,South-Eastern Asia,284438782.0,1904569.0,NOAA_NCEI_HazEL,1.0,2026-03-15,2026-03-15 23:49:32,1883-08-27,19th Century AD,1880s,Industrial Age,Summer,Colossal,0.01,4.18e+18,30.0,Southern,Eastern,Sunda Arc – Indonesia,False,True,Unknown,"W,P,I",40.0,True,Extreme,61.0,9,200.2,Moderately Active,100.0
3268,1883,10.0,6.0,1143.0,,110301,313010.0,1103-01-,Augustine,Alaska-SW,United States,59.363,-153.435,1218,Lava dome,,8.0,1.0,1.0,True,False,True,Historical,D1,4.0,1.0,,1.0,8.0,,,,,,,,,,,,,,True,North America,Americas,North America,340110988.0,9525067.0,NOAA_NCEI_HazEL,1.0,2026-03-15,2026-03-15 23:49:32,1883-10-06,19th Century AD,1880s,Industrial Age,Autumn,Cataclysmic,0.0001,4.18e+16,10.0,Northern,Western,Ring of Fire – Pacific,True,False,Unknown,,8.79,True,High,33.52,3,766.5,Infrequently Active,100.0
5264,1883,10.0,10.0,1144.0,,60200,262000.0,0602-00=,Krakatau,Indonesia,Indonesia,-6.101,105.423,285,Caldera,,,,,True,False,True,Historical,D1,,,,,,,,,,,,,,,,,,,True,Asia,Asia,South-Eastern Asia,284438782.0,1904569.0,NOAA_NCEI_HazEL,1.0,2026-03-15,2026-03-15 23:49:32,1883-10-10,19th Century AD,1880s,Industrial Age,Autumn,Unknown,,,,Southern,Eastern,Sunda Arc – Indonesia,False,True,Unknown,,0.0,False,Unknown,0.0,9,200.2,Moderately Active,83.33
2190,1883,12.0,,,,50502,255020.0,0505-02=,Bagana,Bougainville-SW Paci,Papua New Guinea,-6.137,155.196,1855,Lava cone,T,,2.0,,True,False,True,Historical,D1,3.0,2.0,,,,,,,,,,,,,,,,,False,Oceania,Oceania,Melanesia,11781559.0,462840.0,NOAA_NCEI_HazEL,1.0,2026-03-15,2026-03-15 23:49:32,1883-12-01,19th Century AD,1880s,Industrial Age,Winter,Severe,1e-05,4180000000000000.0,3.0,Southern,Eastern,Ring of Fire – Pacific,True,False,Unknown,Tsunami Generated,0.0,False,Moderate,22.5,2,140.0,Infrequently Active,100.0
5285,1884,2.0,,1145.0,,60200,262000.0,0602-00=,Krakatau,Indonesia,Indonesia,-6.101,105.423,285,Caldera,,,,,True,False,True,Historical,D1,,,,,,,,,,,,,,,,,,,True,Asia,Asia,South-Eastern Asia,284438782.0,1904569.0,NOAA_NCEI_HazEL,1.0,2026-03-15,2026-03-15 23:49:32,1884-02-01,19th Century AD,1880s,Industrial Age,Winter,Unknown,,,,Southern,Eastern,Sunda Arc – Indonesia,False,True,Unknown,,0.0,False,Unknown,0.0,9,200.2,Moderately Active,83.33
167,1885,4.0,18.0,,,60330,263300.0,0603-30=,Semeru,Java,Indonesia,-8.108,112.922,3657,Stratovolcano,A,74.0,2.0,,True,False,True,Historical,D1,2.0,2.0,,,74.0,,,,,,,,,,,,,,False,Asia,Asia,South-Eastern Asia,284438782.0,1904569.0,NOAA_NCEI_HazEL,1.0,2026-03-15,2026-03-15 23:49:32,1885-04-18,19th Century AD,1880s,Industrial Age,Spring,Explosive,1e-06,418000000000000.0,1.0,Southern,Eastern,Sunda Arc – Indonesia,False,False,Unknown,Ash / Tephra,17.27,True,Low,21.91,25,6.8,Frequently Active,100.0
3846,1885,5.0,25.0,,2347.0,150106,351060.0,1501-06=,Purace,Colombia,Colombia,2.32,-76.4,4650,Stratovolcano,,,2.0,2.0,True,False,True,Historical,D1,3.0,2.0,2.0,2.0,,,,,,2.0,,,,,,,,,False,South America,Americas,South America,53057212.0,1141748.0,NOAA_NCEI_HazEL,1.0,2026-03-15,2026-03-15 23:49:32,1885-05-25,19th Century AD,1880s,Industrial Age,Spring,Severe,1e-05,4180000000000000.0,3.0,Northern,Western,Ring of Fire – Pacific,True,False,Unknown,,0.0,False,Moderate,22.5,2,64.0,Infrequently Active,100.0
3965,1886,1.0,11.0,,,150208,352080.0,1502-08=,Tungurahua,Ecuador,Ecuador,-1.467,-78.442,5023,Stratovolcano,P,2.0,1.0,,True,False,True,Historical,D1,4.0,1.0,,,2.0,,,,,,,,,,,,,,False,South America,Americas,South America,18103660.0,276841.0,NOAA_NCEI_HazEL,1.0,2026-03-15,2026-03-15 23:49:32,1886-01-11,19th Century AD,1880s,Industrial Age,Winter,Cataclysmic,0.0001,4.18e+16,10.0,Southern,Western,Ring of Fire – Pacific,True,False,Unknown,Phreatic / Phreatomagmatic,4.39,True,High,31.76,11,302.1,Frequently Active,100.0
1343,1886,6.0,10.0,5777.0,,40105,241050.0,0401-05=,Okataina,New Zealand,New Zealand,-38.157,176.507,1111,Lava dome,T,153.0,3.0,,True,False,True,Historical,D1,5.0,3.0,,,153.0,,,,,,,,,,,,,,True,Oceania,Oceania,Australia and New Zealand,5324700.0,268838.0,NOAA_NCEI_HazEL,1.0,2026-03-15,2026-03-15 23:49:32,1886-06-10,19th Century AD,1880s,Industrial Age,Summer,Paroxysmal,0.001,4.18e+17,20.0,Southern,Eastern,Ring of Fire – Pacific,True,False,Unknown,Tsunami Generated,20.15,True,Very High,45.56,5,32.2,Moderately Active,100.0
33,1886,8.0,31.0,,,40311,243110.0,0403-11=,Niuafo'ou,Tonga-SW Pacific,Tonga,-15.6,-175.63,260,Shield volcano,,,1.0,,True,False,True,Historical,D1,4.0,1.0,,,,,,,,,,,1.0,1.0,,,,,False,Oceania,Oceania,Polynesia,100179.0,747.0,NOAA_NCEI_HazEL,1.0,2026-03-15,2026-03-15 23:49:32,1886-08-31,19th Century AD,1880s,Industrial Age,Summer,Cataclysmic,0.0001,4.18e+16,10.0,Southern,Western,Ring of Fire – Pacific,True,True,Unknown,,0.0,False,High,30.0,2,33.0,Infrequently Active,100.0
724,1887,3.0,9.0,,,70303,273030.0,0703-03=,Mayon,Luzon-Philippines,Philippines,13.257,123.685,2462,Stratovolcano,T,15.0,1.0,1.0,True,False,True,Historical,D1,3.0,1.0,1.0,1.0,15.0,,,,,1.0,,,,,,,,,False,Asia,Asia,South-Eastern Asia,114123600.0,342353.0,NOAA_NCEI_HazEL,1.0,2026-03-15,2026-03-15 23:49:32,1887-03-09,19th Century AD,1880s,Industrial Age,Spring,Severe,1e-05,4180000000000000.0,3.0,Northern,Eastern,Philippine Arc,False,True,Unknown,Tsunami Generated,11.09,True,Moderate,26.94,19,14.0,Frequently Active,100.0
4,1888,3.0,13.0,1175.0,,50107,251070.0,0501-07=,Ritter Island,New Guinea-NE of,Papua New Guinea,-5.519,148.115,75,Stratovolcano,W,,4.0,3.0,True,False,True,Historical,D1,2.0,,,3.0,,,,,,,,,,,,,,,True,Oceania,Oceania,Melanesia,11781559.0,462840.0,NOAA_NCEI_HazEL,1.0,2026-03-15,2026-03-15 23:49:32,1888-03-13,19th Century AD,1880s,Industrial Age,Spring,Explosive,1e-06,418000000000000.0,1.0,Southern,Eastern,Intraplate / Other,False,False,Unknown,Waves / Surges,0.0,False,Low,15.0,4,39.7,Moderately Active,100.0
1211,1888,7.0,15.0,,,80316,283160.0,0803-16=,Bandaisan,Honshu-Japan,Japan,37.601,140.072,1816,Stratovolcano,"A,P",461.0,3.0,2.0,True,False,True,Historical,D3,4.0,3.0,2.0,2.0,461.0,70.0,2.0,70.0,2.0,2.0,,,,,,,,,False,Asia,Asia,Eastern Asia,123210000.0,377930.0,NOAA_NCEI_HazEL,1.0,2026-03-15,2026-03-15 23:49:32,1888-07-15,19th Century AD,1880s,Industrial Age,Summer,Cataclysmic,0.0001,4.18e+16,10.0,Northern,Eastern,Japan Arc,False,True,Unknown,"A,P",33.07,True,High,43.23,2,50.0,Infrequently Active,100.0
569,1889,9.0,6.0,1181.0,6309.0,60703,267030.0,0607-03=,Banua Wuhu,Sangihe Is-Indonesia,Indonesia,3.138,125.491,-5,Submarine volcano,,,,2.0,True,False,True,Historical,D2,2.0,,,2.0,,,,,,,,,,,,,,,True,Asia,Asia,South-Eastern Asia,284438782.0,1904569.0,NOAA_NCEI_HazEL,1.0,2026-03-15,2026-03-15 23:49:32,1889-09-06,19th Century AD,1880s,Industrial Age,Autumn,Explosive,1e-06,418000000000000.0,1.0,Northern,Eastern,Sunda Arc – Indonesia,False,True,Unknown,,0.0,False,Low,15.0,3,15.0,Infrequently Active,100.0
669,1890,6.0,29.0,,,60807,268070.0,0608-07=,Kie Besi,Halmahera-Indonesia,Indonesia,0.32,127.4,1357,Stratovolcano,,,,3.0,True,False,True,Historical,D1,2.0,,3.0,3.0,,,,,,3.0,,,,,,,,,False,Asia,Asia,South-Eastern Asia,284438782.0,1904569.0,NOAA_NCEI_HazEL,1.0,2026-03-15,2026-03-15 23:49:32,1890-06-29,19th Century AD,1890s,Industrial Age,Summer,Explosive,1e-06,418000000000000.0,1.0,Northern,Eastern,Sunda Arc – Indonesia,False,True,Unknown,,0.0,False,Low,15.0,5,85.0,Moderately Active,100.0
4443,1890,,,,,50303,253030.0,0503-03=,Victory,New Guinea,Papua New Guinea,-9.2,149.072,1832,Stratovolcano,P,,3.0,,True,False,True,Historical,D2,2.0,3.0,,,,,,,,,,,,,,,,,False,Oceania,Oceania,Melanesia,11781559.0,462840.0,NOAA_NCEI_HazEL,1.0,2026-03-15,2026-03-15 23:49:32,1890-01-01,19th Century AD,1890s,Industrial Age,,Explosive,1e-06,418000000000000.0,1.0,Southern,Eastern,Intraplate / Other,False,False,Unknown,Phreatic / Phreatomagmatic,0.0,False,Low,15.0,1,,Single Record,100.0
4450,1892,5.0,21.0,,,60112,261120.0,0601-12=,Sorikmarapi,Sumatra,Indonesia,0.686,99.539,2145,Stratovolcano,M,180.0,3.0,,True,False,True,Historical,D1,2.0,3.0,,,180.0,,,,,,,,,,,,,,False,Asia,Asia,South-Eastern Asia,284438782.0,1904569.0,NOAA_NCEI_HazEL,1.0,2026-03-15,2026-03-15 23:49:32,1892-05-21,19th Century AD,1890s,Industrial Age,Spring,Explosive,1e-06,418000000000000.0,1.0,Northern,Eastern,Sunda Arc – Indonesia,False,False,Unknown,Mudflow / Lahar,20.79,True,Low,23.32,1,,Single Record,100.0
584,1892,6.0,7.0,1197.0,,60704,267040.0,0607-04=,Awu,Sangihe Is-Indonesia,Indonesia,3.689,125.447,1318,Stratovolcano,"P,M",1532.0,4.0,3.0,True,False,True,Historical,D1,3.0,4.0,3.0,3.0,1532.0,,,,,3.0,,,,,,,,,True,Asia,Asia,South-Eastern Asia,284438782.0,1904569.0,NOAA_NCEI_HazEL,1.0,2026-03-15,2026-03-15 23:49:32,1892-06-07,19th Century AD,1890s,Industrial Age,Summer,Severe,1e-05,4180000000000000.0,3.0,Northern,Eastern,Sunda Arc – Indonesia,False,True,Unknown,"P,M",29.34,True,Moderate,34.24,6,51.0,Moderately Active,100.0
6664,1892,8.0,30.0,5608.0,,40306,243060.0,0403-06=,Tofua,Tonga-SW Pacific,Tonga,-19.75,-175.07,515,Caldera,,,,,True,False,True,Historical,D2,2.0,,,,,,,,,,,,,,,,,,True,Oceania,Oceania,Polynesia,100179.0,747.0,NOAA_NCEI_HazEL,1.0,2026-03-15,2026-03-15 23:49:32,1892-08-30,19th Century AD,1890s,Industrial Age,Summer,Explosive,1e-06,418000000000000.0,1.0,Southern,Western,Ring of Fire – Pacific,True,True,Unknown,,0.0,False,Low,15.0,1,,Single Record,100.0
6125,1893,1.0,7.0,,,150802,358020.0,1508-02=,Calbuco,Chile-S,Chile,-41.33,-72.618,1974,Stratovolcano,,,,1.0,True,False,True,Historical,D2,4.0,,1.0,,,,,,,,,,,,,,,,False,South America,Americas,South America,20206953.0,756102.0,NOAA_NCEI_HazEL,1.0,2026-03-15,2026-03-15 23:49:32,1893-01-07,19th Century AD,1890s,Industrial Age,Winter,Cataclysmic,0.0001,4.18e+16,10.0,Southern,Western,Ring of Fire – Pacific,True,False,Unknown,,0.0,False,High,30.0,5,30.5,Moderately Active,100.0
1215,1893,6.0,7.0,,,80318,283180.0,0803-18=,Azumayama,Honshu-Japan,Japan,37.735,140.244,1949,Stratovolcano,T,2.0,1.0,,True,False,True,Historical,D1,2.0,1.0,,,2.0,,,,,,,,,,,,,,False,Asia,Asia,Eastern Asia,123210000.0,377930.0,NOAA_NCEI_HazEL,1.0,2026-03-15,2026-03-15 23:49:32,1893-06-07,19th Century AD,1890s,Industrial Age,Summer,Explosive,1e-06,418000000000000.0,1.0,Northern,Eastern,Japan Arc,False,True,Unknown,Tsunami Generated,4.39,True,Low,16.76,1,,Single Record,100.0
2250,1894,10.0,,,,50704,257040.0,0507-04=,Ambrym,Vanuatu-SW Pacific,Vanuatu,-16.25,168.12,1334,Pyroclastic shield,"T,L",10.0,1.0,,True,False,True,Historical,D1,3.0,1.0,,,10.0,,,,,,,,,,,,,,False,Oceania,Oceania,Melanesia,321409.0,12189.0,NOAA_NCEI_HazEL,1.0,2026-03-15,2026-03-15 23:49:32,1894-10-01,19th Century AD,1890s,Industrial Age,Autumn,Severe,1e-05,4180000000000000.0,3.0,Southern,Eastern,Ring of Fire – Pacific,True,True,Unknown,"T,L",9.59,True,Moderate,26.34,4,656.0,Moderately Active,100.0
176,1895,5.0,22.0,,,60330,263300.0,0603-30=,Semeru,Java,Indonesia,-8.108,112.922,3657,Stratovolcano,M,80.0,2.0,1.0,True,False,True,Historical,D1,2.0,2.0,1.0,,80.0,,,,,,,,,,,,,,False,Asia,Asia,South-Eastern Asia,284438782.0,1904569.0,NOAA_NCEI_HazEL,1.0,2026-03-15,2026-03-15 23:49:32,1895-05-22,19th Century AD,1890s,Industrial Age,Spring,Explosive,1e-06,418000000000000.0,1.0,Southern,Eastern,Sunda Arc – Indonesia,False,False,Unknown,Mudflow / Lahar,17.58,True,Low,22.03,25,6.8,Frequently Active,100.0
35,1895,6.0,17.0,,,50103,251030.0,0501-03=,Karkar,New Guinea-NE of,Papua New Guinea,-4.647,145.976,1839,Stratovolcano,"I,M",21.0,1.0,,True,False,True,Historical,D1,2.0,1.0,,,1.0,,,,,,,,,,,,,,False,Oceania,Oceania,Melanesia,11781559.0,462840.0,NOAA_NCEI_HazEL,1.0,2026-03-15,2026-03-15 23:49:32,1895-06-17,19th Century AD,1890s,Industrial Age,Summer,Explosive,1e-06,418000000000000.0,1.0,Southern,Eastern,Intraplate / Other,False,False,Unknown,"I,M",12.36,True,Low,19.94,2,84.0,Infrequently Active,100.0
4472,1895,10.0,16.0,,,80209,282090.0,0802-09=,Kirishimayama,Kyushu-Japan,Japan,31.934,130.862,1700,Shield volcano,T,4.0,1.0,,True,False,True,Historical,D1,2.0,1.0,,,4.0,,,,,,,,,,,,,,False,Asia,Asia,Eastern Asia,123210000.0,377930.0,NOAA_NCEI_HazEL,1.0,2026-03-15,2026-03-15 23:49:32,1895-10-16,19th Century AD,1890s,Industrial Age,Autumn,Explosive,1e-06,418000000000000.0,1.0,Northern,Eastern,Japan Arc,False,True,Unknown,Tsunami Generated,6.44,True,Low,17.58,9,55.6,Moderately Active,100.0
1353,1895,,,,,50204,252040.0,0502-04=,Dakataua,New Britain-SW Pac,Papua New Guinea,-5.046,150.1,408,Caldera,?,,1.0,1.0,True,False,True,Anthropology,D3,2.0,1.0,1.0,,,,,,,,,,,,,,,,False,Oceania,Oceania,Melanesia,11781559.0,462840.0,NOAA_NCEI_HazEL,1.0,2026-03-15,2026-03-15 23:49:32,1895-01-01,19th Century AD,1890s,Industrial Age,,Explosive,1e-06,418000000000000.0,1.0,Southern,Eastern,Ring of Fire – Pacific,True,False,Unknown,?,0.0,False,Low,15.0,2,1242.0,Infrequently Active,100.0
4473,1896,3.0,15.0,,,80209,282090.0,0802-09=,Kirishimayama,Kyushu-Japan,Japan,31.934,130.862,1700,Shield volcano,T,1.0,1.0,,True,False,True,Historical,D1,2.0,1.0,,,1.0,1.0,1.0,1.0,1.0,,,,,,,,,,False,Asia,Asia,Eastern Asia,123210000.0,377930.0,NOAA_NCEI_HazEL,1.0,2026-03-15,2026-03-15 23:49:32,1896-03-15,19th Century AD,1890s,Industrial Age,Spring,Explosive,1e-06,418000000000000.0,1.0,Northern,Eastern,Japan Arc,False,True,Unknown,Tsunami Generated,4.16,True,Low,16.66,9,55.6,Moderately Active,100.0
6684,1897,3.0,26.0,5629.0,,50601,256010.0,0506-01=,Tinakula,Santa Cruz Is-SW Pac,Solomon Is.,-10.386,165.804,796,Stratovolcano,W,,,1.0,True,False,True,Historical,D1,2.0,,,1.0,,,,,,,,,,,,,,,True,Oceania,Oceania,Melanesia,720000.0,28896.0,NOAA_NCEI_HazEL,1.0,2026-03-15,2026-03-15 23:49:32,1897-03-26,19th Century AD,1890s,Industrial Age,Spring,Explosive,1e-06,418000000000000.0,1.0,Southern,Eastern,Ring of Fire – Pacific,True,True,Unknown,Waves / Surges,0.0,False,Low,15.0,4,43.7,Moderately Active,100.0
730,1897,5.0,23.0,,,70303,273030.0,0703-03=,Mayon,Luzon-Philippines,Philippines,13.257,123.685,2462,Stratovolcano,"P,T,M",350.0,3.0,,True,False,True,Historical,D1,3.0,3.0,,,350.0,,,,,,,,,,,,,,False,Asia,Asia,South-Eastern Asia,114123600.0,342353.0,NOAA_NCEI_HazEL,1.0,2026-03-15,2026-03-15 23:49:32,1897-05-23,19th Century AD,1890s,Industrial Age,Spring,Severe,1e-05,4180000000000000.0,3.0,Northern,Eastern,Philippine Arc,False,True,Unknown,"P,T,M",23.44,True,Moderate,31.88,19,14.0,Frequently Active,100.0
3855,1899,11.0,13.0,,,150107,351070.0,1501-07=,Dona Juana,Colombia,Colombia,1.5,-76.936,4137,Stratovolcano,P,55.0,2.0,,True,False,True,Historical,D2,4.0,2.0,,,55.0,,,,,,,,,,,,,,False,South America,Americas,South America,53057212.0,1141748.0,NOAA_NCEI_HazEL,1.0,2026-03-15,2026-03-15 23:49:32,1899-11-13,19th Century AD,1890s,Industrial Age,Autumn,Cataclysmic,0.0001,4.18e+16,10.0,Northern,Western,Ring of Fire – Pacific,True,False,Unknown,Phreatic / Phreatomagmatic,16.1,True,High,36.44,2,37.0,Infrequently Active,100.0
19,1899,,,,,50102,251020.0,0501-02=,Manam,New Guinea-NE of,Papua New Guinea,-4.08,145.037,1807,Stratovolcano,,2.0,1.0,,True,False,True,Historical,D1,2.0,1.0,,,2.0,,,,,,,,,,,,,,False,Oceania,Oceania,Melanesia,11781559.0,462840.0,NOAA_NCEI_HazEL,1.0,2026-03-15,2026-03-15 23:49:32,1899-01-01,19th Century AD,1890s,Industrial Age,,Explosive,1e-06,418000000000000.0,1.0,Southern,Eastern,Intraplate / Other,False,False,Unknown,,4.39,True,Low,16.76,9,15.0,Moderately Active,100.0
1158,1900,1.0,22.0,,,80311,283110.0,0803-11=,Asamayama,Honshu-Japan,Japan,36.406,138.523,2568,Complex volcano,,25.0,1.0,,True,False,True,Historical,D1,2.0,1.0,,,25.0,,,,,,,,,,,,,,False,Asia,Asia,Eastern Asia,123210000.0,377930.0,NOAA_NCEI_HazEL,1.0,2026-03-15,2026-03-15 23:49:32,1900-01-22,19th Century AD,1900s,Early 20th Century,Winter,Explosive,1e-06,418000000000000.0,1.0,Northern,Eastern,Japan Arc,False,True,Unknown,,13.03,True,Low,20.21,18,21.5,Frequently Active,100.0
4474,1900,2.0,16.0,,,80209,282090.0,0802-09=,Kirishimayama,Kyushu-Japan,Japan,31.934,130.862,1700,Shield volcano,,2.0,1.0,,True,False,True,Historical,D1,2.0,1.0,,,2.0,3.0,1.0,3.0,1.0,,,,,,,,,,False,Asia,Asia,Eastern Asia,123210000.0,377930.0,NOAA_NCEI_HazEL,1.0,2026-03-15,2026-03-15 23:49:32,1900-02-16,19th Century AD,1900s,Early 20th Century,Winter,Explosive,1e-06,418000000000000.0,1.0,Northern,Eastern,Japan Arc,False,True,Unknown,,7.17,True,Low,17.87,9,55.6,Moderately Active,100.0
1213,1900,7.0,17.0,,,80317,283170.0,0803-17=,Adatarayama,Honshu-Japan,Japan,37.647,140.281,1728,Stratovolcano,T,72.0,2.0,,True,False,True,Historical,D1,2.0,2.0,,,72.0,10.0,1.0,10.0,1.0,,,,,,,,,,False,Asia,Asia,Eastern Asia,123210000.0,377930.0,NOAA_NCEI_HazEL,1.0,2026-03-15,2026-03-15 23:49:32,1900-07-17,19th Century AD,1900s,Early 20th Century,Summer,Explosive,1e-06,418000000000000.0,1.0,Northern,Eastern,Japan Arc,False,True,Unknown,Tsunami Generated,21.96,True,Low,23.78,2,97.0,Infrequently Active,100.0
4965,1900,,,,,20125,221250.0,0201-25-,Bora-Bericha-Tullu Moye,Africa-NE,Ethiopia,8.211,39.081,2345,Pumice cone,,,,,True,False,True,Anthropology,D2,,,1.0,,,,,,,,,,,,,,,,False,Africa,Africa,Eastern Africa,111652998.0,1104300.0,NOAA_NCEI_HazEL,1.0,2026-03-15,2026-03-15 23:49:32,1900-01-01,19th Century AD,1900s,Early 20th Century,,Unknown,,,,Northern,Eastern,East African Rift,False,False,Unknown,,0.0,False,Unknown,0.0,1,,Single Record,83.33
137,1901,5.0,22.0,,,60328,263280.0,0603-28=,Kelud,Java,Indonesia,-7.935,112.314,1730,Stratovolcano,,,2.0,,True,False,True,Historical,D1,3.0,2.0,,,,,,,,,,,,,,,,,False,Asia,Asia,South-Eastern Asia,284438782.0,1904569.0,NOAA_NCEI_HazEL,1.0,2026-03-15,2026-03-15 23:49:32,1901-05-22,20th Century AD,1900s,Early 20th Century,Spring,Severe,1e-05,4180000000000000.0,3.0,Southern,Eastern,Sunda Arc – Indonesia,False,False,Unknown,,0.0,False,Moderate,22.5,18,41.4,Frequently Active,100.0
5064,1901,8.0,9.0,1280.0,2595.0,50706,257060.0,0507-06=,East Epi,Vanuatu-SW Pacific,Vanuatu,-16.68,168.389,833,Stratovolcano,W,,1.0,2.0,True,False,True,Historical,D1,,,,,,,,,,,,,,,,,,,True,Oceania,Oceania,Melanesia,321409.0,12189.0,NOAA_NCEI_HazEL,1.0,2026-03-15,2026-03-15 23:49:32,1901-08-09,20th Century AD,1900s,Early 20th Century,Summer,Unknown,,,,Southern,Eastern,Ring of Fire – Pacific,True,True,Unknown,Waves / Surges,0.0,False,Unknown,0.0,2,122.0,Infrequently Active,83.33
4707,1902,5.0,5.0,2881.0,,160012,360120.0,1600-12=,Pelee,W Indies,Martinique,14.809,-61.166,1372,Stratovolcano,"W,M",23.0,1.0,,True,False,True,Historical,D2,4.0,1.0,,,23.0,,,,,,,,,,,,,,True,North America,Americas,Caribbean,349925.0,1128.0,NOAA_NCEI_HazEL,1.0,2026-03-15,2026-03-15 23:49:32,1902-05-05,20th Century AD,1900s,Early 20th Century,Spring,Cataclysmic,0.0001,4.18e+16,10.0,Northern,Western,Ring of Fire – Pacific,True,False,Unknown,"W,M",12.71,True,High,35.08,6,0.0,Moderately Active,100.0
4199,1902,5.0,7.0,2873.0,,160015,360150.0,1600-15=,Soufriere St. Vincent,W Indies,St. Vincent & the Grenadines,13.33,-61.18,1220,Stratovolcano,P,1680.0,4.0,1.0,True,False,True,Historical,D1,4.0,4.0,1.0,,1680.0,,3.0,,3.0,,,,,,,,,,True,North America,Americas,Caribbean,103698.0,389.0,NOAA_NCEI_HazEL,1.0,2026-03-15,2026-03-15 23:49:32,1902-05-07,20th Century AD,1900s,Early 20th Century,Spring,Cataclysmic,0.0001,4.18e+16,10.0,Northern,Western,Ring of Fire – Pacific,True,True,Unknown,Phreatic / Phreatomagmatic,29.71,True,High,41.88,4,69.7,Moderately Active,100.0
4193,1902,5.0,8.0,1288.0,,160012,360120.0,1600-12=,Pelee,W Indies,Martinique,14.809,-61.166,1372,Stratovolcano,P,28000.0,4.0,,True,False,True,Historical,D2,4.0,4.0,,,28000.0,,,,,,,,,,,,,,True,North America,Americas,Caribbean,349925.0,1128.0,NOAA_NCEI_HazEL,1.0,2026-03-15,2026-03-15 23:49:32,1902-05-08,20th Century AD,1900s,Early 20th Century,Spring,Cataclysmic,0.0001,4.18e+16,10.0,Northern,Western,Ring of Fire – Pacific,True,False,Unknown,Phreatic / Phreatomagmatic,40.0,True,High,46.0,6,0.0,Moderately Active,100.0
4805,1902,5.0,20.0,2433.0,,160012,360120.0,1600-12=,Pelee,W Indies,Martinique,14.809,-61.166,1372,Stratovolcano,,,,1.0,True,False,True,Historical,D2,4.0,,,1.0,,,,,,,,20.0,,,,,,,True,North America,Americas,Caribbean,349925.0,1128.0,NOAA_NCEI_HazEL,1.0,2026-03-15,2026-03-15 23:49:32,1902-05-20,20th Century AD,1900s,Early 20th Century,Spring,Cataclysmic,0.0001,4.18e+16,10.0,Northern,Western,Ring of Fire – Pacific,True,False,Unknown,,0.0,False,High,30.0,6,0.0,Moderately Active,100.0
7564,1902,6.0,6.0,5696.0,,160012,360120.0,1600-12=,Pelee,W Indies,Martinique,14.809,-61.166,1372,Stratovolcano,"W,P",,,,True,False,True,Historical,D2,4.0,,,,,,,,,,,,,,,,,,True,North America,Americas,Caribbean,349925.0,1128.0,NOAA_NCEI_HazEL,1.0,2026-03-15,2026-03-15 23:49:32,1902-06-06,20th Century AD,1900s,Early 20th Century,Summer,Cataclysmic,0.0001,4.18e+16,10.0,Northern,Western,Ring of Fire – Pacific,True,False,Unknown,"W,P",0.0,False,High,30.0,6,0.0,Moderately Active,100.0
7565,1902,7.0,10.0,5697.0,,160012,360120.0,1600-12=,Pelee,W Indies,Martinique,14.809,-61.166,1372,Stratovolcano,"P,W",,,,True,False,True,Historical,D2,4.0,,,,,,,,,,,,,,,,,,True,North America,Americas,Caribbean,349925.0,1128.0,NOAA_NCEI_HazEL,1.0,2026-03-15,2026-03-15 23:49:32,1902-07-10,20th Century AD,1900s,Early 20th Century,Summer,Cataclysmic,0.0001,4.18e+16,10.0,Northern,Western,Ring of Fire – Pacific,True,False,Unknown,"P,W",0.0,False,High,30.0,6,0.0,Moderately Active,100.0
2608,1902,8.0,7.0,,,80409,284090.0,0804-09=,Izu-Torishima,Izu Is-Japan,Japan,30.484,140.303,394,Stratovolcano,,125.0,3.0,,True,False,True,Historical,D1,3.0,3.0,,,125.0,,,,,,,,,,,,,,False,Asia,Asia,Eastern Asia,123210000.0,377930.0,NOAA_NCEI_HazEL,1.0,2026-03-15,2026-03-15 23:49:32,1902-08-07,20th Century AD,1900s,Early 20th Century,Summer,Severe,1e-05,4180000000000000.0,3.0,Northern,Eastern,Japan Arc,False,True,Unknown,,19.35,True,Moderate,30.24,2,37.0,Infrequently Active,100.0
4508,1902,8.0,30.0,1291.0,,160012,360120.0,1600-12=,Pelee,W Indies,Martinique,14.809,-61.166,1372,Stratovolcano,P,1500.0,4.0,,True,False,True,Historical,D2,4.0,4.0,,,1500.0,,,,,,,,,,,,,,True,North America,Americas,Caribbean,349925.0,1128.0,NOAA_NCEI_HazEL,1.0,2026-03-15,2026-03-15 23:49:32,1902-08-30,20th Century AD,1900s,Early 20th Century,Summer,Cataclysmic,0.0001,4.18e+16,10.0,Northern,Western,Ring of Fire – Pacific,True,False,Unknown,Phreatic / Phreatomagmatic,29.26,True,High,41.7,6,0.0,Moderately Active,100.0
3521,1902,10.0,25.0,,,140203,342030.0,1402-03=,Santa Maria,Guatemala,Guatemala,14.757,-91.552,3745,Stratovolcano,"T,G",10000.0,4.0,2.0,True,False,True,Historical,D1,6.0,4.0,2.0,2.0,2500.0,,,,,2.0,,,,,,,,,False,North America,Americas,Central America,18079810.0,108889.0,NOAA_NCEI_HazEL,1.0,2026-03-15,2026-03-15 23:49:32,1902-10-25,20th Century AD,1900s,Early 20th Century,Autumn,Colossal,0.01,4.18e+18,30.0,Northern,Western,Ring of Fire – Pacific,True,False,Unknown,"T,G",36.84,True,Extreme,59.74,4,29.3,Moderately Active,100.0
87,1902,12.0,,,,60325,263250.0,0603-25=,Merapi,Java,Indonesia,-7.54,110.446,2910,Stratovolcano,P,16.0,1.0,,True,False,True,Historical,D1,2.0,1.0,,2.0,16.0,45.0,1.0,45.0,1.0,2.0,,,,,,,,,False,Asia,Asia,South-Eastern Asia,284438782.0,1904569.0,NOAA_NCEI_HazEL,1.0,2026-03-15,2026-03-15 23:49:32,1902-12-01,20th Century AD,1900s,Early 20th Century,Winter,Explosive,1e-06,418000000000000.0,1.0,Southern,Eastern,Sunda Arc – Indonesia,False,False,Unknown,Phreatic / Phreatomagmatic,18.99,True,Low,22.6,28,15.9,Persistently Active,100.0
27,1903,8.0,30.0,,,40105,241050.0,0401-05=,Okataina,New Zealand,New Zealand,-38.157,176.507,1111,Lava dome,T,4.0,1.0,,True,False,True,Historical,D1,1.0,1.0,,,4.0,,,,,,,,,,,,,,False,Oceania,Oceania,Australia and New Zealand,5324700.0,268838.0,NOAA_NCEI_HazEL,1.0,2026-03-15,2026-03-15 23:49:32,1903-08-30,20th Century AD,1900s,Early 20th Century,Summer,Gentle,1e-07,41800000000000.0,0.3,Southern,Eastern,Ring of Fire – Pacific,True,False,Unknown,Tsunami Generated,6.44,True,Minimal,10.08,5,32.2,Moderately Active,100.0
6267,1903,,,,,30301,233010.0,0303-01=,Karthala,Indian O-W,Comoros,-11.75,43.38,2361,Shield volcano,G,17.0,1.0,,True,False,False,Historical,D1,,1.0,,,17.0,,,,,,,,,,,,,,False,Africa,Africa,Eastern Africa,919901.0,1862.0,NOAA_NCEI_HazEL,1.0,2026-03-15,2026-03-15 23:49:32,1903-01-01,20th Century AD,1900s,Early 20th Century,,Unknown,,,,Southern,Eastern,East African Rift,False,False,Unknown,Gas / SO₂ Emissions,11.56,True,Unknown,4.62,6,24.4,Moderately Active,83.33
7581,1904,1.0,30.0,,,60325,263250.0,0603-25=,Merapi,Java,Indonesia,-7.54,110.446,2910,Stratovolcano,P,16.0,1.0,,True,False,True,Historical,D1,2.0,1.0,,,16.0,45.0,1.0,45.0,1.0,,,,,,,,,,False,Asia,Asia,South-Eastern Asia,284438782.0,1904569.0,NOAA_NCEI_HazEL,1.0,2026-03-15,2026-03-15 23:49:32,1904-01-30,20th Century AD,1900s,Early 20th Century,Winter,Explosive,1e-06,418000000000000.0,1.0,Southern,Eastern,Sunda Arc – Indonesia,False,False,Unknown,Phreatic / Phreatomagmatic,18.99,True,Low,22.6,28,15.9,Persistently Active,100.0
15,1904,2.0,25.0,,,30301,233010.0,0303-01=,Karthala,Indian O-W,Comoros,-11.75,43.38,2361,Shield volcano,L,1.0,1.0,1.0,True,False,True,Historical,D1,2.0,1.0,1.0,,1.0,,,,,,,,,,,,,,False,Africa,Africa,Eastern Africa,919901.0,1862.0,NOAA_NCEI_HazEL,1.0,2026-03-15,2026-03-15 23:49:32,1904-02-25,20th Century AD,1900s,Early 20th Century,Winter,Explosive,1e-06,418000000000000.0,1.0,Southern,Eastern,East African Rift,False,False,Unknown,Lava Flow,2.77,True,Low,16.11,6,24.4,Moderately Active,100.0
12,1905,3.0,10.0,,,10102,211020.0,0101-02=,Vesuvius,Italy,Italy,40.821,14.426,1281,Complex volcano,T,1.0,1.0,,True,False,True,Historical,D2,2.0,1.0,,,1.0,1.0,1.0,1.0,1.0,,,,,,,,,,False,Europe,Europe,Southern Europe,58927633.0,301336.0,NOAA_NCEI_HazEL,1.0,2026-03-15,2026-03-15 23:49:32,1905-03-10,20th Century AD,1900s,Early 20th Century,Spring,Explosive,1e-06,418000000000000.0,1.0,Northern,Eastern,Mediterranean Volcanic Belt,False,False,Unknown,Tsunami Generated,4.16,True,Low,16.66,18,256.7,Frequently Active,100.0
2068,1905,8.0,4.0,1326.0,,40404,244040.0,0404-04=,Savaii,Samoa-SW Pacific,Samoa,-13.612,-172.525,1858,Shield volcano,,,,3.0,True,False,True,Historical,D2,2.0,,3.0,3.0,,,,,,3.0,,,,,,,,,True,Oceania,Oceania,Polynesia,205557.0,2842.0,NOAA_NCEI_HazEL,1.0,2026-03-15,2026-03-15 23:49:32,1905-08-04,20th Century AD,1900s,Early 20th Century,Summer,Explosive,1e-06,418000000000000.0,1.0,Southern,Western,Ring of Fire – Pacific,True,True,Unknown,,0.0,False,Low,15.0,8,0.3,Moderately Active,100.0
1344,1906,4.0,4.0,3413.0,,10102,211020.0,0101-02=,Vesuvius,Italy,Italy,40.821,14.426,1281,Complex volcano,"T,L",350.0,3.0,,True,False,True,Historical,D2,3.0,3.0,,,350.0,300.0,3.0,300.0,3.0,,,,,,,,,,True,Europe,Europe,Southern Europe,58927633.0,301336.0,NOAA_NCEI_HazEL,1.0,2026-03-15,2026-03-15 23:49:32,1906-04-04,20th Century AD,1900s,Early 20th Century,Spring,Severe,1e-05,4180000000000000.0,3.0,Northern,Eastern,Mediterranean Volcanic Belt,False,False,Unknown,"T,L",34.86,True,Moderate,36.44,18,256.7,Frequently Active,100.0
7529,1906,11.0,28.0,1346.0,,40404,244040.0,0404-04=,Savaii,Samoa-SW Pacific,Samoa,-13.612,-172.525,1858,Shield volcano,W,,,,True,False,True,Historical,D2,2.0,,,,,,,,,,,,,,,,,,True,Oceania,Oceania,Polynesia,205557.0,2842.0,NOAA_NCEI_HazEL,1.0,2026-03-15,2026-03-15 23:49:32,1906-11-28,20th Century AD,1900s,Early 20th Century,Autumn,Explosive,1e-06,418000000000000.0,1.0,Southern,Western,Ring of Fire – Pacific,True,True,Unknown,Waves / Surges,0.0,False,Low,15.0,8,0.3,Moderately Active,100.0
7530,1907,6.0,8.0,1356.0,,40404,244040.0,0404-04=,Savaii,Samoa-SW Pacific,Samoa,-13.612,-172.525,1858,Shield volcano,W,,,,True,False,True,Historical,D2,2.0,,,,,,,,,,,,,,,,,,True,Oceania,Oceania,Polynesia,205557.0,2842.0,NOAA_NCEI_HazEL,1.0,2026-03-15,2026-03-15 23:49:32,1907-06-08,20th Century AD,1900s,Early 20th Century,Summer,Explosive,1e-06,418000000000000.0,1.0,Southern,Western,Ring of Fire – Pacific,True,True,Unknown,Waves / Surges,0.0,False,Low,15.0,8,0.3,Moderately Active,100.0
7531,1907,6.0,19.0,1357.0,,40404,244040.0,0404-04=,Savaii,Samoa-SW Pacific,Samoa,-13.612,-172.525,1858,Shield volcano,W,,,,True,False,True,Historical,D2,2.0,,,,,,,,,,,,,,,,,,True,Oceania,Oceania,Polynesia,205557.0,2842.0,NOAA_NCEI_HazEL,1.0,2026-03-15,2026-03-15 23:49:32,1907-06-19,20th Century AD,1900s,Early 20th Century,Summer,Explosive,1e-06,418000000000000.0,1.0,Southern,Western,Ring of Fire – Pacific,True,True,Unknown,Waves / Surges,0.0,False,Low,15.0,8,0.3,Moderately Active,100.0
7532,1907,6.0,27.0,1358.0,,40404,244040.0,0404-04=,Savaii,Samoa-SW Pacific,Samoa,-13.612,-172.525,1858,Shield volcano,W,,,,True,False,True,Historical,D2,2.0,,,,,,,,,,,,,,,,,,True,Oceania,Oceania,Polynesia,205557.0,2842.0,NOAA_NCEI_HazEL,1.0,2026-03-15,2026-03-15 23:49:32,1907-06-27,20th Century AD,1900s,Early 20th Century,Summer,Explosive,1e-06,418000000000000.0,1.0,Southern,Western,Ring of Fire – Pacific,True,True,Unknown,Waves / Surges,0.0,False,Low,15.0,8,0.3,Moderately Active,100.0
7533,1907,7.0,9.0,1359.0,,40404,244040.0,0404-04=,Savaii,Samoa-SW Pacific,Samoa,-13.612,-172.525,1858,Shield volcano,W,,,,True,False,True,Historical,D2,2.0,,,,,,,,,,,,,,,,,,True,Oceania,Oceania,Polynesia,205557.0,2842.0,NOAA_NCEI_HazEL,1.0,2026-03-15,2026-03-15 23:49:32,1907-07-09,20th Century AD,1900s,Early 20th Century,Summer,Explosive,1e-06,418000000000000.0,1.0,Southern,Western,Ring of Fire – Pacific,True,True,Unknown,Waves / Surges,0.0,False,Low,15.0,8,0.3,Moderately Active,100.0
7534,1907,7.0,25.0,1360.0,,40404,244040.0,0404-04=,Savaii,Samoa-SW Pacific,Samoa,-13.612,-172.525,1858,Shield volcano,W,,,,True,False,True,Historical,D2,2.0,,,,,,,,,,,,,,,,,,True,Oceania,Oceania,Polynesia,205557.0,2842.0,NOAA_NCEI_HazEL,1.0,2026-03-15,2026-03-15 23:49:32,1907-07-25,20th Century AD,1900s,Early 20th Century,Summer,Explosive,1e-06,418000000000000.0,1.0,Southern,Western,Ring of Fire – Pacific,True,True,Unknown,Waves / Surges,0.0,False,Low,15.0,8,0.3,Moderately Active,100.0
2029,1907,7.0,,1365.0,10011.0,40301,243010.0,0403-01=,Unnamed,Tonga-SW Pacific,Tonga,-21.338,-175.65,-68,Submarine volcano,,,,,True,False,True,Historical,D2,0.0,,,,,,,,,,,,,,,,,,True,Oceania,Oceania,Polynesia,100179.0,747.0,NOAA_NCEI_HazEL,1.0,2026-03-15,2026-03-15 23:49:32,1907-07-01,20th Century AD,1900s,Early 20th Century,Summer,Non-Explosive,1e-08,4180000000000.0,0.1,Southern,Western,Ring of Fire – Pacific,True,True,Unknown,,0.0,False,Minimal,0.0,3,34.0,Infrequently Active,100.0
11,1907,8.0,4.0,,,201112,221112.0,0201-112,Alayta,Africa-NE,Ethiopia,12.888,40.573,1496,Shield volcano,,,1.0,,True,False,True,Historical,D2,2.0,1.0,,,,,,,,,,,,,,,,,False,Africa,Africa,Eastern Africa,111652998.0,1104300.0,NOAA_NCEI_HazEL,1.0,2026-03-15,2026-03-15 23:49:32,1907-08-04,20th Century AD,1900s,Early 20th Century,Summer,Explosive,1e-06,418000000000000.0,1.0,Northern,Eastern,East African Rift,False,False,Unknown,,0.0,False,Low,15.0,1,,Single Record,100.0
411,1907,9.0,28.0,,,60418,264180.0,0604-18=,Lewotobi,Lesser Sunda Is,Indonesia,-8.542,122.775,1703,Stratovolcano,,1.0,1.0,,True,False,True,Historical,D1,2.0,1.0,,,1.0,,1.0,,1.0,,,,,,,,,,False,Asia,Asia,South-Eastern Asia,284438782.0,1904569.0,NOAA_NCEI_HazEL,1.0,2026-03-15,2026-03-15 23:49:32,1907-09-28,20th Century AD,1900s,Early 20th Century,Autumn,Explosive,1e-06,418000000000000.0,1.0,Southern,Eastern,Sunda Arc – Indonesia,False,False,Unknown,,2.77,True,Low,16.11,4,52.0,Moderately Active,100.0
4984,1907,10.0,6.0,1363.0,,40404,244040.0,0404-04=,Savaii,Samoa-SW Pacific,Samoa,-13.612,-172.525,1858,Shield volcano,,,,3.0,True,False,True,Historical,D2,,,3.0,3.0,,,,,,3.0,,,,,,,,,True,Oceania,Oceania,Polynesia,205557.0,2842.0,NOAA_NCEI_HazEL,1.0,2026-03-15,2026-03-15 23:49:32,1907-10-06,20th Century AD,1900s,Early 20th Century,Autumn,Unknown,,,,Southern,Western,Ring of Fire – Pacific,True,True,Unknown,,0.0,False,Unknown,0.0,8,0.3,Moderately Active,83.33
1713,1909,4.0,28.0,,8158.0,20401,224010.0,0204-01=,Cameroon,Africa-W,Cameroon,4.203,9.17,4095,Stratovolcano,,,,,True,False,True,Historical,D1,2.0,,,,,,,,,,,,,,,,,,False,Africa,Africa,Middle Africa,29442327.0,475442.0,NOAA_NCEI_HazEL,1.0,2026-03-15,2026-03-15 23:49:32,1909-04-28,20th Century AD,1900s,Early 20th Century,Spring,Explosive,1e-06,418000000000000.0,1.0,Northern,Eastern,Intraplate / Other,False,False,Unknown,,0.0,False,Low,15.0,1,,Single Record,100.0
191,1909,8.0,29.0,,,60330,263300.0,0603-30=,Semeru,Java,Indonesia,-8.108,112.922,3657,Stratovolcano,m,221.0,3.0,1.0,True,False,True,Historical,D1,2.0,3.0,1.0,,221.0,,,,,,,,,,,,,,False,Asia,Asia,South-Eastern Asia,284438782.0,1904569.0,NOAA_NCEI_HazEL,1.0,2026-03-15,2026-03-15 23:49:32,1909-08-29,20th Century AD,1900s,Early 20th Century,Summer,Explosive,1e-06,418000000000000.0,1.0,Southern,Eastern,Sunda Arc – Indonesia,False,False,Unknown,Mudflow / Lahar,21.61,True,Low,23.64,25,6.8,Frequently Active,100.0
6269,1910,3.0,20.0,,,40107,241070.0,0401-07=,Taupo,New Zealand,New Zealand,-38.781,175.893,760,Caldera,m,1.0,1.0,,True,False,False,Radiocarbon,D6,,1.0,,,1.0,,,,,,,,,,,,,,False,Oceania,Oceania,Australia and New Zealand,5324700.0,268838.0,NOAA_NCEI_HazEL,1.0,2026-03-15,2026-03-15 23:49:32,1910-03-20,20th Century AD,1910s,Early 20th Century,Spring,Unknown,,,,Southern,Eastern,Ring of Fire – Pacific,True,False,Unknown,Mudflow / Lahar,2.77,True,Unknown,1.11,4,1123.3,Moderately Active,83.33
2696,1910,7.0,25.0,,,80503,285030.0,0805-03=,Toya,Hokkaido-Japan,Japan,42.544,140.839,733,Stratovolcano,M,1.0,1.0,,True,False,True,Historical,D1,2.0,1.0,,,1.0,,,,,,,,,,,,,,False,Asia,Asia,Eastern Asia,123210000.0,377930.0,NOAA_NCEI_HazEL,1.0,2026-03-15,2026-03-15 23:49:32,1910-07-25,20th Century AD,1910s,Early 20th Century,Summer,Explosive,1e-06,418000000000000.0,1.0,Northern,Eastern,Japan Arc,False,True,Unknown,Mudflow / Lahar,2.77,True,Low,16.11,8,45.0,Moderately Active,100.0
761,1911,1.0,30.0,1392.0,8391.0,70307,273070.0,0703-07=,Taal,Luzon-Philippines,Philippines,14.011,120.998,311,Stratovolcano,"P,W",1335.0,4.0,3.0,True,False,True,Historical,D1,3.0,4.0,3.0,3.0,1335.0,199.0,3.0,199.0,3.0,3.0,543.0,543.0,,,,,,,True,Asia,Asia,South-Eastern Asia,114123600.0,342353.0,NOAA_NCEI_HazEL,1.0,2026-03-15,2026-03-15 23:49:32,1911-01-30,20th Century AD,1910s,Early 20th Century,Winter,Severe,1e-05,4180000000000000.0,3.0,Northern,Eastern,Philippine Arc,False,True,Unknown,"P,W",39.39,True,Moderate,38.26,9,700.0,Moderately Active,100.0
4481,1911,5.0,8.0,,,80311,283110.0,0803-11=,Asamayama,Honshu-Japan,Japan,36.406,138.523,2568,Complex volcano,T,1.0,1.0,,True,False,True,Historical,D1,2.0,1.0,,2.0,1.0,2.0,1.0,2.0,1.0,2.0,60.0,60.0,,,,,,,False,Asia,Asia,Eastern Asia,123210000.0,377930.0,NOAA_NCEI_HazEL,1.0,2026-03-15,2026-03-15 23:49:32,1911-05-08,20th Century AD,1910s,Early 20th Century,Spring,Explosive,1e-06,418000000000000.0,1.0,Northern,Eastern,Japan Arc,False,True,Unknown,Tsunami Generated,4.97,True,Low,16.99,18,21.5,Frequently Active,100.0
4482,1911,8.0,15.0,,,80311,283110.0,0803-11=,Asamayama,Honshu-Japan,Japan,36.406,138.523,2568,Complex volcano,T,2.0,1.0,,True,False,True,Historical,D1,2.0,1.0,,,2.0,36.0,1.0,36.0,1.0,,,,,,,,,,False,Asia,Asia,Eastern Asia,123210000.0,377930.0,NOAA_NCEI_HazEL,1.0,2026-03-15,2026-03-15 23:49:32,1911-08-15,20th Century AD,1910s,Early 20th Century,Summer,Explosive,1e-06,418000000000000.0,1.0,Northern,Eastern,Japan Arc,False,True,Unknown,Tsunami Generated,11.62,True,Low,19.65,18,21.5,Frequently Active,100.0
4807,1911,11.0,3.0,1400.0,,160021,,1600-21-,Piparo,Trinidad,Trinidad,10.0,-61.0,140,Mud volcano,,,,,True,False,True,Historical,D1,,,,,,,,,,,,,,,,,,,True,North America,Americas,Caribbean,1367764.0,5130.0,NOAA_NCEI_HazEL,1.0,2026-03-15,2026-03-15 23:49:32,1911-11-03,20th Century AD,1910s,Early 20th Century,Autumn,Unknown,,,,Northern,Western,Ring of Fire – Pacific,True,False,Unknown,,0.0,False,Unknown,0.0,1,,Single Record,83.33
193,1911,11.0,8.0,,,60330,263300.0,0603-30=,Semeru,Java,Indonesia,-8.108,112.922,3657,Stratovolcano,,,,1.0,True,False,True,Historical,D1,3.0,,1.0,,,,,,,,,,,,,,,,False,Asia,Asia,South-Eastern Asia,284438782.0,1904569.0,NOAA_NCEI_HazEL,1.0,2026-03-15,2026-03-15 23:49:32,1911-11-08,20th Century AD,1910s,Early 20th Century,Autumn,Severe,1e-05,4180000000000000.0,3.0,Southern,Eastern,Sunda Arc – Indonesia,False,False,Unknown,,0.0,False,Moderate,22.5,25,6.8,Frequently Active,100.0
3248,1912,9.0,6.0,,,110218,312180.0,1102-18-,Novarupta,Alaska Peninsula,United States,58.266,-155.159,841,Caldera,T,2.0,1.0,,True,False,True,Historical,D2,6.0,1.0,,,2.0,,,,,,,,,,,,,,False,North America,Americas,North America,340110988.0,9525067.0,NOAA_NCEI_HazEL,1.0,2026-03-15,2026-03-15 23:49:32,1912-09-06,20th Century AD,1910s,Early 20th Century,Autumn,Colossal,0.01,4.18e+18,30.0,Northern,Western,Ring of Fire – Pacific,True,False,Unknown,Tsunami Generated,4.39,True,Extreme,46.76,1,,Single Record,100.0
34,1912,12.0,3.0,,,20302,223020.0,0203-02=,Nyamulagira,Africa-C,"Congo, DRC",-1.408,29.2,3058,Shield volcano,L,20.0,1.0,,True,False,True,Historical,D1,3.0,1.0,,,20.0,,,,,,,,,,,,,,False,Africa,Sub-Saharan Africa,Middle Africa,102262808.0,2344858.0,NOAA_NCEI_HazEL,1.0,2026-03-15,2026-03-15 23:49:32,1912-12-03,20th Century AD,1910s,Early 20th Century,Winter,Severe,1e-05,4180000000000000.0,3.0,Southern,Eastern,East African Rift,False,False,Unknown,Lava Flow,12.18,True,Moderate,27.37,2,26.0,Infrequently Active,100.0
3479,1913,1.0,20.0,,,140104,341040.0,1401-04=,Colima,Mexico,Mexico,19.514,-103.62,3850,Stratovolcano,"P,m",13.0,1.0,,True,False,True,Historical,D1,4.0,1.0,,,13.0,,,,,,,,,,,,,,False,North America,Americas,North America,130575786.0,1964375.0,NOAA_NCEI_HazEL,1.0,2026-03-15,2026-03-15 23:49:32,1913-01-20,20th Century AD,1910s,Early 20th Century,Winter,Cataclysmic,0.0001,4.18e+16,10.0,Northern,Western,Ring of Fire – Pacific,True,False,Unknown,"P,M",10.56,True,High,34.22,4,112.3,Moderately Active,100.0
585,1913,3.0,14.0,1407.0,2973.0,60704,267040.0,0607-04=,Awu,Sangihe Is-Indonesia,Indonesia,3.689,125.447,1318,Stratovolcano,,138.0,3.0,2.0,True,False,True,Historical,D1,2.0,,,3.0,,,,,2.0,,,,,,,,,,True,Asia,Asia,South-Eastern Asia,284438782.0,1904569.0,NOAA_NCEI_HazEL,1.0,2026-03-15,2026-03-15 23:49:32,1913-03-14,20th Century AD,1910s,Early 20th Century,Spring,Explosive,1e-06,418000000000000.0,1.0,Northern,Eastern,Sunda Arc – Indonesia,False,True,Unknown,,19.74,True,Low,22.9,6,51.0,Moderately Active,100.0
6504,1913,5.0,29.0,,,80311,283110.0,0803-11=,Asamayama,Honshu-Japan,Japan,36.406,138.523,2568,Complex volcano,T,1.0,1.0,,True,False,True,Historical,D1,1.0,1.0,,,1.0,1.0,1.0,1.0,1.0,,,,,,,,,,False,Asia,Asia,Eastern Asia,123210000.0,377930.0,NOAA_NCEI_HazEL,1.0,2026-03-15,2026-03-15 23:49:32,1913-05-29,20th Century AD,1910s,Early 20th Century,Spring,Gentle,1e-07,41800000000000.0,0.3,Northern,Eastern,Japan Arc,False,True,Unknown,Tsunami Generated,4.16,True,Minimal,9.16,18,21.5,Frequently Active,100.0
195,1913,6.0,23.0,,,60330,263300.0,0603-30=,Semeru,Java,Indonesia,-8.108,112.922,3657,Stratovolcano,,,,1.0,True,False,True,Historical,D1,2.0,,1.0,,,,,,,,,,,,,,,,False,Asia,Asia,South-Eastern Asia,284438782.0,1904569.0,NOAA_NCEI_HazEL,1.0,2026-03-15,2026-03-15 23:49:32,1913-06-23,20th Century AD,1910s,Early 20th Century,Summer,Explosive,1e-06,418000000000000.0,1.0,Southern,Eastern,Sunda Arc – Indonesia,False,False,Unknown,,0.0,False,Low,15.0,25,6.8,Frequently Active,100.0
2251,1913,12.0,6.0,,,50704,257040.0,0507-04=,Ambrym,Vanuatu-SW Pacific,Vanuatu,-16.25,168.12,1334,Pyroclastic shield,T,21.0,1.0,3.0,True,False,True,Historical,D1,3.0,1.0,3.0,,21.0,,,,,,,,,,,,,,False,Oceania,Oceania,Melanesia,321409.0,12189.0,NOAA_NCEI_HazEL,1.0,2026-03-15,2026-03-15 23:49:32,1913-12-06,20th Century AD,1910s,Early 20th Century,Winter,Severe,1e-05,4180000000000000.0,3.0,Southern,Eastern,Ring of Fire – Pacific,True,True,Unknown,Tsunami Generated,12.36,True,Moderate,27.44,4,656.0,Moderately Active,100.0
867,1914,1.0,12.0,1412.0,2994.0,80208,282080.0,0802-08=,Aira,Kyushu-Japan,Japan,31.577,130.659,1117,Stratovolcano,"I,S,A,T",63.0,2.0,3.0,True,False,True,Historical,D1,4.0,1.0,1.0,4.0,28.0,,3.0,112.0,3.0,4.0,2148.0,2268.0,,,,,0.04,19.0,True,Asia,Asia,Eastern Asia,123210000.0,377930.0,NOAA_NCEI_HazEL,1.0,2026-03-15,2026-03-15 23:49:32,1914-01-12,20th Century AD,1910s,Early 20th Century,Winter,Cataclysmic,0.0001,4.18e+16,10.0,Northern,Eastern,Japan Arc,False,True,Unknown,"I,S,A,T",26.17,True,High,40.47,15,89.2,Frequently Active,100.0
32,1914,9.0,10.0,,,40104,241040.0,0401-04=,Whakaari/White Island,New Zealand,New Zealand,-37.52,177.18,294,Stratovolcano,A,11.0,1.0,,True,False,False,Historical,D1,,1.0,,,11.0,,,,,,,,,,,,,,False,Oceania,Oceania,Australia and New Zealand,5324700.0,268838.0,NOAA_NCEI_HazEL,1.0,2026-03-15,2026-03-15 23:49:32,1914-09-10,20th Century AD,1910s,Early 20th Century,Autumn,Unknown,,,,Southern,Eastern,Ring of Fire – Pacific,True,False,Unknown,Ash / Tephra,9.94,True,Unknown,3.98,2,105.0,Infrequently Active,83.33
6304,1914,,,,,50703,257030.0,0507-03=,Ambae,Vanuatu-SW Pacific,Vanuatu,-15.389,167.835,1496,Shield volcano,L,100.0,2.0,,True,False,True,Historical,D1,,2.0,,,100.0,,,,,,,,,,,,,,False,Oceania,Oceania,Melanesia,321409.0,12189.0,NOAA_NCEI_HazEL,1.0,2026-03-15,2026-03-15 23:49:32,1914-01-01,20th Century AD,1910s,Early 20th Century,,Unknown,,,,Southern,Eastern,Ring of Fire – Pacific,True,True,Unknown,Lava Flow,18.46,True,Unknown,7.38,5,87.0,Moderately Active,83.33
1354,1914,,,,,50208,252080.0,0502-08=,Witori,New Britain-SW Pac,Papua New Guinea,-5.575,150.516,724,Caldera,I,,1.0,,True,False,True,Historical,D2,3.0,1.0,,,,,,,,,,,,,,,,,False,Oceania,Oceania,Melanesia,11781559.0,462840.0,NOAA_NCEI_HazEL,1.0,2026-03-15,2026-03-15 23:49:32,1914-01-01,20th Century AD,1910s,Early 20th Century,,Severe,1e-05,4180000000000000.0,3.0,Southern,Eastern,Ring of Fire – Pacific,True,False,Unknown,Inundation / Lahar,0.0,False,Moderate,22.5,4,1971.3,Moderately Active,100.0
2594,1915,6.0,19.0,5972.0,,80407,284070.0,0804-07=,Myojinsho,Izu Is-Japan,Japan,31.888,139.918,11,Submarine volcano,W,,,,True,False,True,Historical,D1,0.0,,,,,,,,,,,,,,,,,,True,Asia,Asia,Eastern Asia,123210000.0,377930.0,NOAA_NCEI_HazEL,1.0,2026-03-15,2026-03-15 23:49:32,1915-06-19,20th Century AD,1910s,Early 20th Century,Summer,Non-Explosive,1e-08,4180000000000.0,0.1,Northern,Eastern,Japan Arc,False,True,Unknown,Waves / Surges,0.0,False,Minimal,0.0,8,5.4,Moderately Active,100.0
3966,1916,3.0,3.0,,,150208,352080.0,1502-08=,Tungurahua,Ecuador,Ecuador,-1.467,-78.442,5023,Stratovolcano,,,,,True,False,True,Historical,D1,4.0,,,,,,,,,,,,,,,,,,False,South America,Americas,South America,18103660.0,276841.0,NOAA_NCEI_HazEL,1.0,2026-03-15,2026-03-15 23:49:32,1916-03-03,20th Century AD,1910s,Early 20th Century,Spring,Cataclysmic,0.0001,4.18e+16,10.0,Southern,Western,Ring of Fire – Pacific,True,False,Unknown,,0.0,False,High,30.0,11,302.1,Frequently Active,100.0
4743,1916,7.0,3.0,3147.0,,10104,211040.0,0101-04=,Stromboli,Italy,Italy,38.789,15.213,924,Stratovolcano,,,,1.0,True,False,True,Historical,D1,3.0,,,,,,,,,,,,,,,,,,True,Europe,Europe,Southern Europe,58927633.0,301336.0,NOAA_NCEI_HazEL,1.0,2026-03-15,2026-03-15 23:49:32,1916-07-03,20th Century AD,1910s,Early 20th Century,Summer,Severe,1e-05,4180000000000000.0,3.0,Northern,Eastern,Mediterranean Volcanic Belt,False,False,Unknown,,0.0,False,Moderate,22.5,15,10.4,Frequently Active,100.0
1666,1917,1.0,1.0,,,20212,222120.0,0202-12=,"Lengai, Ol Doinyo",Africa-E,Tanzania,-2.764,35.914,2962,Stratovolcano,,,,1.0,True,False,True,Historical,D1,3.0,,1.0,,,,,,,,,,,,,,,,False,Africa,Africa,Eastern Africa,68153004.0,947303.0,NOAA_NCEI_HazEL,1.0,2026-03-15,2026-03-15 23:49:32,1917-01-01,20th Century AD,1910s,Early 20th Century,Winter,Severe,1e-05,4180000000000000.0,3.0,Southern,Eastern,East African Rift,False,False,Unknown,,0.0,False,Moderate,22.5,4,16.7,Moderately Active,100.0
18,1917,4.0,1.0,,,40105,241050.0,0401-05=,Okataina,New Zealand,New Zealand,-38.157,176.507,1111,Lava dome,T,2.0,1.0,,True,False,True,Historical,D1,1.0,1.0,,,2.0,3.0,1.0,3.0,1.0,,,,,,,,,,False,Oceania,Oceania,Australia and New Zealand,5324700.0,268838.0,NOAA_NCEI_HazEL,1.0,2026-03-15,2026-03-15 23:49:32,1917-04-01,20th Century AD,1910s,Early 20th Century,Spring,Gentle,1e-07,41800000000000.0,0.3,Southern,Eastern,Ring of Fire – Pacific,True,False,Unknown,Tsunami Generated,7.17,True,Minimal,10.37,5,32.2,Moderately Active,100.0
4160,1917,4.0,,,,150802,358020.0,1508-02=,Calbuco,Chile-S,Chile,-41.33,-72.618,1974,Stratovolcano,,,,,True,False,True,Historical,D2,3.0,,,,,,,,,,,,,,,,,,False,South America,Americas,South America,20206953.0,756102.0,NOAA_NCEI_HazEL,1.0,2026-03-15,2026-03-15 23:49:32,1917-04-01,20th Century AD,1910s,Early 20th Century,Spring,Severe,1e-05,4180000000000000.0,3.0,Southern,Western,Ring of Fire – Pacific,True,False,Unknown,,0.0,False,Moderate,22.5,5,30.5,Moderately Active,100.0
3664,1917,6.0,7.0,,6877.0,140305,343050.0,1403-05=,San Salvador,El Salvador,El Salvador,13.734,-89.294,1893,Stratovolcano,"S,L",325.0,3.0,,True,False,True,Historical,D2,3.0,3.0,,,325.0,,,,,,,,,,,,,,False,North America,Americas,Central America,6029976.0,21041.0,NOAA_NCEI_HazEL,1.0,2026-03-15,2026-03-15 23:49:32,1917-06-07,20th Century AD,1910s,Early 20th Century,Summer,Severe,1e-05,4180000000000000.0,3.0,Northern,Western,Ring of Fire – Pacific,True,False,Unknown,"S,L",23.15,True,Moderate,31.76,3,663.5,Infrequently Active,100.0
4784,1918,7.0,18.0,1454.0,,60703,267030.0,0607-03=,Banua Wuhu,Sangihe Is-Indonesia,Indonesia,3.138,125.491,-5,Submarine volcano,,,,,True,False,True,Historical,D2,3.0,,,,,,,,,,,,,,,,,,True,Asia,Asia,South-Eastern Asia,284438782.0,1904569.0,NOAA_NCEI_HazEL,1.0,2026-03-15,2026-03-15 23:49:32,1918-07-18,20th Century AD,1910s,Early 20th Century,Summer,Severe,1e-05,4180000000000000.0,3.0,Northern,Eastern,Sunda Arc – Indonesia,False,True,Unknown,,0.0,False,Moderate,22.5,3,15.0,Infrequently Active,100.0
4238,1918,10.0,12.0,1452.0,,170203,372030.0,1702-03=,Katla,Iceland-S,Iceland,63.633,-19.083,1490,Subglacial volcano,,,,1.0,True,False,True,Historical,D2,4.0,,1.0,,,,,,,,,,,,,,,,True,Europe,Europe,Northern Europe,391810.0,103000.0,NOAA_NCEI_HazEL,1.0,2026-03-15,2026-03-15 23:49:32,1918-10-12,20th Century AD,1910s,Early 20th Century,Autumn,Cataclysmic,0.0001,4.18e+16,10.0,Northern,Western,Mid-Atlantic Ridge – Iceland,False,False,Unknown,,0.0,False,High,30.0,15,77.9,Frequently Active,100.0
5544,1919,2.0,19.0,,,140109,341090.0,1401-09=,Popocatepetl,Mexico,Mexico,19.023,-98.622,5393,Stratovolcano,A,,2.0,,True,False,True,Historical,D1,1.0,2.0,,,,,,,,,,,,,,,,,False,North America,Americas,North America,130575786.0,1964375.0,NOAA_NCEI_HazEL,1.0,2026-03-15,2026-03-15 23:49:32,1919-02-19,20th Century AD,1910s,Early 20th Century,Winter,Gentle,1e-07,41800000000000.0,0.3,Northern,Western,Ring of Fire – Pacific,True,False,Unknown,Ash / Tephra,0.0,False,Minimal,7.5,3,51.5,Infrequently Active,100.0
4864,1919,4.0,3.0,3511.0,,60703,267030.0,0607-03=,Banua Wuhu,Sangihe Is-Indonesia,Indonesia,3.138,125.491,-5,Submarine volcano,,,,1.0,True,False,True,Historical,D2,3.0,,1.0,1.0,,,,,,1.0,,,,,,,,,True,Asia,Asia,South-Eastern Asia,284438782.0,1904569.0,NOAA_NCEI_HazEL,1.0,2026-03-15,2026-03-15 23:49:32,1919-04-03,20th Century AD,1910s,Early 20th Century,Spring,Severe,1e-05,4180000000000000.0,3.0,Northern,Eastern,Sunda Arc – Indonesia,False,True,Unknown,,0.0,False,Moderate,22.5,3,15.0,Infrequently Active,100.0
138,1919,5.0,19.0,,,60328,263280.0,0603-28=,Kelud,Java,Indonesia,-7.935,112.314,1730,Stratovolcano,M,5110.0,4.0,,True,False,True,Historical,D1,4.0,4.0,,4.0,5110.0,,,,,4.0,9000.0,9000.0,,,,,,,False,Asia,Asia,South-Eastern Asia,284438782.0,1904569.0,NOAA_NCEI_HazEL,1.0,2026-03-15,2026-03-15 23:49:32,1919-05-19,20th Century AD,1910s,Early 20th Century,Spring,Cataclysmic,0.0001,4.18e+16,10.0,Southern,Eastern,Sunda Arc – Indonesia,False,False,Unknown,Mudflow / Lahar,34.16,True,High,43.66,18,41.4,Frequently Active,100.0
25,1919,5.0,22.0,1476.0,,10104,211040.0,0101-04=,Stromboli,Italy,Italy,38.789,15.213,924,Stratovolcano,T,4.0,1.0,1.0,True,False,True,Historical,D1,3.0,1.0,1.0,1.0,4.0,,3.0,,3.0,1.0,10.0,10.0,,,,,,,True,Europe,Europe,Southern Europe,58927633.0,301336.0,NOAA_NCEI_HazEL,1.0,2026-03-15,2026-03-15 23:49:32,1919-05-22,20th Century AD,1910s,Early 20th Century,Spring,Severe,1e-05,4180000000000000.0,3.0,Northern,Eastern,Mediterranean Volcanic Belt,False,False,Unknown,Tsunami Generated,6.44,True,Moderate,25.08,15,10.4,Frequently Active,100.0
6509,1919,7.0,6.0,,,80315,283150.0,0803-15=,Nasudake,Honshu-Japan,Japan,37.125,139.963,1915,Stratovolcano,G,2.0,1.0,,True,False,False,Historical,D2,,1.0,,,2.0,,,,,,,,,,,,,,False,Asia,Asia,Eastern Asia,123210000.0,377930.0,NOAA_NCEI_HazEL,1.0,2026-03-15,2026-03-15 23:49:32,1919-07-06,20th Century AD,1910s,Early 20th Century,Summer,Unknown,,,,Northern,Eastern,Japan Arc,False,True,Unknown,Gas / SO₂ Emissions,4.39,True,Unknown,1.76,3,255.5,Infrequently Active,83.33
3443,1919,9.0,29.0,1478.0,,130202,332020.0,1302-02=,Mauna Loa,Hawaiian Is,United States,19.475,-155.608,4170,Shield volcano,,,,,True,False,True,Historical,D1,0.0,,,,,,,,,,,,,,,,,,True,North America,Americas,North America,340110988.0,9525067.0,NOAA_NCEI_HazEL,1.0,2026-03-15,2026-03-15 23:49:32,1919-09-29,20th Century AD,1910s,Early 20th Century,Autumn,Non-Explosive,1e-08,4180000000000.0,0.1,Northern,Western,Ring of Fire – Pacific,True,True,Unknown,,0.0,False,Minimal,0.0,3,25.5,Infrequently Active,100.0
92,1920,7.0,25.0,,,60325,263250.0,0603-25=,Merapi,Java,Indonesia,-7.54,110.446,2910,Stratovolcano,P,35.0,1.0,,True,False,True,Historical,D1,2.0,1.0,,,35.0,,,,,,,,,,,,,,False,Asia,Asia,South-Eastern Asia,284438782.0,1904569.0,NOAA_NCEI_HazEL,1.0,2026-03-15,2026-03-15 23:49:32,1920-07-25,20th Century AD,1920s,Early 20th Century,Summer,Explosive,1e-06,418000000000000.0,1.0,Southern,Eastern,Sunda Arc – Indonesia,False,False,Unknown,Phreatic / Phreatomagmatic,14.33,True,Low,20.73,28,15.9,Persistently Active,100.0
3651,1920,10.0,29.0,,,140303,343030.0,1403-03=,Izalco,El Salvador,El Salvador,13.813,-89.633,1950,Stratovolcano,P,,1.0,,True,False,True,Historical,D1,3.0,1.0,,,,,,,,,,,,,,,,,False,North America,Americas,Central America,6029976.0,21041.0,NOAA_NCEI_HazEL,1.0,2026-03-15,2026-03-15 23:49:32,1920-10-29,20th Century AD,1920s,Early 20th Century,Autumn,Severe,1e-05,4180000000000000.0,3.0,Northern,Western,Ring of Fire – Pacific,True,False,Unknown,Phreatic / Phreatomagmatic,0.0,False,Moderate,22.5,1,,Single Record,100.0
6510,1921,11.0,26.0,,,80315,283150.0,0803-15=,Nasudake,Honshu-Japan,Japan,37.125,139.963,1915,Stratovolcano,G,1.0,1.0,,True,False,False,Historical,D2,,1.0,,,1.0,,,,,,,,,,,,,,False,Asia,Asia,Eastern Asia,123210000.0,377930.0,NOAA_NCEI_HazEL,1.0,2026-03-15,2026-03-15 23:49:32,1921-11-26,20th Century AD,1920s,Early 20th Century,Autumn,Unknown,,,,Northern,Eastern,Japan Arc,False,True,Unknown,Gas / SO₂ Emissions,2.77,True,Unknown,1.11,3,255.5,Infrequently Active,83.33
7444,1923,3.0,2.0,5720.0,10435.0,70506,275060.0,0705-06-,"Cendres, Ile des",SE Asia,Vietnam,10.158,109.014,-20,Submarine volcanoes,L,,,1.0,True,False,True,Historical,D2,2.0,,,,,,,,,,,,,,,,,,True,Asia,Asia,South-Eastern Asia,101343800.0,331212.0,NOAA_NCEI_HazEL,1.0,2026-03-15,2026-03-15 23:49:32,1923-03-02,20th Century AD,1920s,Early 20th Century,Spring,Explosive,1e-06,418000000000000.0,1.0,Northern,Eastern,Intraplate / Other,False,False,Unknown,Lava Flow,0.0,False,Low,15.0,1,,Single Record,100.0
6325,1923,6.0,,,,60309,263090.0,0603-09=,Tangkuban Parahu,Java,Indonesia,-6.77,107.6,2084,Stratovolcano,G,3.0,1.0,,True,False,False,Historical,D1,,1.0,,,3.0,,,,,,,,,,,,,,False,Asia,Asia,South-Eastern Asia,284438782.0,1904569.0,NOAA_NCEI_HazEL,1.0,2026-03-15,2026-03-15 23:49:32,1923-06-01,20th Century AD,1920s,Early 20th Century,Summer,Unknown,,,,Southern,Eastern,Sunda Arc – Indonesia,False,False,Unknown,Gas / SO₂ Emissions,5.55,True,Unknown,2.22,3,66.0,Infrequently Active,83.33
4475,1923,7.0,1.0,,,80209,282090.0,0802-09=,Kirishimayama,Kyushu-Japan,Japan,31.934,130.862,1700,Shield volcano,,1.0,1.0,,True,False,True,Historical,D1,2.0,1.0,,,1.0,,,,,,,,,,,,,,False,Asia,Asia,Eastern Asia,123210000.0,377930.0,NOAA_NCEI_HazEL,1.0,2026-03-15,2026-03-15 23:49:32,1923-07-01,20th Century AD,1920s,Early 20th Century,Summer,Explosive,1e-06,418000000000000.0,1.0,Northern,Eastern,Japan Arc,False,True,Unknown,,2.77,True,Low,16.11,9,55.6,Moderately Active,100.0
3372,1924,5.0,10.0,,,130201,332010.0,1302-01-,Kilauea,Hawaiian Is,United States,19.421,-155.287,1222,Shield volcano,T,1.0,1.0,,True,False,True,Historical,D1,2.0,1.0,,,1.0,,,,,,,,,,,,,,False,North America,Americas,North America,340110988.0,9525067.0,NOAA_NCEI_HazEL,1.0,2026-03-15,2026-03-15 23:49:32,1924-05-10,20th Century AD,1920s,Early 20th Century,Spring,Explosive,1e-06,418000000000000.0,1.0,Northern,Western,Ring of Fire – Pacific,True,True,Unknown,Tsunami Generated,2.77,True,Low,16.11,16,15.2,Frequently Active,100.0
2504,1924,12.0,18.0,,,60310,263100.0,0603-10=,Papandayan,Java,Indonesia,-7.32,107.73,2665,Stratovolcano,G,1.0,1.0,,True,False,True,Historical,D2,1.0,1.0,,,1.0,,,,,,,,,,,,,,False,Asia,Asia,South-Eastern Asia,284438782.0,1904569.0,NOAA_NCEI_HazEL,1.0,2026-03-15,2026-03-15 23:49:32,1924-12-18,20th Century AD,1920s,Early 20th Century,Winter,Gentle,1e-07,41800000000000.0,0.3,Southern,Eastern,Sunda Arc – Indonesia,False,False,Unknown,Gas / SO₂ Emissions,2.77,True,Minimal,8.61,2,152.0,Infrequently Active,100.0
42,1926,1.0,23.0,,,10204,212040.0,0102-04=,Santorini,Greece,Greece,36.404,25.396,367,Shield volcano,S,48.0,1.0,,True,False,True,Historical,D2,2.0,1.0,,,48.0,,,,,,,,,,,,,,False,Europe,Europe,Southern Europe,10400720.0,131990.0,NOAA_NCEI_HazEL,1.0,2026-03-15,2026-03-15 23:49:32,1926-01-23,20th Century AD,1920s,Early 20th Century,Winter,Explosive,1e-06,418000000000000.0,1.0,Northern,Eastern,Mediterranean Volcanic Belt,False,False,Unknown,Submarine Eruption,15.57,True,Low,21.23,8,505.1,Moderately Active,100.0
2740,1926,5.0,24.0,,,80505,285050.0,0805-05=,Tokachidake,Hokkaido-Japan,Japan,43.418,142.686,2077,Stratovolcano,"M,T",144.0,3.0,,True,False,True,Historical,D1,3.0,3.0,,4.0,144.0,207.0,3.0,207.0,3.0,4.0,5080.0,5080.0,,,,,,,False,Asia,Asia,Eastern Asia,123210000.0,377930.0,NOAA_NCEI_HazEL,1.0,2026-03-15,2026-03-15 23:49:32,1926-05-24,20th Century AD,1920s,Early 20th Century,Spring,Severe,1e-05,4180000000000000.0,3.0,Northern,Eastern,Japan Arc,False,True,Unknown,"M,T",30.58,True,Moderate,34.73,3,18.0,Infrequently Active,100.0
7544,1926,9.0,8.0,,,80505,285050.0,0805-05=,Tokachidake,Hokkaido-Japan,Japan,43.418,142.686,2077,Stratovolcano,,,,,True,False,True,Historical,D1,3.0,,,,,,,,,,,,1.0,1.0,2.0,2.0,,,False,Asia,Asia,Eastern Asia,123210000.0,377930.0,NOAA_NCEI_HazEL,1.0,2026-03-15,2026-03-15 23:49:32,1926-09-08,20th Century AD,1920s,Early 20th Century,Autumn,Severe,1e-05,4180000000000000.0,3.0,Northern,Eastern,Japan Arc,False,True,Unknown,,1.1,False,Moderate,22.94,3,18.0,Infrequently Active,100.0
5565,1927,9.0,5.0,,,170402,374020.0,1704-02=,Esjufjoll,Iceland-SE,Iceland,64.25,-16.583,1620,Stratovolcano,M,1.0,1.0,,True,False,True,Historical,D2,1.0,1.0,,,1.0,,,,,,,,,,,,,,False,Europe,Europe,Northern Europe,391810.0,103000.0,NOAA_NCEI_HazEL,1.0,2026-03-15,2026-03-15 23:49:32,1927-09-05,20th Century AD,1920s,Early 20th Century,Autumn,Gentle,1e-07,41800000000000.0,0.3,Northern,Western,Mid-Atlantic Ridge – Iceland,False,False,Unknown,Mudflow / Lahar,2.77,True,Minimal,8.61,1,,Single Record,100.0
732,1928,1.0,,,,70303,273030.0,0703-03=,Mayon,Luzon-Philippines,Philippines,13.257,123.685,2462,Stratovolcano,P,,1.0,,True,False,True,Historical,D1,3.0,1.0,,,,,,,,,,,,,,,,,False,Asia,Asia,South-Eastern Asia,114123600.0,342353.0,NOAA_NCEI_HazEL,1.0,2026-03-15,2026-03-15 23:49:32,1928-01-01,20th Century AD,1920s,Early 20th Century,Winter,Severe,1e-05,4180000000000000.0,3.0,Northern,Eastern,Philippine Arc,False,True,Unknown,Phreatic / Phreatomagmatic,0.0,False,Moderate,22.5,19,14.0,Frequently Active,100.0
2431,1928,3.0,26.0,1593.0,,60200,262000.0,0602-00=,Krakatau,Indonesia,Indonesia,-6.101,105.423,285,Caldera,,,,,True,False,True,Historical,D1,2.0,,,,,,,,,,,,,,,,,,True,Asia,Asia,South-Eastern Asia,284438782.0,1904569.0,NOAA_NCEI_HazEL,1.0,2026-03-15,2026-03-15 23:49:32,1928-03-26,20th Century AD,1920s,Early 20th Century,Spring,Explosive,1e-06,418000000000000.0,1.0,Southern,Eastern,Sunda Arc – Indonesia,False,True,Unknown,,0.0,False,Low,15.0,9,200.2,Moderately Active,100.0
2573,1928,5.0,13.0,,,60320,263200.0,0603-20=,Dieng Volcanic Complex,Java,Indonesia,-7.2,109.879,2565,Complex volcano,T,40.0,1.0,,True,False,True,Historical,D1,2.0,1.0,,,40.0,,,,,,,,,,,,,,False,Asia,Asia,South-Eastern Asia,284438782.0,1904569.0,NOAA_NCEI_HazEL,1.0,2026-03-15,2026-03-15 23:49:32,1928-05-13,20th Century AD,1920s,Early 20th Century,Spring,Explosive,1e-06,418000000000000.0,1.0,Southern,Eastern,Sunda Arc – Indonesia,False,False,Unknown,Tsunami Generated,14.85,True,Low,20.94,11,23.1,Frequently Active,100.0
394,1928,8.0,4.0,1607.0,,60415,264150.0,0604-15=,Paluweh,Lesser Sunda Is,Indonesia,-8.32,121.708,875,Stratovolcano,"W,T",226.0,3.0,2.0,True,False,True,Historical,D1,3.0,2.0,1.0,2.0,98.0,,,200.0,3.0,,,,,,,,,,True,Asia,Asia,South-Eastern Asia,284438782.0,1904569.0,NOAA_NCEI_HazEL,1.0,2026-03-15,2026-03-15 23:49:32,1928-08-04,20th Century AD,1920s,Early 20th Century,Summer,Severe,1e-05,4180000000000000.0,3.0,Southern,Eastern,Sunda Arc – Indonesia,False,False,Unknown,"W,T",32.31,True,Moderate,35.42,6,17.0,Moderately Active,100.0
28,1928,11.0,8.0,,,10106,211060.0,0101-06=,Etna,Italy,Italy,37.748,14.999,3357,Stratovolcano,L,5.0,1.0,,True,False,True,Historical,D1,1.0,1.0,,,5.0,,,,,,,,,,,,,,False,Europe,Europe,Southern Europe,58927633.0,301336.0,NOAA_NCEI_HazEL,1.0,2026-03-15,2026-03-15 23:49:32,1928-11-08,20th Century AD,1920s,Early 20th Century,Autumn,Gentle,1e-07,41800000000000.0,0.3,Northern,Eastern,Mediterranean Volcanic Belt,False,False,Unknown,Lava Flow,7.17,True,Minimal,10.37,25,90.0,Frequently Active,100.0
4161,1929,1.0,6.0,,,150802,358020.0,1508-02=,Calbuco,Chile-S,Chile,-41.33,-72.618,1974,Stratovolcano,,,,,True,False,True,Historical,D2,3.0,,,,,,,,,,,,,,,,,,False,South America,Americas,South America,20206953.0,756102.0,NOAA_NCEI_HazEL,1.0,2026-03-15,2026-03-15 23:49:32,1929-01-06,20th Century AD,1920s,Early 20th Century,Winter,Severe,1e-05,4180000000000000.0,3.0,Southern,Western,Ring of Fire – Pacific,True,False,Unknown,,0.0,False,Moderate,22.5,5,30.5,Moderately Active,100.0
2686,1929,6.0,17.0,,,80502,285020.0,0805-02=,Hokkaido-Komagatake,Hokkaido-Japan,Japan,42.063,140.677,1131,Stratovolcano,T,2.0,1.0,,True,False,True,Historical,D1,4.0,1.0,,4.0,2.0,4.0,1.0,4.0,1.0,4.0,1915.0,1915.0,,,,,,,False,Asia,Asia,Eastern Asia,123210000.0,377930.0,NOAA_NCEI_HazEL,1.0,2026-03-15,2026-03-15 23:49:32,1929-06-17,20th Century AD,1920s,Early 20th Century,Summer,Cataclysmic,0.0001,4.18e+16,10.0,Northern,Eastern,Japan Arc,False,True,Unknown,Tsunami Generated,7.61,True,High,33.04,3,144.5,Infrequently Active,100.0
1581,1929,8.0,2.0,,,10106,211060.0,0101-06=,Etna,Italy,Italy,37.748,14.999,3357,Stratovolcano,T,2.0,1.0,,True,False,True,Historical,D1,1.0,1.0,,,2.0,,,,,,,,,,,,,,False,Europe,Europe,Southern Europe,58927633.0,301336.0,NOAA_NCEI_HazEL,1.0,2026-03-15,2026-03-15 23:49:32,1929-08-02,20th Century AD,1920s,Early 20th Century,Summer,Gentle,1e-07,41800000000000.0,0.3,Northern,Eastern,Mediterranean Volcanic Belt,False,False,Unknown,Tsunami Generated,4.39,True,Minimal,9.26,25,90.0,Frequently Active,100.0
3523,1929,11.0,2.0,,,140203,342030.0,1402-03=,Santa Maria,Guatemala,Guatemala,14.757,-91.552,3745,Stratovolcano,"P,M",200.0,3.0,,True,False,True,Historical,D1,3.0,3.0,,,200.0,,,,,,,,,,,,,,False,North America,Americas,Central America,18079810.0,108889.0,NOAA_NCEI_HazEL,1.0,2026-03-15,2026-03-15 23:49:32,1929-11-02,20th Century AD,1920s,Early 20th Century,Autumn,Severe,1e-05,4180000000000000.0,3.0,Northern,Western,Ring of Fire – Pacific,True,False,Unknown,"P,M",21.21,True,Moderate,30.98,4,29.3,Moderately Active,100.0
2433,1930,3.0,17.0,1624.0,,60200,262000.0,0602-00=,Krakatau,Indonesia,Indonesia,-6.101,105.423,285,Caldera,,,,,True,False,True,Historical,D1,2.0,,,,,,,,,,,,,,,,,,True,Asia,Asia,South-Eastern Asia,284438782.0,1904569.0,NOAA_NCEI_HazEL,1.0,2026-03-15,2026-03-15 23:49:32,1930-03-17,20th Century AD,1930s,Early 20th Century,Spring,Explosive,1e-06,418000000000000.0,1.0,Southern,Eastern,Sunda Arc – Indonesia,False,True,Unknown,,0.0,False,Low,15.0,9,200.2,Moderately Active,100.0
4483,1930,8.0,20.0,,,80311,283110.0,0803-11=,Asamayama,Honshu-Japan,Japan,36.406,138.523,2568,Complex volcano,T,6.0,1.0,,True,False,True,Historical,D1,3.0,1.0,,,6.0,,,,,,,,,,,,,,False,Asia,Asia,Eastern Asia,123210000.0,377930.0,NOAA_NCEI_HazEL,1.0,2026-03-15,2026-03-15 23:49:32,1930-08-20,20th Century AD,1930s,Early 20th Century,Summer,Severe,1e-05,4180000000000000.0,3.0,Northern,Eastern,Japan Arc,False,True,Unknown,Tsunami Generated,7.78,True,Moderate,25.61,18,21.5,Frequently Active,100.0
26,1930,9.0,11.0,4218.0,,10104,211040.0,0101-04=,Stromboli,Italy,Italy,38.789,15.213,924,Stratovolcano,"P,W,T",6.0,1.0,2.0,True,False,True,Historical,D1,3.0,1.0,2.0,,5.0,20.0,1.0,20.0,1.0,,,,,,,,,,True,Europe,Europe,Southern Europe,58927633.0,301336.0,NOAA_NCEI_HazEL,1.0,2026-03-15,2026-03-15 23:49:32,1930-09-11,20th Century AD,1930s,Early 20th Century,Autumn,Severe,1e-05,4180000000000000.0,3.0,Northern,Eastern,Mediterranean Volcanic Belt,False,False,Unknown,"P,W,T",13.87,True,Moderate,28.05,15,10.4,Frequently Active,100.0
94,1930,12.0,18.0,,,60325,263250.0,0603-25=,Merapi,Java,Indonesia,-7.54,110.446,2910,Stratovolcano,"P,M",1369.0,4.0,3.0,True,False,True,Historical,D1,3.0,4.0,3.0,4.0,1369.0,,,,,4.0,1109.0,1109.0,,,,,,,False,Asia,Asia,South-Eastern Asia,284438782.0,1904569.0,NOAA_NCEI_HazEL,1.0,2026-03-15,2026-03-15 23:49:32,1930-12-18,20th Century AD,1930s,Early 20th Century,Winter,Severe,1e-05,4180000000000000.0,3.0,Southern,Eastern,Sunda Arc – Indonesia,False,False,Unknown,"P,M",28.89,True,Moderate,34.06,28,15.9,Persistently Active,100.0
4484,1931,8.0,20.0,,,80311,283110.0,0803-11=,Asamayama,Honshu-Japan,Japan,36.406,138.523,2568,Complex volcano,,3.0,1.0,,True,False,True,Historical,D1,3.0,1.0,,,3.0,,,,,,,,,,,,,,False,Asia,Asia,Eastern Asia,123210000.0,377930.0,NOAA_NCEI_HazEL,1.0,2026-03-15,2026-03-15 23:49:32,1931-08-20,20th Century AD,1930s,Early 20th Century,Summer,Severe,1e-05,4180000000000000.0,3.0,Northern,Eastern,Japan Arc,False,True,Unknown,,5.55,True,Moderate,24.72,18,21.5,Frequently Active,100.0
3562,1932,1.0,21.0,,,140209,342090.0,1402-09=,Fuego,Guatemala,Guatemala,14.473,-90.88,3763,Stratovolcano,,,1.0,,True,False,True,Historical,D1,4.0,1.0,,,,,,,,,,,,,,,,,False,North America,Americas,Central America,18079810.0,108889.0,NOAA_NCEI_HazEL,1.0,2026-03-15,2026-03-15 23:49:32,1932-01-21,20th Century AD,1930s,Early 20th Century,Winter,Cataclysmic,0.0001,4.18e+16,10.0,Northern,Western,Ring of Fire – Pacific,True,False,Unknown,,0.0,False,High,30.0,11,43.7,Frequently Active,100.0
6329,1932,2.0,,,,60325,263250.0,0603-25=,Merapi,Java,Indonesia,-7.54,110.446,2910,Stratovolcano,m,,1.0,,True,False,False,Historical,D1,,1.0,,,,,,,,,,,,,,,,,False,Asia,Asia,South-Eastern Asia,284438782.0,1904569.0,NOAA_NCEI_HazEL,1.0,2026-03-15,2026-03-15 23:49:32,1932-02-01,20th Century AD,1930s,Early 20th Century,Winter,Unknown,,,,Southern,Eastern,Sunda Arc – Indonesia,False,False,Unknown,Mudflow / Lahar,0.0,False,Unknown,0.0,28,15.9,Persistently Active,83.33
1190,1932,10.0,1.0,,,80312,283120.0,0803-12=,Kusatsu-Shiranesan,Honshu-Japan,Japan,36.618,138.528,2165,Stratovolcano,M,2.0,1.0,,True,False,True,Historical,D1,3.0,1.0,,,2.0,7.0,1.0,7.0,1.0,,,,,,,,,,False,Asia,Asia,Eastern Asia,123210000.0,377930.0,NOAA_NCEI_HazEL,1.0,2026-03-15,2026-03-15 23:49:32,1932-10-01,20th Century AD,1930s,Early 20th Century,Autumn,Severe,1e-05,4180000000000000.0,3.0,Northern,Eastern,Japan Arc,False,True,Unknown,Mudflow / Lahar,8.55,True,Moderate,25.92,4,28.7,Moderately Active,100.0
2822,1933,1.0,8.0,1657.0,,90030,290300.0,0900-30=,Kharimkotan,Kuril Is,Russia,49.12,154.508,1145,Stratovolcano,W,2.0,1.0,,True,False,True,Historical,D2,5.0,,,,,,,,,,,,,,,,,,True,"Europe, Asia",Europe,Eastern Europe,146028325.0,17098246.0,NOAA_NCEI_HazEL,1.0,2026-03-15,2026-03-15 23:49:32,1933-01-08,20th Century AD,1930s,Early 20th Century,Winter,Paroxysmal,0.001,4.18e+17,20.0,Northern,Eastern,Ring of Fire – Pacific,True,False,Unknown,Waves / Surges,4.39,True,Very High,39.26,1,,Single Record,100.0
6468,1933,5.0,10.0,,,80302,283020.0,0803-02=,Hakoneyama,Honshu-Japan,Japan,35.233,139.021,1438,Complex volcano,G,1.0,1.0,,True,False,False,Radiocarbon,D7,,1.0,,,1.0,,,,,,,,,,,,,,False,Asia,Asia,Eastern Asia,123210000.0,377930.0,NOAA_NCEI_HazEL,1.0,2026-03-15,2026-03-15 23:49:32,1933-05-10,20th Century AD,1930s,Early 20th Century,Spring,Unknown,,,,Northern,Eastern,Japan Arc,False,True,Unknown,Gas / SO₂ Emissions,2.77,True,Unknown,1.11,5,9.8,Moderately Active,83.33
823,1933,12.0,24.0,,,80205,282050.0,0802-05=,Kuchinoerabujima,Ryukyu Is,Japan,30.443,130.217,657,Stratovolcano,T,8.0,1.0,,True,False,True,Historical,D1,4.0,1.0,,,8.0,26.0,1.0,26.0,1.0,,,,,,,,,,False,Asia,Asia,Eastern Asia,123210000.0,377930.0,NOAA_NCEI_HazEL,1.0,2026-03-15,2026-03-15 23:49:32,1933-12-24,20th Century AD,1930s,Early 20th Century,Winter,Cataclysmic,0.0001,4.18e+16,10.0,Northern,Eastern,Japan Arc,False,False,Unknown,Tsunami Generated,15.38,True,High,36.15,2,92.0,Infrequently Active,100.0
697,1933,12.0,25.0,1666.0,,70301,273010.0,0703-01=,Bulusan,Luzon-Philippines,Philippines,12.769,124.056,1535,Stratovolcano,,9.0,1.0,3.0,True,False,True,Historical,D1,2.0,,,,,,,,,,,,,,,,,,True,Asia,Asia,South-Eastern Asia,114123600.0,342353.0,NOAA_NCEI_HazEL,1.0,2026-03-15,2026-03-15 23:49:32,1933-12-25,20th Century AD,1930s,Early 20th Century,Winter,Explosive,1e-06,418000000000000.0,1.0,Northern,Eastern,Philippine Arc,False,True,Unknown,,9.21,True,Low,18.68,4,26.0,Moderately Active,100.0
6568,1934,,,,,120201,322010.0,1202-01-,Hood,US-Oregon,United States,45.374,-121.695,3426,Stratovolcano,G,1.0,1.0,,True,False,False,Historical,D3,,1.0,,,1.0,,,,,,,,,,,,,,False,North America,Americas,North America,340110988.0,9525067.0,NOAA_NCEI_HazEL,1.0,2026-03-15,2026-03-15 23:49:32,1934-01-01,20th Century AD,1930s,Early 20th Century,,Unknown,,,,Northern,Western,Ring of Fire – Pacific,True,False,Unknown,Gas / SO₂ Emissions,2.77,True,Unknown,1.11,2,46.0,Infrequently Active,83.33
1163,1936,7.0,29.0,,,80311,283110.0,0803-11=,Asamayama,Honshu-Japan,Japan,36.406,138.523,2568,Complex volcano,"P,T",2.0,1.0,,True,False,True,Historical,D1,3.0,1.0,,,2.0,,,,,,,,,,,,,,False,Asia,Asia,Eastern Asia,123210000.0,377930.0,NOAA_NCEI_HazEL,1.0,2026-03-15,2026-03-15 23:49:32,1936-07-29,20th Century AD,1930s,Early 20th Century,Summer,Severe,1e-05,4180000000000000.0,3.0,Northern,Eastern,Japan Arc,False,True,Unknown,"P,T",4.39,True,Moderate,24.26,18,21.5,Frequently Active,100.0
7526,1936,8.0,14.0,,,150107,351070.0,1501-07=,Dona Juana,Colombia,Colombia,1.5,-76.936,4137,Stratovolcano,"A,F",18.0,1.0,,True,False,False,Historical,D2,,1.0,,,18.0,,,,,,,,,,,,,,False,South America,Americas,South America,53057212.0,1141748.0,NOAA_NCEI_HazEL,1.0,2026-03-15,2026-03-15 23:49:32,1936-08-14,20th Century AD,1930s,Early 20th Century,Summer,Unknown,,,,Northern,Western,Ring of Fire – Pacific,True,False,Unknown,"A,F",11.78,True,Unknown,4.71,2,37.0,Infrequently Active,83.33
4505,1937,2.0,9.0,,,150711,357110.0,1507-11=,Llaima,Chile-C,Chile,-38.692,-71.729,3125,Stratovolcano,F,3.0,1.0,1.0,True,False,True,Historical,D1,2.0,1.0,1.0,,3.0,,,,,,,,,,,,,,False,South America,Americas,South America,20206953.0,756102.0,NOAA_NCEI_HazEL,1.0,2026-03-15,2026-03-15 23:49:32,1937-02-09,20th Century AD,1930s,Early 20th Century,Winter,Explosive,1e-06,418000000000000.0,1.0,Southern,Western,Ring of Fire – Pacific,True,False,Unknown,Fumarolic Activity,5.55,True,Low,17.22,1,,Single Record,100.0
1346,1937,5.0,29.0,1698.0,10010.0,50214,252140.0,0502-14=,Rabaul,New Britain-SW Pac,Papua New Guinea,-4.246,152.194,688,Pyroclastic shield,"P,T,W,I",507.0,3.0,1.0,True,False,True,Historical,D1,4.0,3.0,1.0,1.0,507.0,,,,,1.0,,,,,,,,,True,Oceania,Oceania,Melanesia,11781559.0,462840.0,NOAA_NCEI_HazEL,1.0,2026-03-15,2026-03-15 23:49:32,1937-05-29,20th Century AD,1930s,Early 20th Century,Spring,Cataclysmic,0.0001,4.18e+16,10.0,Southern,Eastern,Ring of Fire – Pacific,True,False,Unknown,"P,T,W,I",24.92,True,High,39.97,7,218.5,Moderately Active,100.0
1682,1938,1.0,28.0,3638.0,,20302,223020.0,0203-02=,Nyamulagira,Africa-C,"Congo, DRC",-1.408,29.2,3058,Shield volcano,,,,1.0,True,False,True,Historical,D1,1.0,,1.0,,,,,,,,,,,,,,,,True,Africa,Sub-Saharan Africa,Middle Africa,102262808.0,2344858.0,NOAA_NCEI_HazEL,1.0,2026-03-15,2026-03-15 23:49:32,1938-01-28,20th Century AD,1930s,Early 20th Century,Winter,Gentle,1e-07,41800000000000.0,0.3,Southern,Eastern,East African Rift,False,False,Unknown,,0.0,False,Minimal,7.5,2,26.0,Infrequently Active,100.0
6511,1938,5.0,9.0,,,80316,283160.0,0803-16=,Bandaisan,Honshu-Japan,Japan,37.601,140.072,1816,Stratovolcano,m,2.0,1.0,,True,False,False,Historical,D3,,1.0,,,2.0,,,,,,,,,,,,,,False,Asia,Asia,Eastern Asia,123210000.0,377930.0,NOAA_NCEI_HazEL,1.0,2026-03-15,2026-03-15 23:49:32,1938-05-09,20th Century AD,1930s,Early 20th Century,Spring,Unknown,,,,Northern,Eastern,Japan Arc,False,True,Unknown,Mudflow / Lahar,4.39,True,Unknown,1.76,2,50.0,Infrequently Active,83.33
733,1938,6.0,5.0,,,70303,273030.0,0703-03=,Mayon,Luzon-Philippines,Philippines,13.257,123.685,2462,Stratovolcano,,,1.0,,True,False,True,Historical,D1,2.0,1.0,,,,,,,,,,,,,,,,,False,Asia,Asia,South-Eastern Asia,114123600.0,342353.0,NOAA_NCEI_HazEL,1.0,2026-03-15,2026-03-15 23:49:32,1938-06-05,20th Century AD,1930s,Early 20th Century,Summer,Explosive,1e-06,418000000000000.0,1.0,Northern,Eastern,Philippine Arc,False,True,Unknown,,0.0,False,Low,15.0,19,14.0,Frequently Active,100.0
6505,1938,7.0,16.0,,,80311,283110.0,0803-11=,Asamayama,Honshu-Japan,Japan,36.406,138.523,2568,Complex volcano,T,,1.0,,True,False,True,Historical,D1,1.0,1.0,,,,,,,,,,,,,,,,,False,Asia,Asia,Eastern Asia,123210000.0,377930.0,NOAA_NCEI_HazEL,1.0,2026-03-15,2026-03-15 23:49:32,1938-07-16,20th Century AD,1930s,Early 20th Century,Summer,Gentle,1e-07,41800000000000.0,0.3,Northern,Eastern,Japan Arc,False,True,Unknown,Tsunami Generated,0.0,False,Minimal,7.5,18,21.5,Frequently Active,100.0
7224,1939,7.0,24.0,5694.0,,160016,360160.0,1600-16=,Kick 'em Jenny,W Indies,Netherlands,12.3,-61.64,-185,Submarine volcano,T,,,,True,False,True,Historical,D1,1.0,,,,,,,,,,,,,,,,,,True,Europe,Europe,Western Europe,18100436.0,41865.0,NOAA_NCEI_HazEL,1.0,2026-03-15,2026-03-15 23:49:32,1939-07-24,20th Century AD,1930s,Early 20th Century,Summer,Gentle,1e-07,41800000000000.0,0.3,Northern,Western,Ring of Fire – Pacific,True,False,Unknown,Tsunami Generated,0.0,False,Minimal,7.5,2,26.0,Infrequently Active,100.0
2609,1939,8.0,17.0,,,80409,284090.0,0804-09=,Izu-Torishima,Izu Is-Japan,Japan,30.484,140.303,394,Stratovolcano,,2.0,1.0,,True,False,True,Historical,D1,2.0,1.0,,,2.0,,,,,,,,,,,,,,False,Asia,Asia,Eastern Asia,123210000.0,377930.0,NOAA_NCEI_HazEL,1.0,2026-03-15,2026-03-15 23:49:32,1939-08-17,20th Century AD,1930s,Early 20th Century,Summer,Explosive,1e-06,418000000000000.0,1.0,Northern,Eastern,Japan Arc,False,True,Unknown,,4.39,True,Low,16.76,2,37.0,Infrequently Active,100.0
2574,1939,10.0,13.0,,,60320,263200.0,0603-20=,Dieng Volcanic Complex,Java,Indonesia,-7.2,109.879,2565,Complex volcano,T,10.0,1.0,1.0,True,False,True,Historical,D1,1.0,1.0,1.0,,10.0,,,,,,,,,,,,,,False,Asia,Asia,South-Eastern Asia,284438782.0,1904569.0,NOAA_NCEI_HazEL,1.0,2026-03-15,2026-03-15 23:49:32,1939-10-13,20th Century AD,1930s,Early 20th Century,Autumn,Gentle,1e-07,41800000000000.0,0.3,Southern,Eastern,Sunda Arc – Indonesia,False,False,Unknown,Tsunami Generated,9.59,True,Minimal,11.34,11,23.1,Frequently Active,100.0
552,1940,6.0,20.0,,,60702,267020.0,0607-02=,Karangetang,Sangihe Is-Indonesia,Indonesia,2.781,125.407,1797,Stratovolcano,,1.0,1.0,,True,False,True,Historical,D1,2.0,1.0,,,1.0,2.0,1.0,2.0,1.0,,,,,,,,,,False,Asia,Asia,South-Eastern Asia,284438782.0,1904569.0,NOAA_NCEI_HazEL,1.0,2026-03-15,2026-03-15 23:49:32,1940-06-20,20th Century AD,1940s,Early 20th Century,Summer,Explosive,1e-06,418000000000000.0,1.0,Northern,Eastern,Sunda Arc – Indonesia,False,True,Unknown,,4.97,True,Low,16.99,10,8.3,Moderately Active,100.0
2583,1940,7.0,12.0,,,80404,284040.0,0804-04=,Miyakejima,Izu Is-Japan,Japan,34.094,139.526,775,Stratovolcano,L,11.0,1.0,,True,False,True,Historical,D1,2.0,1.0,,1.0,11.0,20.0,1.0,20.0,1.0,1.0,24.0,24.0,,,,,,,False,Asia,Asia,Eastern Asia,123210000.0,377930.0,NOAA_NCEI_HazEL,1.0,2026-03-15,2026-03-15 23:49:32,1940-07-12,20th Century AD,1940s,Early 20th Century,Summer,Explosive,1e-06,418000000000000.0,1.0,Northern,Eastern,Japan Arc,False,True,Unknown,Lava Flow,16.03,True,Low,21.41,4,42.0,Moderately Active,100.0
1668,1940,7.0,24.0,,,20212,222120.0,0202-12=,"Lengai, Ol Doinyo",Africa-E,Tanzania,-2.764,35.914,2962,Stratovolcano,,,,1.0,True,False,True,Historical,D1,2.0,,1.0,,,,,,,,,,,,,,,,False,Africa,Africa,Eastern Africa,68153004.0,947303.0,NOAA_NCEI_HazEL,1.0,2026-03-15,2026-03-15 23:49:32,1940-07-24,20th Century AD,1940s,Early 20th Century,Summer,Explosive,1e-06,418000000000000.0,1.0,Southern,Eastern,East African Rift,False,False,Unknown,,0.0,False,Low,15.0,4,16.7,Moderately Active,100.0
4485,1941,7.0,13.0,,,80311,283110.0,0803-11=,Asamayama,Honshu-Japan,Japan,36.406,138.523,2568,Complex volcano,T,1.0,1.0,,True,False,True,Historical,D1,2.0,1.0,,,1.0,1.0,1.0,1.0,1.0,,,,,,,,,,False,Asia,Asia,Eastern Asia,123210000.0,377930.0,NOAA_NCEI_HazEL,1.0,2026-03-15,2026-03-15 23:49:32,1941-07-13,20th Century AD,1940s,Early 20th Century,Summer,Explosive,1e-06,418000000000000.0,1.0,Northern,Eastern,Japan Arc,False,True,Unknown,Tsunami Generated,4.16,True,Low,16.66,18,21.5,Frequently Active,100.0
196,1941,9.0,21.0,,,60330,263300.0,0603-30=,Semeru,Java,Indonesia,-8.108,112.922,3657,Stratovolcano,,,,1.0,True,False,True,Historical,D1,2.0,,1.0,,,,,,,,,,,,,,,,False,Asia,Asia,South-Eastern Asia,284438782.0,1904569.0,NOAA_NCEI_HazEL,1.0,2026-03-15,2026-03-15 23:49:32,1941-09-21,20th Century AD,1940s,Early 20th Century,Autumn,Explosive,1e-06,418000000000000.0,1.0,Southern,Eastern,Sunda Arc – Indonesia,False,False,Unknown,,0.0,False,Low,15.0,25,6.8,Frequently Active,100.0
4493,1943,2.0,20.0,,,140106,341060.0,1401-06=,Michoacan-Guanajuato,Mexico,Mexico,19.85,-101.75,3860,Cinder cone,"E,I",103.0,1.0,,True,False,True,Historical,D2,4.0,1.0,,,3.0,,,,,,,,,,,,,,False,North America,Americas,North America,130575786.0,1964375.0,NOAA_NCEI_HazEL,1.0,2026-03-15,2026-03-15 23:49:32,1943-02-20,20th Century AD,1940s,Early 20th Century,Winter,Cataclysmic,0.0001,4.18e+16,10.0,Northern,Western,Ring of Fire – Pacific,True,False,Unknown,"E,I",18.58,True,High,37.43,1,,Single Record,100.0
4033,1943,4.0,13.0,,,150306,353060.0,1503-06=,"Azul, Cerro",Galapagos,Ecuador,-0.92,-91.408,1640,Shield volcano,T,1.0,1.0,,True,False,True,Historical,D1,3.0,1.0,,,1.0,,,,,,,,,,,,,,False,South America,Americas,South America,18103660.0,276841.0,NOAA_NCEI_HazEL,1.0,2026-03-15,2026-03-15 23:49:32,1943-04-13,20th Century AD,1940s,Early 20th Century,Spring,Severe,1e-05,4180000000000000.0,3.0,Southern,Western,Ring of Fire – Pacific,True,False,Unknown,Tsunami Generated,2.77,True,Moderate,23.61,1,,Single Record,100.0
39,1944,3.0,27.0,,,10102,211020.0,0101-02=,Vesuvius,Italy,Italy,40.821,14.426,1281,Complex volcano,"T,L,I",27.0,1.0,,True,False,True,Historical,D2,3.0,1.0,,,27.0,,,,,,,,,,,,,,False,Europe,Europe,Southern Europe,58927633.0,301336.0,NOAA_NCEI_HazEL,1.0,2026-03-15,2026-03-15 23:49:32,1944-03-27,20th Century AD,1940s,Early 20th Century,Spring,Severe,1e-05,4180000000000000.0,3.0,Northern,Eastern,Mediterranean Volcanic Belt,False,False,Unknown,"T,L,I",13.33,True,Moderate,27.83,18,256.7,Frequently Active,100.0
3105,1944,6.0,10.0,,,110124,311240.0,1101-24-,Cleveland,Aleutian Is,United States,52.825,-169.944,1730,Stratovolcano,T,1.0,1.0,,True,False,True,Historical,D1,3.0,1.0,,,1.0,,,,,,,,,,,,,,False,North America,Americas,North America,340110988.0,9525067.0,NOAA_NCEI_HazEL,1.0,2026-03-15,2026-03-15 23:49:32,1944-06-10,20th Century AD,1940s,Early 20th Century,Summer,Severe,1e-05,4180000000000000.0,3.0,Northern,Western,Ring of Fire – Pacific,True,False,Unknown,Tsunami Generated,2.77,True,Moderate,23.61,1,,Single Record,100.0
7546,1944,7.0,11.0,,,80503,285030.0,0805-03=,Toya,Hokkaido-Japan,Japan,42.544,140.839,733,Stratovolcano,P,1.0,1.0,,True,False,True,Historical,D1,,1.0,,,1.0,,,,,,,,,,,,,,False,Asia,Asia,Eastern Asia,123210000.0,377930.0,NOAA_NCEI_HazEL,1.0,2026-03-15,2026-03-15 23:49:32,1944-07-11,20th Century AD,1940s,Early 20th Century,Summer,Unknown,,,,Northern,Eastern,Japan Arc,False,True,Unknown,Phreatic / Phreatomagmatic,2.77,True,Unknown,1.11,8,45.0,Moderately Active,83.33
1476,1944,8.0,20.0,4227.0,,10104,211040.0,0101-04=,Stromboli,Italy,Italy,38.789,15.213,924,Stratovolcano,W,,,1.0,True,False,True,Historical,D1,2.0,,,1.0,,,,,,,,1.0,,,,,,,True,Europe,Europe,Southern Europe,58927633.0,301336.0,NOAA_NCEI_HazEL,1.0,2026-03-15,2026-03-15 23:49:32,1944-08-20,20th Century AD,1940s,Early 20th Century,Summer,Explosive,1e-06,418000000000000.0,1.0,Northern,Eastern,Mediterranean Volcanic Belt,False,False,Unknown,Waves / Surges,0.0,False,Low,15.0,15,10.4,Frequently Active,100.0
6547,1944,8.0,26.0,,,80503,285030.0,0805-03=,Toya,Hokkaido-Japan,Japan,42.544,140.839,733,Stratovolcano,G,1.0,1.0,,True,False,True,Historical,D1,2.0,1.0,,1.0,1.0,,,,,1.0,1.0,1.0,,,,,,,False,Asia,Asia,Eastern Asia,123210000.0,377930.0,NOAA_NCEI_HazEL,1.0,2026-03-15,2026-03-15 23:49:32,1944-08-26,20th Century AD,1940s,Early 20th Century,Summer,Explosive,1e-06,418000000000000.0,1.0,Northern,Eastern,Japan Arc,False,True,Unknown,Gas / SO₂ Emissions,2.77,True,Low,16.11,8,45.0,Moderately Active,100.0
45,1944,12.0,4.0,,,60320,263200.0,0603-20=,Dieng Volcanic Complex,Java,Indonesia,-7.2,109.879,2565,Complex volcano,T,117.0,3.0,,True,False,True,Historical,D1,2.0,3.0,,,117.0,250.0,3.0,250.0,3.0,,,,,,,,,,False,Asia,Asia,South-Eastern Asia,284438782.0,1904569.0,NOAA_NCEI_HazEL,1.0,2026-03-15,2026-03-15 23:49:32,1944-12-04,20th Century AD,1940s,Early 20th Century,Winter,Explosive,1e-06,418000000000000.0,1.0,Southern,Eastern,Sunda Arc – Indonesia,False,False,Unknown,Tsunami Generated,30.13,True,Low,27.05,11,23.1,Frequently Active,100.0
2697,1944,12.0,28.0,,,80503,285030.0,0805-03=,Toya,Hokkaido-Japan,Japan,42.544,140.839,733,Stratovolcano,T,1.0,1.0,,True,False,True,Historical,D1,2.0,1.0,,,1.0,,,,,,,,,,,,,,False,Asia,Asia,Eastern Asia,123210000.0,377930.0,NOAA_NCEI_HazEL,1.0,2026-03-15,2026-03-15 23:49:32,1944-12-28,20th Century AD,1940s,Early 20th Century,Winter,Explosive,1e-06,418000000000000.0,1.0,Northern,Eastern,Japan Arc,False,True,Unknown,Tsunami Generated,2.77,True,Low,16.11,8,45.0,Moderately Active,100.0
874,1946,1.0,,,,80208,282080.0,0802-08=,Aira,Kyushu-Japan,Japan,31.577,130.659,1117,Stratovolcano,,1.0,1.0,,True,False,True,Historical,D1,2.0,1.0,,,1.0,,,,,,,,,,,,,,False,Asia,Asia,Eastern Asia,123210000.0,377930.0,NOAA_NCEI_HazEL,1.0,2026-03-15,2026-03-15 23:49:32,1946-01-01,20th Century AD,1940s,Early 20th Century,Winter,Explosive,1e-06,418000000000000.0,1.0,Northern,Eastern,Japan Arc,False,True,Unknown,,2.77,True,Low,16.11,15,89.2,Frequently Active,100.0
198,1946,2.0,,,,60330,263300.0,0603-30=,Semeru,Java,Indonesia,-8.108,112.922,3657,Stratovolcano,F,6.0,1.0,2.0,True,False,True,Historical,D1,2.0,1.0,2.0,2.0,6.0,,,,,2.0,81.0,81.0,,,,,,,False,Asia,Asia,South-Eastern Asia,284438782.0,1904569.0,NOAA_NCEI_HazEL,1.0,2026-03-15,2026-03-15 23:49:32,1946-02-01,20th Century AD,1940s,Early 20th Century,Winter,Explosive,1e-06,418000000000000.0,1.0,Southern,Eastern,Sunda Arc – Indonesia,False,False,Unknown,Fumarolic Activity,7.78,True,Low,18.11,25,6.8,Frequently Active,100.0
199,1946,10.0,29.0,,,60330,263300.0,0603-30=,Semeru,Java,Indonesia,-8.108,112.922,3657,Stratovolcano,,,,1.0,True,False,True,Historical,D1,2.0,,1.0,,,,,,,,,,,,,,,,False,Asia,Asia,South-Eastern Asia,284438782.0,1904569.0,NOAA_NCEI_HazEL,1.0,2026-03-15,2026-03-15 23:49:32,1946-10-29,20th Century AD,1940s,Early 20th Century,Autumn,Explosive,1e-06,418000000000000.0,1.0,Southern,Eastern,Sunda Arc – Indonesia,False,False,Unknown,,0.0,False,Low,15.0,25,6.8,Frequently Active,100.0
7044,1946,11.0,13.0,1769.0,,90024,290240.0,0900-24=,Sarychev Peak,Kuril Is,Russia,48.092,153.2,1496,Stratovolcano,,,,,True,False,True,Historical,D1,4.0,,,,,,,,,,,,,,,,,,True,"Europe, Asia",Europe,Eastern Europe,146028325.0,17098246.0,NOAA_NCEI_HazEL,1.0,2026-03-15,2026-03-15 23:49:32,1946-11-13,20th Century AD,1940s,Early 20th Century,Autumn,Cataclysmic,0.0001,4.18e+16,10.0,Northern,Eastern,Ring of Fire – Pacific,True,False,Unknown,,0.0,False,High,30.0,1,,Single Record,100.0
735,1947,1.0,7.0,,,70303,273030.0,0703-03=,Mayon,Luzon-Philippines,Philippines,13.257,123.685,2462,Stratovolcano,,,1.0,,True,False,True,Historical,D1,2.0,1.0,,,,,,,,,,,,,,,,,False,Asia,Asia,South-Eastern Asia,114123600.0,342353.0,NOAA_NCEI_HazEL,1.0,2026-03-15,2026-03-15 23:49:32,1947-01-07,20th Century AD,1940s,Early 20th Century,Winter,Explosive,1e-06,418000000000000.0,1.0,Northern,Eastern,Philippine Arc,False,True,Unknown,,0.0,False,Low,15.0,19,14.0,Frequently Active,100.0
1166,1947,8.0,14.0,,,80311,283110.0,0803-11=,Asamayama,Honshu-Japan,Japan,36.406,138.523,2568,Complex volcano,,11.0,1.0,,True,False,True,Historical,D1,2.0,1.0,,,11.0,,,,,,,,,,,,,,False,Asia,Asia,Eastern Asia,123210000.0,377930.0,NOAA_NCEI_HazEL,1.0,2026-03-15,2026-03-15 23:49:32,1947-08-14,20th Century AD,1940s,Early 20th Century,Summer,Explosive,1e-06,418000000000000.0,1.0,Northern,Eastern,Japan Arc,False,True,Unknown,,9.94,True,Low,18.98,18,21.5,Frequently Active,100.0
6508,1947,9.0,16.0,,,80313,283130.0,0803-13=,Akagisan,Honshu-Japan,Japan,36.56,139.193,1828,Stratovolcano,m,699.0,3.0,,True,False,False,Historical,D6,,3.0,,,699.0,,,,,,,,,,,,,,False,Asia,Asia,Eastern Asia,123210000.0,377930.0,NOAA_NCEI_HazEL,1.0,2026-03-15,2026-03-15 23:49:32,1947-09-16,20th Century AD,1940s,Early 20th Century,Autumn,Unknown,,,,Northern,Eastern,Japan Arc,False,True,Unknown,Mudflow / Lahar,26.2,True,Unknown,10.48,1,,Single Record,83.33
4510,1947,11.0,2.0,,,170207,372070.0,1702-07=,Hekla,Iceland-S,Iceland,63.983,-19.666,1490,Stratovolcano,L,1.0,1.0,,True,False,True,Historical,D1,4.0,1.0,,,1.0,,,,,,,,,,,,,,False,Europe,Europe,Northern Europe,391810.0,103000.0,NOAA_NCEI_HazEL,1.0,2026-03-15,2026-03-15 23:49:32,1947-11-02,20th Century AD,1940s,Early 20th Century,Autumn,Cataclysmic,0.0001,4.18e+16,10.0,Northern,Western,Mid-Atlantic Ridge – Iceland,False,False,Unknown,Lava Flow,2.77,True,High,31.11,16,58.4,Frequently Active,100.0
441,1948,4.0,7.0,,,60425,264250.0,0604-25=,Iliwerung,Lesser Sunda Is,Indonesia,-8.532,123.573,583,Complex volcano,,,,2.0,True,False,True,Historical,D1,2.0,,2.0,,,,,,,,,,,,,,,,False,Asia,Asia,South-Eastern Asia,284438782.0,1904569.0,NOAA_NCEI_HazEL,1.0,2026-03-15,2026-03-15 23:49:32,1948-04-07,20th Century AD,1940s,Early 20th Century,Spring,Explosive,1e-06,418000000000000.0,1.0,Southern,Eastern,Sunda Arc – Indonesia,False,False,Unknown,,0.0,False,Low,15.0,5,28.2,Moderately Active,100.0
4139,1949,1.0,1.0,,,150712,357120.0,1507-12=,Villarrica,Chile-C,Chile,-39.42,-71.93,2847,Stratovolcano,M,54.0,2.0,2.0,True,False,True,Historical,D1,3.0,2.0,2.0,,54.0,,,,,,,,,,,,,,False,South America,Americas,South America,20206953.0,756102.0,NOAA_NCEI_HazEL,1.0,2026-03-15,2026-03-15 23:49:32,1949-01-01,20th Century AD,1940s,Early 20th Century,Winter,Severe,1e-05,4180000000000000.0,3.0,Southern,Western,Ring of Fire – Pacific,True,False,Unknown,Mudflow / Lahar,16.03,True,Moderate,28.91,4,7.3,Moderately Active,100.0
3851,1949,5.0,26.0,,,150106,351060.0,1501-06=,Purace,Colombia,Colombia,2.32,-76.4,4650,Stratovolcano,T,17.0,1.0,,True,False,True,Historical,D1,2.0,1.0,,,17.0,,,,,,,,,,,,,,False,South America,Americas,South America,53057212.0,1141748.0,NOAA_NCEI_HazEL,1.0,2026-03-15,2026-03-15 23:49:32,1949-05-26,20th Century AD,1940s,Early 20th Century,Spring,Explosive,1e-06,418000000000000.0,1.0,Northern,Western,Ring of Fire – Pacific,True,False,Unknown,Tsunami Generated,11.56,True,Low,19.62,2,64.0,Infrequently Active,100.0
6425,1949,6.0,,,,70108,271080.0,0701-08=,Camiguin,Mindanao-Philippines,Philippines,9.203,124.673,1552,Stratovolcano,P,2.0,1.0,,True,False,True,Historical,D2,3.0,1.0,,,2.0,,,,,,,,,,,,,,False,Asia,Asia,South-Eastern Asia,114123600.0,342353.0,NOAA_NCEI_HazEL,1.0,2026-03-15,2026-03-15 23:49:32,1949-06-01,20th Century AD,1940s,Early 20th Century,Summer,Severe,1e-05,4180000000000000.0,3.0,Northern,Eastern,Philippine Arc,False,True,Unknown,Phreatic / Phreatomagmatic,4.39,True,Moderate,24.26,5,20.8,Moderately Active,100.0
200,1950,8.0,28.0,,,60330,263300.0,0603-30=,Semeru,Java,Indonesia,-8.108,112.922,3657,Stratovolcano,P,6.0,1.0,,True,False,True,Historical,D1,1.0,1.0,,,6.0,,,,,,,,,,,,,,False,Asia,Asia,South-Eastern Asia,284438782.0,1904569.0,NOAA_NCEI_HazEL,1.0,2026-03-15,2026-03-15 23:49:32,1950-08-28,20th Century AD,1950s,Late 20th Century,Summer,Gentle,1e-07,41800000000000.0,0.3,Southern,Eastern,Sunda Arc – Indonesia,False,False,Unknown,Phreatic / Phreatomagmatic,7.78,True,Minimal,10.61,25,6.8,Frequently Active,100.0
680,1950,9.0,15.0,,,70108,271080.0,0701-08=,Camiguin,Mindanao-Philippines,Philippines,9.203,124.673,1552,Stratovolcano,P,68.0,2.0,,True,False,True,Historical,D2,3.0,2.0,,,68.0,,,,,,,,,,,,,,False,Asia,Asia,South-Eastern Asia,114123600.0,342353.0,NOAA_NCEI_HazEL,1.0,2026-03-15,2026-03-15 23:49:32,1950-09-15,20th Century AD,1950s,Late 20th Century,Autumn,Severe,1e-05,4180000000000000.0,3.0,Northern,Eastern,Philippine Arc,False,True,Unknown,Phreatic / Phreatomagmatic,16.94,True,Moderate,29.28,5,20.8,Moderately Active,100.0
1168,1950,9.0,23.0,,,80311,283110.0,0803-11=,Asamayama,Honshu-Japan,Japan,36.406,138.523,2568,Complex volcano,T,1.0,1.0,,True,False,True,Historical,D1,2.0,1.0,,1.0,1.0,1.0,1.0,1.0,1.0,1.0,,,,,,,,,False,Asia,Asia,Eastern Asia,123210000.0,377930.0,NOAA_NCEI_HazEL,1.0,2026-03-15,2026-03-15 23:49:32,1950-09-23,20th Century AD,1950s,Late 20th Century,Autumn,Explosive,1e-06,418000000000000.0,1.0,Northern,Eastern,Japan Arc,False,True,Unknown,Tsunami Generated,4.16,True,Low,16.66,18,21.5,Frequently Active,100.0
2188,1951,1.0,21.0,,,50301,253010.0,0503-01=,Lamington,New Guinea,Papua New Guinea,-8.95,148.15,1680,Stratovolcano,P,2942.0,4.0,,True,False,True,Historical,D2,4.0,4.0,,,2942.0,,2.0,,2.0,,,,,,,,,,False,Oceania,Oceania,Melanesia,11781559.0,462840.0,NOAA_NCEI_HazEL,1.0,2026-03-15,2026-03-15 23:49:32,1951-01-21,20th Century AD,1950s,Late 20th Century,Winter,Cataclysmic,0.0001,4.18e+16,10.0,Southern,Eastern,Intraplate / Other,False,False,Unknown,Phreatic / Phreatomagmatic,31.95,True,High,42.78,1,,Single Record,100.0
4824,1951,8.0,3.0,3383.0,3974.0,140401,344010.0,1404-01=,Cosiguina,Nicaragua,Nicaragua,12.98,-87.57,872,Stratovolcano,,,,3.0,True,False,True,Historical,D3,,,,2.0,,,,,,,,,,,,,,,True,North America,Americas,Central America,6803886.0,130373.0,NOAA_NCEI_HazEL,1.0,2026-03-15,2026-03-15 23:49:32,1951-08-03,20th Century AD,1950s,Late 20th Century,Summer,Unknown,,,,Northern,Western,Ring of Fire – Pacific,True,False,Unknown,,0.0,False,Unknown,0.0,2,116.0,Infrequently Active,83.33
140,1951,8.0,31.0,,,60328,263280.0,0603-28=,Kelud,Java,Indonesia,-7.935,112.314,1730,Stratovolcano,,7.0,1.0,,True,False,True,Historical,D1,4.0,1.0,,,7.0,,,,,,,,,,,,,,False,Asia,Asia,South-Eastern Asia,284438782.0,1904569.0,NOAA_NCEI_HazEL,1.0,2026-03-15,2026-03-15 23:49:32,1951-08-31,20th Century AD,1950s,Late 20th Century,Summer,Cataclysmic,0.0001,4.18e+16,10.0,Southern,Eastern,Sunda Arc – Indonesia,False,False,Unknown,,8.32,True,High,33.33,18,41.4,Frequently Active,100.0
6469,1951,11.0,5.0,,,80302,283020.0,0803-02=,Hakoneyama,Honshu-Japan,Japan,35.233,139.021,1438,Complex volcano,G,2.0,1.0,,True,False,False,Radiocarbon,D7,,1.0,,,2.0,,,,,,,,,,,,,,False,Asia,Asia,Eastern Asia,123210000.0,377930.0,NOAA_NCEI_HazEL,1.0,2026-03-15,2026-03-15 23:49:32,1951-11-05,20th Century AD,1950s,Late 20th Century,Autumn,Unknown,,,,Northern,Eastern,Japan Arc,False,True,Unknown,Gas / SO₂ Emissions,4.39,True,Unknown,1.76,5,9.8,Moderately Active,83.33
6426,1951,12.0,4.0,,,70108,271080.0,0701-08=,Camiguin,Mindanao-Philippines,Philippines,9.203,124.673,1552,Stratovolcano,P,500.0,3.0,,True,False,True,Historical,D2,3.0,3.0,,,500.0,,,,,,,,4.0,4.0,1500.0,1500.0,,,False,Asia,Asia,South-Eastern Asia,114123600.0,342353.0,NOAA_NCEI_HazEL,1.0,2026-03-15,2026-03-15 23:49:32,1951-12-04,20th Century AD,1950s,Late 20th Century,Winter,Severe,1e-05,4180000000000000.0,3.0,Northern,Eastern,Philippine Arc,False,True,Unknown,Phreatic / Phreatomagmatic,32.18,True,Moderate,35.37,5,20.8,Moderately Active,100.0
2208,1951,,,1816.0,,50506,255060.0,0505-06=,Kavachi,Solomon Is-SW Pacifi,Solomon Is.,-8.991,157.979,-20,Submarine volcano,,,,,True,False,True,Historical,D1,2.0,,,,,,,,,,,,,,,,,,True,Oceania,Oceania,Melanesia,720000.0,28896.0,NOAA_NCEI_HazEL,1.0,2026-03-15,2026-03-15 23:49:32,1951-01-01,20th Century AD,1950s,Late 20th Century,,Explosive,1e-06,418000000000000.0,1.0,Southern,Eastern,Ring of Fire – Pacific,True,True,Unknown,,0.0,False,Low,15.0,1,,Single Record,100.0
6470,1952,3.0,27.0,,,80302,283020.0,0803-02=,Hakoneyama,Honshu-Japan,Japan,35.233,139.021,1438,Complex volcano,G,1.0,1.0,,True,False,False,Radiocarbon,D7,,1.0,,,1.0,,,,,,,,,,,,,,False,Asia,Asia,Eastern Asia,123210000.0,377930.0,NOAA_NCEI_HazEL,1.0,2026-03-15,2026-03-15 23:49:32,1952-03-27,20th Century AD,1950s,Late 20th Century,Spring,Unknown,,,,Northern,Eastern,Japan Arc,False,True,Unknown,Gas / SO₂ Emissions,2.77,True,Unknown,1.11,5,9.8,Moderately Active,83.33
4850,1952,9.0,16.0,1824.0,,80407,284070.0,0804-07=,Myojinsho,Izu Is-Japan,Japan,31.888,139.918,11,Submarine volcano,,,,,True,False,True,Historical,D1,2.0,,,,,,,,,,,,,,,,,,True,Asia,Asia,Eastern Asia,123210000.0,377930.0,NOAA_NCEI_HazEL,1.0,2026-03-15,2026-03-15 23:49:32,1952-09-16,20th Century AD,1950s,Late 20th Century,Autumn,Explosive,1e-06,418000000000000.0,1.0,Northern,Eastern,Japan Arc,False,True,Unknown,,0.0,False,Low,15.0,8,5.4,Moderately Active,100.0
7574,1952,9.0,17.0,5928.0,,80407,284070.0,0804-07=,Myojinsho,Izu Is-Japan,Japan,31.888,139.918,11,Submarine volcano,,,,,True,False,True,Historical,D1,2.0,,,,,,,,,,,,,,,,,,True,Asia,Asia,Eastern Asia,123210000.0,377930.0,NOAA_NCEI_HazEL,1.0,2026-03-15,2026-03-15 23:49:32,1952-09-17,20th Century AD,1950s,Late 20th Century,Autumn,Explosive,1e-06,418000000000000.0,1.0,Northern,Eastern,Japan Arc,False,True,Unknown,,0.0,False,Low,15.0,8,5.4,Moderately Active,100.0
4851,1952,9.0,23.0,1825.0,,80407,284070.0,0804-07=,Myojinsho,Izu Is-Japan,Japan,31.888,139.918,11,Submarine volcano,,,,,True,False,True,Historical,D1,2.0,,,,,,,,,,,,,,,,,,True,Asia,Asia,Eastern Asia,123210000.0,377930.0,NOAA_NCEI_HazEL,1.0,2026-03-15,2026-03-15 23:49:32,1952-09-23,20th Century AD,1950s,Late 20th Century,Autumn,Explosive,1e-06,418000000000000.0,1.0,Northern,Eastern,Japan Arc,False,True,Unknown,,0.0,False,Low,15.0,8,5.4,Moderately Active,100.0
4852,1952,9.0,24.0,1826.0,,80407,284070.0,0804-07=,Myojinsho,Izu Is-Japan,Japan,31.888,139.918,11,Submarine volcano,P,31.0,1.0,1.0,True,False,True,Historical,D1,2.0,1.0,1.0,,31.0,,,,,,,,,,,,,,True,Asia,Asia,Eastern Asia,123210000.0,377930.0,NOAA_NCEI_HazEL,1.0,2026-03-15,2026-03-15 23:49:32,1952-09-24,20th Century AD,1950s,Late 20th Century,Autumn,Explosive,1e-06,418000000000000.0,1.0,Northern,Eastern,Japan Arc,False,True,Unknown,Phreatic / Phreatomagmatic,13.86,True,Low,20.54,8,5.4,Moderately Active,100.0
4853,1952,9.0,26.0,1827.0,,80407,284070.0,0804-07=,Myojinsho,Izu Is-Japan,Japan,31.888,139.918,11,Submarine volcano,,,,,True,False,True,Historical,D1,2.0,,,,,,,,,,,,,,,,,,True,Asia,Asia,Eastern Asia,123210000.0,377930.0,NOAA_NCEI_HazEL,1.0,2026-03-15,2026-03-15 23:49:32,1952-09-26,20th Century AD,1950s,Late 20th Century,Autumn,Explosive,1e-06,418000000000000.0,1.0,Northern,Eastern,Japan Arc,False,True,Unknown,,0.0,False,Low,15.0,8,5.4,Moderately Active,100.0
4465,1952,,,,,703088,273088.0,0703-088,Ambalatungan Group,Luzon-Philippines,Philippines,17.32,121.1,2329,Compound volcano,,12.0,1.0,,True,False,True,Fumarolic,U,1.0,1.0,,,12.0,,,,,,,,,,,,,,False,Asia,Asia,South-Eastern Asia,114123600.0,342353.0,NOAA_NCEI_HazEL,1.0,2026-03-15,2026-03-15 23:49:32,1952-01-01,20th Century AD,1950s,Late 20th Century,,Gentle,1e-07,41800000000000.0,0.3,Northern,Eastern,Philippine Arc,False,True,Unknown,,10.26,True,Minimal,11.6,1,,Single Record,100.0
4518,1953,3.0,11.0,1833.0,,80407,284070.0,0804-07=,Myojinsho,Izu Is-Japan,Japan,31.888,139.918,11,Submarine volcano,,,,,True,False,True,Historical,D1,2.0,,,,,,,,,,,,,,,,,,True,Asia,Asia,Eastern Asia,123210000.0,377930.0,NOAA_NCEI_HazEL,1.0,2026-03-15,2026-03-15 23:49:32,1953-03-11,20th Century AD,1950s,Late 20th Century,Spring,Explosive,1e-06,418000000000000.0,1.0,Northern,Eastern,Japan Arc,False,True,Unknown,,0.0,False,Low,15.0,8,5.4,Moderately Active,100.0
6044,1953,3.0,25.0,5566.0,,80407,284070.0,0804-07=,Myojinsho,Izu Is-Japan,Japan,31.888,139.918,11,Submarine volcano,,,,,True,False,True,Historical,D1,2.0,,,,,,,,,,,,,,,,,,True,Asia,Asia,Eastern Asia,123210000.0,377930.0,NOAA_NCEI_HazEL,1.0,2026-03-15,2026-03-15 23:49:32,1953-03-25,20th Century AD,1950s,Late 20th Century,Spring,Explosive,1e-06,418000000000000.0,1.0,Northern,Eastern,Japan Arc,False,True,Unknown,,0.0,False,Low,15.0,8,5.4,Moderately Active,100.0
1012,1953,4.0,27.0,,,80211,282110.0,0802-11=,Asosan,Kyushu-Japan,Japan,32.885,131.085,1592,Caldera,T,6.0,1.0,,True,False,True,Historical,D1,2.0,1.0,,,6.0,,,,,,,,,,,,,,False,Asia,Asia,Eastern Asia,123210000.0,377930.0,NOAA_NCEI_HazEL,1.0,2026-03-15,2026-03-15 23:49:32,1953-04-27,20th Century AD,1950s,Late 20th Century,Spring,Explosive,1e-06,418000000000000.0,1.0,Northern,Eastern,Japan Arc,False,True,Unknown,Tsunami Generated,7.78,True,Low,18.11,16,45.7,Frequently Active,100.0
2071,1953,6.0,27.0,1838.0,,50001,250010.0,0500-01=,St. Andrew Strait,Admiralty Is-SW Paci,Papua New Guinea,-2.38,147.35,270,Complex volcano,,,,1.0,True,False,True,Historical,D2,0.0,,,,,,,,,,,,,,,,,,True,Oceania,Oceania,Melanesia,11781559.0,462840.0,NOAA_NCEI_HazEL,1.0,2026-03-15,2026-03-15 23:49:32,1953-06-27,20th Century AD,1950s,Late 20th Century,Summer,Non-Explosive,1e-08,4180000000000.0,0.1,Southern,Eastern,Intraplate / Other,False,False,Unknown,,0.0,False,Minimal,0.0,2,1603.0,Infrequently Active,100.0
450,1953,6.0,,,,60427,264270.0,0604-27=,Sirung,Lesser Sunda Is,Indonesia,-8.497,124.131,1347,Complex volcano,,5.0,1.0,,True,False,True,Historical,D1,0.0,1.0,,,5.0,1.0,1.0,1.0,1.0,,,,,,,,,,False,Asia,Asia,South-Eastern Asia,284438782.0,1904569.0,NOAA_NCEI_HazEL,1.0,2026-03-15,2026-03-15 23:49:32,1953-06-01,20th Century AD,1950s,Late 20th Century,Summer,Non-Explosive,1e-08,4180000000000.0,0.1,Southern,Eastern,Sunda Arc – Indonesia,False,False,Unknown,,8.55,True,Minimal,3.42,2,34.0,Infrequently Active,100.0
6471,1953,7.0,26.0,,,80302,283020.0,0803-02=,Hakoneyama,Honshu-Japan,Japan,35.233,139.021,1438,Complex volcano,A,10.0,1.0,,True,False,False,Radiocarbon,D7,,1.0,,,10.0,,,,,,,,,,,,,,False,Asia,Asia,Eastern Asia,123210000.0,377930.0,NOAA_NCEI_HazEL,1.0,2026-03-15,2026-03-15 23:49:32,1953-07-26,20th Century AD,1950s,Late 20th Century,Summer,Unknown,,,,Northern,Eastern,Japan Arc,False,True,Unknown,Ash / Tephra,9.59,True,Unknown,3.84,5,9.8,Moderately Active,83.33
1315,1953,10.0,5.0,,,80401,284010.0,0804-01=,Izu-Oshima,Izu Is-Japan,Japan,34.724,139.394,746,Stratovolcano,,1.0,1.0,,True,False,True,Historical,D1,1.0,1.0,,,1.0,,,,,,,,,,,,,,False,Asia,Asia,Eastern Asia,123210000.0,377930.0,NOAA_NCEI_HazEL,1.0,2026-03-15,2026-03-15 23:49:32,1953-10-05,20th Century AD,1950s,Late 20th Century,Autumn,Gentle,1e-07,41800000000000.0,0.3,Northern,Eastern,Japan Arc,False,True,Unknown,,2.77,True,Minimal,8.61,4,65.7,Moderately Active,100.0
6270,1953,12.0,24.0,,,40110,241100.0,0401-10=,Ruapehu,New Zealand,New Zealand,-39.28,175.57,2797,Stratovolcano,m,151.0,3.0,,True,False,False,Historical,D1,,3.0,,,151.0,,,,,,,,,,,,,,False,Oceania,Oceania,Australia and New Zealand,5324700.0,268838.0,NOAA_NCEI_HazEL,1.0,2026-03-15,2026-03-15 23:49:32,1953-12-24,20th Century AD,1950s,Late 20th Century,Winter,Unknown,,,,Southern,Eastern,Ring of Fire – Pacific,True,False,Unknown,Mudflow / Lahar,20.1,True,Unknown,8.04,1,,Single Record,83.33
100,1954,1.0,18.0,,,60325,263250.0,0603-25=,Merapi,Java,Indonesia,-7.54,110.446,2910,Stratovolcano,P,64.0,2.0,2.0,True,False,True,Historical,D1,2.0,2.0,2.0,3.0,64.0,57.0,2.0,57.0,2.0,3.0,144.0,144.0,,,,,,,False,Asia,Asia,South-Eastern Asia,284438782.0,1904569.0,NOAA_NCEI_HazEL,1.0,2026-03-15,2026-03-15 23:49:32,1954-01-18,20th Century AD,1950s,Late 20th Century,Winter,Explosive,1e-06,418000000000000.0,1.0,Southern,Eastern,Sunda Arc – Indonesia,False,False,Unknown,Phreatic / Phreatomagmatic,24.82,True,Low,24.93,28,15.9,Persistently Active,100.0
4844,1954,2.0,,3395.0,,10104,211040.0,0101-04=,Stromboli,Italy,Italy,38.789,15.213,924,Stratovolcano,W,,,1.0,True,False,True,Historical,D1,,,,,,,,,,,,,,,,,,,True,Europe,Europe,Southern Europe,58927633.0,301336.0,NOAA_NCEI_HazEL,1.0,2026-03-15,2026-03-15 23:49:32,1954-02-01,20th Century AD,1950s,Late 20th Century,Winter,Unknown,,,,Northern,Eastern,Mediterranean Volcanic Belt,False,False,Unknown,Waves / Surges,0.0,False,Unknown,0.0,15,10.4,Frequently Active,83.33
6486,1954,7.0,21.0,,,80308,283080.0,0803-08=,Midagahara,Honshu-Japan,Japan,36.571,137.59,2621,Stratovolcano,G,1.0,1.0,,True,False,False,Historical,D3,,1.0,,,1.0,,,,,,,,,,,,,,False,Asia,Asia,Eastern Asia,123210000.0,377930.0,NOAA_NCEI_HazEL,1.0,2026-03-15,2026-03-15 23:49:32,1954-07-21,20th Century AD,1950s,Late 20th Century,Summer,Unknown,,,,Northern,Eastern,Japan Arc,False,True,Unknown,Gas / SO₂ Emissions,2.77,True,Unknown,1.11,5,27.2,Moderately Active,83.33
38,1954,8.0,3.0,,,50101,251010.0,0501-01=,Bam,New Guinea-NE of,Papua New Guinea,-3.613,144.818,685,Stratovolcano,I,25.0,1.0,,True,False,True,Historical,D2,2.0,,,,,,2.0,,2.0,,,,,,,,,,False,Oceania,Oceania,Melanesia,11781559.0,462840.0,NOAA_NCEI_HazEL,1.0,2026-03-15,2026-03-15 23:49:32,1954-08-03,20th Century AD,1950s,Late 20th Century,Summer,Explosive,1e-06,418000000000000.0,1.0,Southern,Eastern,Sunda Arc – Indonesia,False,False,Unknown,Inundation / Lahar,13.03,True,Low,20.21,1,,Single Record,100.0
4461,1954,,,,,70108,271080.0,0701-08=,Camiguin,Mindanao-Philippines,Philippines,9.203,124.673,1552,Stratovolcano,m,2.0,1.0,,True,False,True,Historical,D2,,1.0,,,2.0,,,,,,,,,,,,,,False,Asia,Asia,South-Eastern Asia,114123600.0,342353.0,NOAA_NCEI_HazEL,1.0,2026-03-15,2026-03-15 23:49:32,1954-01-01,20th Century AD,1950s,Late 20th Century,,Unknown,,,,Northern,Eastern,Philippine Arc,False,True,Unknown,Mudflow / Lahar,4.39,True,Unknown,1.76,5,20.8,Moderately Active,83.33
4150,1955,7.0,26.0,,,150714,357140.0,1507-14=,Carran-Los Venados,Chile-C,Chile,-40.35,-72.07,1114,Pyroclastic cone,G,2.0,1.0,,True,False,True,Historical,D1,4.0,1.0,,,2.0,,,,,,,,,,,,,,False,South America,Americas,South America,20206953.0,756102.0,NOAA_NCEI_HazEL,1.0,2026-03-15,2026-03-15 23:49:32,1955-07-26,20th Century AD,1950s,Late 20th Century,Summer,Cataclysmic,0.0001,4.18e+16,10.0,Southern,Western,Ring of Fire – Pacific,True,False,Unknown,Gas / SO₂ Emissions,4.39,True,High,31.76,1,,Single Record,100.0
878,1955,10.0,13.0,,,80208,282080.0,0802-08=,Aira,Kyushu-Japan,Japan,31.577,130.659,1117,Stratovolcano,,,1.0,,True,False,True,Historical,D1,3.0,1.0,,,,,,,,,,,,,,,,,False,Asia,Asia,Eastern Asia,123210000.0,377930.0,NOAA_NCEI_HazEL,1.0,2026-03-15,2026-03-15 23:49:32,1955-10-13,20th Century AD,1950s,Late 20th Century,Autumn,Severe,1e-05,4180000000000000.0,3.0,Northern,Eastern,Japan Arc,False,True,Unknown,,0.0,False,Moderate,22.5,15,89.2,Frequently Active,100.0
2952,1956,3.0,30.0,1856.0,,100025,300250.0,1000-25=,Bezymianny,Kamchatka,Russia,55.972,160.595,2882,Stratovolcano,,,,,True,False,True,Historical,D1,5.0,,,,,,,,,,,,,,,,,,True,"Europe, Asia",Europe,Eastern Europe,146028325.0,17098246.0,NOAA_NCEI_HazEL,1.0,2026-03-15,2026-03-15 23:49:32,1956-03-30,20th Century AD,1950s,Late 20th Century,Spring,Paroxysmal,0.001,4.18e+17,20.0,Northern,Eastern,Ring of Fire – Pacific,True,False,Unknown,,0.0,False,Very High,37.5,1,,Single Record,100.0
3117,1957,3.0,11.0,,4116.0,110127,311270.0,1101-27-,Vsevidof,Aleutian Is,United States,53.13,-168.693,2149,Stratovolcano,,,,,True,False,True,Historical,D3,2.0,,,,,,,,,,,,,,,,,,False,North America,Americas,North America,340110988.0,9525067.0,NOAA_NCEI_HazEL,1.0,2026-03-15,2026-03-15 23:49:32,1957-03-11,20th Century AD,1950s,Late 20th Century,Spring,Explosive,1e-06,418000000000000.0,1.0,Northern,Western,Ring of Fire – Pacific,True,False,Unknown,,0.0,False,Low,15.0,1,,Single Record,100.0
6445,1957,7.0,,,,80210,282100.0,0802-10=,Unzendake,Kyushu-Japan,Japan,32.761,130.299,1483,Complex volcano,m,13.0,1.0,,True,False,True,Historical,D1,,1.0,,,13.0,,,,,,,,,,,,,,False,Asia,Asia,Eastern Asia,123210000.0,377930.0,NOAA_NCEI_HazEL,1.0,2026-03-15,2026-03-15 23:49:32,1957-07-01,20th Century AD,1950s,Late 20th Century,Summer,Unknown,,,,Northern,Eastern,Japan Arc,False,True,Unknown,Mudflow / Lahar,10.56,True,Unknown,4.22,5,82.2,Moderately Active,83.33
1318,1957,10.0,13.0,,,80401,284010.0,0804-01=,Izu-Oshima,Izu Is-Japan,Japan,34.724,139.394,746,Stratovolcano,T,1.0,1.0,,True,False,True,Historical,D1,2.0,1.0,,,1.0,53.0,2.0,53.0,2.0,,,,,,,,,,False,Asia,Asia,Eastern Asia,123210000.0,377930.0,NOAA_NCEI_HazEL,1.0,2026-03-15,2026-03-15 23:49:32,1957-10-13,20th Century AD,1950s,Late 20th Century,Autumn,Explosive,1e-06,418000000000000.0,1.0,Northern,Eastern,Japan Arc,False,True,Unknown,Tsunami Generated,10.75,True,Low,19.3,4,65.7,Moderately Active,100.0
1019,1957,10.0,,,,80211,282110.0,0802-11=,Asosan,Kyushu-Japan,Japan,32.885,131.085,1592,Caldera,T,12.0,1.0,,True,False,True,Historical,D1,2.0,1.0,,,12.0,,,,,,,,,,,,,,False,Asia,Asia,Eastern Asia,123210000.0,377930.0,NOAA_NCEI_HazEL,1.0,2026-03-15,2026-03-15 23:49:32,1957-10-01,20th Century AD,1950s,Late 20th Century,Autumn,Explosive,1e-06,418000000000000.0,1.0,Northern,Eastern,Japan Arc,False,True,Unknown,Tsunami Generated,10.26,True,Low,19.1,16,45.7,Frequently Active,100.0
525,1958,7.0,12.0,,,60611,266110.0,0606-11=,Mahawu,Sulawesi-Indonesia,Indonesia,1.352,124.865,1299,Stratovolcano,M,1.0,1.0,,True,False,True,Historical,D1,2.0,1.0,,,1.0,10.0,1.0,10.0,1.0,,,,,,,,,,False,Asia,Asia,South-Eastern Asia,284438782.0,1904569.0,NOAA_NCEI_HazEL,1.0,2026-03-15,2026-03-15 23:49:32,1958-07-12,20th Century AD,1950s,Late 20th Century,Summer,Explosive,1e-06,418000000000000.0,1.0,Northern,Eastern,Sunda Arc – Indonesia,False,True,Unknown,Mudflow / Lahar,7.57,True,Low,18.03,1,,Single Record,100.0
6549,1958,7.0,21.0,,,80506,285060.0,0805-06=,Taisetsuzan,Hokkaido-Japan,Japan,43.664,142.854,2291,Stratovolcano,G,2.0,1.0,,True,False,False,Tephrochronology,D6,,1.0,,,2.0,,,,,,,,,,,,,,False,Asia,Asia,Eastern Asia,123210000.0,377930.0,NOAA_NCEI_HazEL,1.0,2026-03-15,2026-03-15 23:49:32,1958-07-21,20th Century AD,1950s,Late 20th Century,Summer,Unknown,,,,Northern,Eastern,Japan Arc,False,True,Unknown,Gas / SO₂ Emissions,4.39,True,Unknown,1.76,2,3.0,Infrequently Active,83.33
5644,1958,10.0,7.0,1882.0,,50707,257070.0,0507-07=,Kuwae,Vanuatu-SW Pacific,Vanuatu,-16.83,168.523,-2,Caldera,,,,,True,False,True,Historical,D1,2.0,,,,,,,,,,,,,,,,,,True,Oceania,Oceania,Melanesia,321409.0,12189.0,NOAA_NCEI_HazEL,1.0,2026-03-15,2026-03-15 23:49:32,1958-10-07,20th Century AD,1950s,Late 20th Century,Autumn,Explosive,1e-06,418000000000000.0,1.0,Southern,Eastern,Ring of Fire – Pacific,True,True,Unknown,,0.0,False,Low,15.0,2,528.0,Infrequently Active,100.0
4153,1960,5.0,25.0,1902.0,4227.0,150715,357150.0,1507-15=,Puyehue-Cordon Caulle,Chile-C,Chile,-40.59,-72.117,2236,Stratovolcano,,,,,True,False,True,Holocene,U,3.0,,,,,,,,,,,,,,,,,,True,South America,Americas,South America,20206953.0,756102.0,NOAA_NCEI_HazEL,1.0,2026-03-15,2026-03-15 23:49:32,1960-05-25,20th Century AD,1960s,Late 20th Century,Spring,Severe,1e-05,4180000000000000.0,3.0,Southern,Western,Ring of Fire – Pacific,True,False,Unknown,,0.0,False,Moderate,22.5,2,51.0,Infrequently Active,100.0
6124,1961,1.0,25.0,,,150802,358020.0,1508-02=,Calbuco,Chile-S,Chile,-41.33,-72.618,1974,Stratovolcano,,,,,True,False,True,Historical,D2,3.0,,1.0,,,,,,,,,,,,,,,,False,South America,Americas,South America,20206953.0,756102.0,NOAA_NCEI_HazEL,1.0,2026-03-15,2026-03-15 23:49:32,1961-01-25,20th Century AD,1960s,Late 20th Century,Winter,Severe,1e-05,4180000000000000.0,3.0,Southern,Western,Ring of Fire – Pacific,True,False,Unknown,,0.0,False,Moderate,22.5,5,30.5,Moderately Active,100.0
6487,1961,4.0,23.0,,,80308,283080.0,0803-08=,Midagahara,Honshu-Japan,Japan,36.571,137.59,2621,Stratovolcano,G,1.0,1.0,,True,False,False,Historical,D3,,1.0,,,1.0,,,,,,,,,,,,,,False,Asia,Asia,Eastern Asia,123210000.0,377930.0,NOAA_NCEI_HazEL,1.0,2026-03-15,2026-03-15 23:49:32,1961-04-23,20th Century AD,1960s,Late 20th Century,Spring,Unknown,,,,Northern,Eastern,Japan Arc,False,True,Unknown,Gas / SO₂ Emissions,2.77,True,Unknown,1.11,5,27.2,Moderately Active,83.33
104,1961,5.0,8.0,,,60325,263250.0,0603-25=,Merapi,Java,Indonesia,-7.54,110.446,2910,Stratovolcano,P,6.0,1.0,2.0,True,False,True,Historical,D1,3.0,1.0,2.0,3.0,6.0,6.0,1.0,6.0,1.0,3.0,,,,,,,,,False,Asia,Asia,South-Eastern Asia,284438782.0,1904569.0,NOAA_NCEI_HazEL,1.0,2026-03-15,2026-03-15 23:49:32,1961-05-08,20th Century AD,1960s,Late 20th Century,Spring,Severe,1e-05,4180000000000000.0,3.0,Southern,Eastern,Sunda Arc – Indonesia,False,False,Unknown,Phreatic / Phreatomagmatic,11.68,True,Moderate,27.17,28,15.9,Persistently Active,100.0
6550,1961,6.0,18.0,,,80506,285060.0,0805-06=,Taisetsuzan,Hokkaido-Japan,Japan,43.664,142.854,2291,Stratovolcano,G,2.0,1.0,,True,False,False,Tephrochronology,D6,,1.0,,,2.0,,,,,,,,,,,,,,False,Asia,Asia,Eastern Asia,123210000.0,377930.0,NOAA_NCEI_HazEL,1.0,2026-03-15,2026-03-15 23:49:32,1961-06-18,20th Century AD,1960s,Late 20th Century,Summer,Unknown,,,,Northern,Eastern,Japan Arc,False,True,Unknown,Gas / SO₂ Emissions,4.39,True,Unknown,1.76,2,3.0,Infrequently Active,83.33
1176,1961,8.0,18.0,,,80311,283110.0,0803-11=,Asamayama,Honshu-Japan,Japan,36.406,138.523,2568,Complex volcano,T,1.0,1.0,,True,False,True,Historical,D1,2.0,1.0,,,1.0,,,,,,,,,,,,,,False,Asia,Asia,Eastern Asia,123210000.0,377930.0,NOAA_NCEI_HazEL,1.0,2026-03-15,2026-03-15 23:49:32,1961-08-18,20th Century AD,1960s,Late 20th Century,Summer,Explosive,1e-06,418000000000000.0,1.0,Northern,Eastern,Japan Arc,False,True,Unknown,Tsunami Generated,2.77,True,Low,16.11,18,21.5,Frequently Active,100.0
2746,1962,6.0,29.0,,,80505,285050.0,0805-05=,Tokachidake,Hokkaido-Japan,Japan,43.418,142.686,2077,Stratovolcano,T,5.0,1.0,,True,False,True,Historical,D1,3.0,1.0,,,5.0,11.0,1.0,11.0,1.0,,,,,,,,,,False,Asia,Asia,Eastern Asia,123210000.0,377930.0,NOAA_NCEI_HazEL,1.0,2026-03-15,2026-03-15 23:49:32,1962-06-29,20th Century AD,1960s,Late 20th Century,Summer,Severe,1e-05,4180000000000000.0,3.0,Northern,Eastern,Japan Arc,False,True,Unknown,Tsunami Generated,12.14,True,Moderate,27.36,3,18.0,Infrequently Active,100.0
6344,1962,10.0,,,,60325,263250.0,0603-25=,Merapi,Java,Indonesia,-7.54,110.446,2910,Stratovolcano,m,2.0,1.0,,True,False,False,Historical,D1,,1.0,,,2.0,5.0,1.0,5.0,1.0,,,,,,,,,,False,Asia,Asia,South-Eastern Asia,284438782.0,1904569.0,NOAA_NCEI_HazEL,1.0,2026-03-15,2026-03-15 23:49:32,1962-10-01,20th Century AD,1960s,Late 20th Century,Autumn,Unknown,,,,Southern,Eastern,Sunda Arc – Indonesia,False,False,Unknown,Mudflow / Lahar,7.98,True,Unknown,3.19,28,15.9,Persistently Active,83.33
657,1962,12.0,31.0,,,60806,268060.0,0608-06=,Gamalama,Halmahera-Indonesia,Indonesia,0.81,127.332,1714,Stratovolcano,,5.0,1.0,,True,False,True,Historical,D1,2.0,1.0,,,5.0,5.0,1.0,5.0,1.0,,,,,,,,,,False,Asia,Asia,South-Eastern Asia,284438782.0,1904569.0,NOAA_NCEI_HazEL,1.0,2026-03-15,2026-03-15 23:49:32,1962-12-31,20th Century AD,1960s,Late 20th Century,Winter,Explosive,1e-06,418000000000000.0,1.0,Northern,Eastern,Sunda Arc – Indonesia,False,True,Unknown,,10.75,True,Low,19.3,10,45.1,Moderately Active,100.0
6607,1963,3.0,17.0,,,140506,345060.0,1405-06=,Irazu,Costa Rica,Costa Rica,9.979,-83.852,3436,Stratovolcano,T,15.0,1.0,,True,False,True,Historical,D1,3.0,1.0,,,15.0,,,,,,,,,,,,,,False,North America,Americas,Central America,5309625.0,51100.0,NOAA_NCEI_HazEL,1.0,2026-03-15,2026-03-15 23:49:32,1963-03-17,20th Century AD,1960s,Late 20th Century,Spring,Severe,1e-05,4180000000000000.0,3.0,Northern,Western,Ring of Fire – Pacific,True,False,Unknown,Tsunami Generated,11.09,True,Moderate,26.94,3,28.0,Infrequently Active,100.0
351,1963,3.0,18.0,1942.0,,60402,264020.0,0604-02=,Agung,Lesser Sunda Is,Indonesia,-8.343,115.508,2997,Stratovolcano,"P,T,M,A",1028.0,4.0,,True,False,True,Historical,D1,5.0,4.0,,,1028.0,624.0,3.0,624.0,3.0,,,,3.0,3.0,,,,,True,Asia,Asia,South-Eastern Asia,284438782.0,1904569.0,NOAA_NCEI_HazEL,1.0,2026-03-15,2026-03-15 23:49:32,1963-03-18,20th Century AD,1960s,Late 20th Century,Spring,Paroxysmal,0.001,4.18e+17,20.0,Southern,Eastern,Sunda Arc – Indonesia,False,False,Unknown,"P,T,M,A",40.62,True,Very High,53.75,2,0.0,Infrequently Active,100.0
201,1963,5.0,5.0,,,60330,263300.0,0603-30=,Semeru,Java,Indonesia,-8.108,112.922,3657,Stratovolcano,T,1.0,1.0,,True,False,True,Historical,D1,2.0,1.0,,,1.0,,,,,,,,,,,,,,False,Asia,Asia,South-Eastern Asia,284438782.0,1904569.0,NOAA_NCEI_HazEL,1.0,2026-03-15,2026-03-15 23:49:32,1963-05-05,20th Century AD,1960s,Late 20th Century,Spring,Explosive,1e-06,418000000000000.0,1.0,Southern,Eastern,Sunda Arc – Indonesia,False,False,Unknown,Tsunami Generated,2.77,True,Low,16.11,25,6.8,Frequently Active,100.0
353,1963,5.0,16.0,,4292.0,60402,264020.0,0604-02=,Agung,Lesser Sunda Is,Indonesia,-8.343,115.508,2997,Stratovolcano,,120.0,2.0,,True,False,True,Historical,D1,3.0,2.0,,,120.0,,,,,,,,,,,,,,False,Asia,Asia,South-Eastern Asia,284438782.0,1904569.0,NOAA_NCEI_HazEL,1.0,2026-03-15,2026-03-15 23:49:32,1963-05-16,20th Century AD,1960s,Late 20th Century,Spring,Severe,1e-05,4180000000000000.0,3.0,Southern,Eastern,Sunda Arc – Indonesia,False,False,Unknown,,19.18,True,Moderate,30.17,2,0.0,Infrequently Active,100.0
4506,1963,5.0,21.0,,,150712,357120.0,1507-12=,Villarrica,Chile-C,Chile,-39.42,-71.93,2847,Stratovolcano,M,,1.0,,True,False,True,Historical,D1,2.0,1.0,,,,,,,,,,,,,,,,,False,South America,Americas,South America,20206953.0,756102.0,NOAA_NCEI_HazEL,1.0,2026-03-15,2026-03-15 23:49:32,1963-05-21,20th Century AD,1960s,Late 20th Century,Spring,Explosive,1e-06,418000000000000.0,1.0,Southern,Western,Ring of Fire – Pacific,True,False,Unknown,Mudflow / Lahar,0.0,False,Low,15.0,4,7.3,Moderately Active,100.0
345,1963,9.0,5.0,,,60401,264010.0,0604-01=,Batur,Lesser Sunda Is,Indonesia,-8.24,115.378,1711,Caldera,,2.0,1.0,,True,False,True,Historical,D1,2.0,1.0,,1.0,2.0,,,,,1.0,,,,,,,,,False,Asia,Asia,South-Eastern Asia,284438782.0,1904569.0,NOAA_NCEI_HazEL,1.0,2026-03-15,2026-03-15 23:49:32,1963-09-05,20th Century AD,1960s,Late 20th Century,Autumn,Explosive,1e-06,418000000000000.0,1.0,Southern,Eastern,Sunda Arc – Indonesia,False,False,Unknown,,4.39,True,Low,16.76,1,,Single Record,100.0
3569,1963,9.0,28.0,,,140209,342090.0,1402-09=,Fuego,Guatemala,Guatemala,14.473,-90.88,3763,Stratovolcano,M,7.0,1.0,,True,False,True,Historical,D1,3.0,1.0,,,7.0,,,,,,,,,,,,,,False,North America,Americas,Central America,18079810.0,108889.0,NOAA_NCEI_HazEL,1.0,2026-03-15,2026-03-15 23:49:32,1963-09-28,20th Century AD,1960s,Late 20th Century,Autumn,Severe,1e-05,4180000000000000.0,3.0,Northern,Western,Ring of Fire – Pacific,True,False,Unknown,Mudflow / Lahar,8.32,True,Moderate,25.83,11,43.7,Frequently Active,100.0
3821,1963,12.0,10.0,,,140506,345060.0,1405-06=,Irazu,Costa Rica,Costa Rica,9.979,-83.852,3436,Stratovolcano,"M,T",40.0,1.0,2.0,True,False,True,Historical,D1,3.0,1.0,2.0,3.0,40.0,,1.0,,1.0,3.0,400.0,400.0,,,,,,,False,North America,Americas,Central America,5309625.0,51100.0,NOAA_NCEI_HazEL,1.0,2026-03-15,2026-03-15 23:49:32,1963-12-10,20th Century AD,1960s,Late 20th Century,Winter,Severe,1e-05,4180000000000000.0,3.0,Northern,Western,Ring of Fire – Pacific,True,False,Unknown,"M,T",14.85,True,Moderate,28.44,3,28.0,Infrequently Active,100.0
395,1964,1.0,1.0,,,60415,264150.0,0604-15=,Paluweh,Lesser Sunda Is,Indonesia,-8.32,121.708,875,Stratovolcano,,1.0,1.0,,True,False,True,Historical,D1,2.0,1.0,,,1.0,3.0,1.0,3.0,1.0,,,,,,,,,,False,Asia,Asia,South-Eastern Asia,284438782.0,1904569.0,NOAA_NCEI_HazEL,1.0,2026-03-15,2026-03-15 23:49:32,1964-01-01,20th Century AD,1960s,Late 20th Century,Winter,Explosive,1e-06,418000000000000.0,1.0,Southern,Eastern,Sunda Arc – Indonesia,False,False,Unknown,,5.55,True,Low,17.22,6,17.0,Moderately Active,100.0
4140,1964,3.0,3.0,,,150712,357120.0,1507-12=,Villarrica,Chile-C,Chile,-39.42,-71.93,2847,Stratovolcano,M,25.0,1.0,,True,False,True,Historical,D1,2.0,1.0,,,25.0,,,,,,,,,,,,,,False,South America,Americas,South America,20206953.0,756102.0,NOAA_NCEI_HazEL,1.0,2026-03-15,2026-03-15 23:49:32,1964-03-03,20th Century AD,1960s,Late 20th Century,Spring,Explosive,1e-06,418000000000000.0,1.0,Southern,Western,Ring of Fire – Pacific,True,False,Unknown,Mudflow / Lahar,13.03,True,Low,20.21,4,7.3,Moderately Active,100.0
4457,1964,12.0,13.0,,,60320,263200.0,0603-20=,Dieng Volcanic Complex,Java,Indonesia,-7.2,109.879,2565,Complex volcano,,114.0,3.0,,True,False,True,Historical,D1,1.0,3.0,,,114.0,,,,,,,,,,,,,,False,Asia,Asia,South-Eastern Asia,284438782.0,1904569.0,NOAA_NCEI_HazEL,1.0,2026-03-15,2026-03-15 23:49:32,1964-12-13,20th Century AD,1960s,Late 20th Century,Winter,Gentle,1e-07,41800000000000.0,0.3,Southern,Eastern,Sunda Arc – Indonesia,False,False,Unknown,,18.98,True,Minimal,15.09,11,23.1,Frequently Active,100.0
762,1965,9.0,28.0,1977.0,,70307,273070.0,0703-07=,Taal,Luzon-Philippines,Philippines,14.011,120.998,311,Stratovolcano,"P,W",355.0,3.0,1.0,True,False,True,Historical,D1,4.0,3.0,1.0,1.0,355.0,,,,,1.0,,,,,,,,,True,Asia,Asia,South-Eastern Asia,114123600.0,342353.0,NOAA_NCEI_HazEL,1.0,2026-03-15,2026-03-15 23:49:32,1965-09-28,20th Century AD,1960s,Late 20th Century,Autumn,Cataclysmic,0.0001,4.18e+16,10.0,Northern,Eastern,Philippine Arc,False,True,Unknown,"P,W",23.5,True,High,39.4,9,700.0,Moderately Active,100.0
4205,1965,10.0,24.0,5695.0,,160016,360160.0,1600-16=,Kick 'em Jenny,W Indies,Netherlands,12.3,-61.64,-185,Submarine volcano,,,,,True,False,True,Historical,D1,0.0,,,,,,,,,,,,,,,,,,True,Europe,Europe,Western Europe,18100436.0,41865.0,NOAA_NCEI_HazEL,1.0,2026-03-15,2026-03-15 23:49:32,1965-10-24,20th Century AD,1960s,Late 20th Century,Autumn,Non-Explosive,1e-08,4180000000000.0,0.1,Northern,Western,Ring of Fire – Pacific,True,False,Unknown,,0.0,False,Minimal,0.0,2,26.0,Infrequently Active,100.0
2234,1966,1.0,13.0,5478.0,,50601,256010.0,0506-01=,Tinakula,Santa Cruz Is-SW Pac,Solomon Is.,-10.386,165.804,796,Stratovolcano,,,,,True,False,True,Historical,D1,3.0,,,,,,,,,,,,,,,,,,True,Oceania,Oceania,Melanesia,720000.0,28896.0,NOAA_NCEI_HazEL,1.0,2026-03-15,2026-03-15 23:49:32,1966-01-13,20th Century AD,1960s,Late 20th Century,Winter,Severe,1e-05,4180000000000000.0,3.0,Southern,Eastern,Ring of Fire – Pacific,True,True,Unknown,,0.0,False,Moderate,22.5,4,43.7,Moderately Active,100.0
141,1966,4.0,26.0,,,60328,263280.0,0603-28=,Kelud,Java,Indonesia,-7.935,112.314,1730,Stratovolcano,"M,m,P",215.0,3.0,,True,False,True,Historical,D1,4.0,3.0,,,215.0,86.0,2.0,86.0,2.0,,,,2.0,2.0,78.0,78.0,,,False,Asia,Asia,South-Eastern Asia,284438782.0,1904569.0,NOAA_NCEI_HazEL,1.0,2026-03-15,2026-03-15 23:49:32,1966-04-26,20th Century AD,1960s,Late 20th Century,Spring,Cataclysmic,0.0001,4.18e+16,10.0,Southern,Eastern,Sunda Arc – Indonesia,False,False,Unknown,"M,M,P",34.8,True,High,43.92,18,41.4,Frequently Active,100.0
589,1966,8.0,12.0,,,60704,267040.0,0607-04=,Awu,Sangihe Is-Indonesia,Indonesia,3.689,125.447,1318,Stratovolcano,"P,M,I",39.0,1.0,,True,False,True,Historical,D1,4.0,1.0,,2.0,39.0,1000.0,3.0,1000.0,3.0,2.0,,,,,,,,,False,Asia,Asia,South-Eastern Asia,284438782.0,1904569.0,NOAA_NCEI_HazEL,1.0,2026-03-15,2026-03-15 23:49:32,1966-08-12,20th Century AD,1960s,Late 20th Century,Summer,Cataclysmic,0.0001,4.18e+16,10.0,Northern,Eastern,Sunda Arc – Indonesia,False,True,Unknown,"P,M,I",28.57,True,High,41.43,6,51.0,Moderately Active,100.0
1671,1966,8.0,14.0,,,20212,222120.0,0202-12=,"Lengai, Ol Doinyo",Africa-E,Tanzania,-2.764,35.914,2962,Stratovolcano,,,,1.0,True,False,True,Historical,D1,4.0,,1.0,,,,,,,,,,,,,,,,False,Africa,Africa,Eastern Africa,68153004.0,947303.0,NOAA_NCEI_HazEL,1.0,2026-03-15,2026-03-15 23:49:32,1966-08-14,20th Century AD,1960s,Late 20th Century,Summer,Cataclysmic,0.0001,4.18e+16,10.0,Southern,Eastern,East African Rift,False,False,Unknown,,0.0,False,High,30.0,4,16.7,Moderately Active,100.0
3766,1966,11.0,6.0,,,140502,345020.0,1405-02=,Rincon de la Vieja,Costa Rica,Costa Rica,10.83,-85.324,1916,Complex volcano,"P,T,G",,,1.0,True,False,True,Historical,D1,3.0,,1.0,,,,,,,,,,,,,,,,False,North America,Americas,Central America,5309625.0,51100.0,NOAA_NCEI_HazEL,1.0,2026-03-15,2026-03-15 23:49:32,1966-11-06,20th Century AD,1960s,Late 20th Century,Autumn,Severe,1e-05,4180000000000000.0,3.0,Northern,Western,Ring of Fire – Pacific,True,False,Unknown,"P,T,G",0.0,False,Moderate,22.5,1,,Single Record,100.0
1672,1967,7.0,8.0,,,20212,222120.0,0202-12=,"Lengai, Ol Doinyo",Africa-E,Tanzania,-2.764,35.914,2962,Stratovolcano,,,,1.0,True,False,True,Historical,D1,3.0,,1.0,,,,,,,,,,,,,,,,False,Africa,Africa,Eastern Africa,68153004.0,947303.0,NOAA_NCEI_HazEL,1.0,2026-03-15,2026-03-15 23:49:32,1967-07-08,20th Century AD,1960s,Late 20th Century,Summer,Severe,1e-05,4180000000000000.0,3.0,Southern,Eastern,East African Rift,False,False,Unknown,,0.0,False,Moderate,22.5,4,16.7,Moderately Active,100.0
202,1967,8.0,31.0,,,60330,263300.0,0603-30=,Semeru,Java,Indonesia,-8.108,112.922,3657,Stratovolcano,M,3.0,1.0,1.0,True,False,True,Historical,D1,3.0,1.0,1.0,,3.0,,,,,,,,,,,,,,False,Asia,Asia,South-Eastern Asia,284438782.0,1904569.0,NOAA_NCEI_HazEL,1.0,2026-03-15,2026-03-15 23:49:32,1967-08-31,20th Century AD,1960s,Late 20th Century,Summer,Severe,1e-05,4180000000000000.0,3.0,Southern,Eastern,Sunda Arc – Indonesia,False,False,Unknown,Mudflow / Lahar,5.55,True,Moderate,24.72,25,6.8,Frequently Active,100.0
7548,1967,11.0,4.0,,,80308,283080.0,0803-08=,Midagahara,Honshu-Japan,Japan,36.571,137.59,2621,Stratovolcano,G,2.0,1.0,,True,False,False,Historical,D3,,1.0,,,2.0,,,,,,,,,,,,,,False,Asia,Asia,Eastern Asia,123210000.0,377930.0,NOAA_NCEI_HazEL,1.0,2026-03-15,2026-03-15 23:49:32,1967-11-04,20th Century AD,1960s,Late 20th Century,Autumn,Unknown,,,,Northern,Eastern,Japan Arc,False,True,Unknown,Gas / SO₂ Emissions,4.39,True,Unknown,1.76,5,27.2,Moderately Active,83.33
4412,1967,12.0,4.0,1992.0,,190003,390030.0,1900-03=,Deception Island,Antarctica,Antarctica,-62.957,-60.637,602,Caldera,,,,,True,False,True,Historical,D1,3.0,,,,,,,,,,,,,,,,,,True,Antarctica,Antarctic,,1300.0,14000000.0,NOAA_NCEI_HazEL,1.0,2026-03-15,2026-03-15 23:49:32,1967-12-04,20th Century AD,1960s,Late 20th Century,Winter,Severe,1e-05,4180000000000000.0,3.0,Southern,Western,Antarctica,False,False,Unknown,,0.0,False,Moderate,22.5,1,,Single Record,100.0
736,1968,4.0,21.0,,,70303,273030.0,0703-03=,Mayon,Luzon-Philippines,Philippines,13.257,123.685,2462,Stratovolcano,"M,P",6.0,1.0,,True,False,True,Historical,D1,3.0,1.0,,,6.0,,,,,,,,,,,,,,False,Asia,Asia,South-Eastern Asia,114123600.0,342353.0,NOAA_NCEI_HazEL,1.0,2026-03-15,2026-03-15 23:49:32,1968-04-21,20th Century AD,1960s,Late 20th Century,Spring,Severe,1e-05,4180000000000000.0,3.0,Northern,Eastern,Philippine Arc,False,True,Unknown,"M,P",7.78,True,Moderate,25.61,19,14.0,Frequently Active,100.0
4499,1968,7.0,29.0,,,1405033,345033.0,1405-033,Arenal,Costa Rica,Costa Rica,10.463,-84.703,1670,Stratovolcano,"P,T",80.0,2.0,1.0,True,False,True,Historical,D1,3.0,2.0,1.0,,80.0,,,,,,,,,,,,,,False,North America,Americas,Central America,5309625.0,51100.0,NOAA_NCEI_HazEL,1.0,2026-03-15,2026-03-15 23:49:32,1968-07-29,20th Century AD,1960s,Late 20th Century,Summer,Severe,1e-05,4180000000000000.0,3.0,Northern,Western,Ring of Fire – Pacific,True,False,Unknown,"P,T",17.58,True,Moderate,29.53,4,10.7,Moderately Active,100.0
105,1969,1.0,7.0,,,60325,263250.0,0603-25=,Merapi,Java,Indonesia,-7.54,110.446,2910,Stratovolcano,P,3.0,1.0,,True,False,True,Historical,D1,2.0,1.0,,,3.0,,,,,,,,,,,,,,False,Asia,Asia,South-Eastern Asia,284438782.0,1904569.0,NOAA_NCEI_HazEL,1.0,2026-03-15,2026-03-15 23:49:32,1969-01-07,20th Century AD,1960s,Late 20th Century,Winter,Explosive,1e-06,418000000000000.0,1.0,Southern,Eastern,Sunda Arc – Indonesia,False,False,Unknown,Phreatic / Phreatomagmatic,5.55,True,Low,17.22,28,15.9,Persistently Active,100.0
389,1969,1.0,28.0,,,60411,264110.0,0604-11=,Iya,Lesser Sunda Is,Indonesia,-8.891,121.641,618,Stratovolcano,"T,m",2.0,1.0,,True,False,True,Historical,D1,3.0,1.0,,3.0,2.0,10.0,1.0,10.0,1.0,3.0,287.0,287.0,,,,,,,False,Asia,Asia,South-Eastern Asia,284438782.0,1904569.0,NOAA_NCEI_HazEL,1.0,2026-03-15,2026-03-15 23:49:32,1969-01-28,20th Century AD,1960s,Late 20th Century,Winter,Severe,1e-05,4180000000000000.0,3.0,Southern,Eastern,Sunda Arc – Indonesia,False,False,Unknown,"T,M",9.19,True,Moderate,26.18,1,,Single Record,100.0
777,1969,3.0,21.0,2872.0,,70402,274020.0,0704-02=,Didicas,Luzon-N of,Philippines,19.077,122.202,228,Compound volcano,W,3.0,1.0,,True,False,True,Historical,D1,2.0,,,,,,,,,,,,,,,,,,True,Asia,Asia,South-Eastern Asia,114123600.0,342353.0,NOAA_NCEI_HazEL,1.0,2026-03-15,2026-03-15 23:49:32,1969-03-21,20th Century AD,1960s,Late 20th Century,Spring,Explosive,1e-06,418000000000000.0,1.0,Northern,Eastern,Philippine Arc,False,False,Unknown,Waves / Surges,5.55,True,Low,17.22,1,,Single Record,100.0
6525,1969,8.0,26.0,,,80320,283200.0,0803-20=,Naruko,Honshu-Japan,Japan,38.729,140.734,470,Caldera,G,1.0,1.0,,True,False,False,Historical,D6,,1.0,,,1.0,,,,,,,,,,,,,,False,Asia,Asia,Eastern Asia,123210000.0,377930.0,NOAA_NCEI_HazEL,1.0,2026-03-15,2026-03-15 23:49:32,1969-08-26,20th Century AD,1960s,Late 20th Century,Summer,Unknown,,,,Northern,Eastern,Japan Arc,False,True,Unknown,Gas / SO₂ Emissions,2.77,True,Unknown,1.11,1,,Single Record,83.33
21,1970,3.0,2.0,,,10101,211010.0,0101-01=,Campi Flegrei,Italy,Italy,40.827,14.139,458,Caldera,S,3.0,1.0,1.0,True,False,False,Historical,D5,,1.0,1.0,1.0,3.0,,,,,1.0,,,,,,,,,False,Europe,Europe,Southern Europe,58927633.0,301336.0,NOAA_NCEI_HazEL,1.0,2026-03-15,2026-03-15 23:49:32,1970-03-02,20th Century AD,1970s,Late 20th Century,Spring,Unknown,,,,Northern,Eastern,Mediterranean Volcanic Belt,False,False,Unknown,Submarine Eruption,5.55,True,Unknown,2.22,3,239.5,Infrequently Active,83.33
4254,1970,5.0,5.0,,,170207,372070.0,1702-07=,Hekla,Iceland-S,Iceland,63.983,-19.666,1490,Stratovolcano,,,,1.0,True,False,True,Historical,D1,3.0,,1.0,,,,,,,,,,,,,,,,False,Europe,Europe,Northern Europe,391810.0,103000.0,NOAA_NCEI_HazEL,1.0,2026-03-15,2026-03-15 23:49:32,1970-05-05,20th Century AD,1970s,Late 20th Century,Spring,Severe,1e-05,4180000000000000.0,3.0,Northern,Western,Mid-Atlantic Ridge – Iceland,False,False,Unknown,,0.0,False,Moderate,22.5,16,58.4,Frequently Active,100.0
4507,1971,8.0,12.0,,,1508057,358057.0,1508-057,"Hudson, Cerro",Chile-S,Chile,-45.9,-72.97,1905,Stratovolcano,M,3.0,1.0,,True,False,True,Historical,D1,3.0,1.0,,,5.0,,,,,,,,,,,,,,False,South America,Americas,South America,20206953.0,756102.0,NOAA_NCEI_HazEL,1.0,2026-03-15,2026-03-15 23:49:32,1971-08-12,20th Century AD,1970s,Late 20th Century,Summer,Severe,1e-05,4180000000000000.0,3.0,Southern,Western,Ring of Fire – Pacific,True,False,Unknown,Mudflow / Lahar,5.55,True,Moderate,24.72,4,1293.7,Moderately Active,100.0
2235,1971,9.0,6.0,2043.0,,50601,256010.0,0506-01=,Tinakula,Santa Cruz Is-SW Pac,Solomon Is.,-10.386,165.804,796,Stratovolcano,,,,,True,False,True,Historical,D1,2.0,,,,,,,,,,,,,,,,,,True,Oceania,Oceania,Melanesia,720000.0,28896.0,NOAA_NCEI_HazEL,1.0,2026-03-15,2026-03-15 23:49:32,1971-09-06,20th Century AD,1970s,Late 20th Century,Autumn,Explosive,1e-06,418000000000000.0,1.0,Southern,Eastern,Ring of Fire – Pacific,True,True,Unknown,,0.0,False,Low,15.0,4,43.7,Moderately Active,100.0
3573,1971,9.0,14.0,,,140209,342090.0,1402-09=,Fuego,Guatemala,Guatemala,14.473,-90.88,3763,Stratovolcano,"M,T",10.0,1.0,,True,False,True,Historical,D1,3.0,1.0,,,10.0,,,,,,,,,,,,,,False,North America,Americas,Central America,18079810.0,108889.0,NOAA_NCEI_HazEL,1.0,2026-03-15,2026-03-15 23:49:32,1971-09-14,20th Century AD,1970s,Late 20th Century,Autumn,Severe,1e-05,4180000000000000.0,3.0,Northern,Western,Ring of Fire – Pacific,True,False,Unknown,"M,T",9.59,True,Moderate,26.34,11,43.7,Frequently Active,100.0
4371,1971,10.0,28.0,,,180301,383010.0,1803-01-,La Palma,Canary Is,Spain,28.57,-17.83,2426,Stratovolcano,,,1.0,1.0,True,False,True,Historical,D1,2.0,1.0,1.0,,,,,,,,,,,,,,,,False,Europe,Europe,Southern Europe,49315949.0,505992.0,NOAA_NCEI_HazEL,1.0,2026-03-15,2026-03-15 23:49:32,1971-10-28,20th Century AD,1970s,Late 20th Century,Autumn,Explosive,1e-06,418000000000000.0,1.0,Northern,Western,Canary Islands – Atlantic Hot Spot,False,True,Unknown,,0.0,False,Low,15.0,3,172.0,Infrequently Active,100.0
4141,1971,10.0,29.0,,,150712,357120.0,1507-12=,Villarrica,Chile-C,Chile,-39.42,-71.93,2847,Stratovolcano,M,15.0,1.0,,True,False,True,Historical,D1,2.0,1.0,,,15.0,,,,,,,,,,,,,,False,South America,Americas,South America,20206953.0,756102.0,NOAA_NCEI_HazEL,1.0,2026-03-15,2026-03-15 23:49:32,1971-10-29,20th Century AD,1970s,Late 20th Century,Autumn,Explosive,1e-06,418000000000000.0,1.0,Southern,Western,Ring of Fire – Pacific,True,False,Unknown,Mudflow / Lahar,11.09,True,Low,19.44,4,7.3,Moderately Active,100.0
6506,1971,12.0,27.0,,,80312,283120.0,0803-12=,Kusatsu-Shiranesan,Honshu-Japan,Japan,36.618,138.528,2165,Stratovolcano,G,6.0,1.0,,True,False,False,Historical,D1,,1.0,,,6.0,,,,,,,,,,,,,,False,Asia,Asia,Eastern Asia,123210000.0,377930.0,NOAA_NCEI_HazEL,1.0,2026-03-15,2026-03-15 23:49:32,1971-12-27,20th Century AD,1970s,Late 20th Century,Winter,Unknown,,,,Northern,Eastern,Japan Arc,False,True,Unknown,Gas / SO₂ Emissions,7.78,True,Unknown,3.11,4,28.7,Moderately Active,83.33
22,1972,8.0,,,,30302,233020.0,0303-02=,"Fournaise, Piton de la",Indian O-W,Reunion,-21.244,55.708,2632,Shield volcano,I,3.0,1.0,,True,False,True,Historical,D1,2.0,1.0,,,3.0,,,,,,,,,,,,,,False,Africa,Sub-Saharan Africa,Eastern Africa,906000.0,2511.0,NOAA_NCEI_HazEL,1.0,2026-03-15,2026-03-15 23:49:32,1972-08-01,20th Century AD,1970s,Late 20th Century,Summer,Explosive,1e-06,418000000000000.0,1.0,Southern,Eastern,Intraplate / Other,False,True,Unknown,Inundation / Lahar,5.55,True,Low,17.22,1,,Single Record,100.0
6472,1972,10.0,2.0,,,80302,283020.0,0803-02=,Hakoneyama,Honshu-Japan,Japan,35.233,139.021,1438,Complex volcano,,2.0,1.0,,True,False,False,Radiocarbon,D7,,1.0,,,2.0,,,,,,,,,,,,,,False,Asia,Asia,Eastern Asia,123210000.0,377930.0,NOAA_NCEI_HazEL,1.0,2026-03-15,2026-03-15 23:49:32,1972-10-02,20th Century AD,1970s,Late 20th Century,Autumn,Unknown,,,,Northern,Eastern,Japan Arc,False,True,Unknown,,4.39,True,Unknown,1.76,5,9.8,Moderately Active,83.33
4704,1972,10.0,9.0,2054.0,,50107,251070.0,0501-07=,Ritter Island,New Guinea-NE of,Papua New Guinea,-5.519,148.115,75,Stratovolcano,,,,,True,False,True,Historical,D1,1.0,,,,,,,,,,,,,,,,,,True,Oceania,Oceania,Melanesia,11781559.0,462840.0,NOAA_NCEI_HazEL,1.0,2026-03-15,2026-03-15 23:49:32,1972-10-09,20th Century AD,1970s,Late 20th Century,Autumn,Gentle,1e-07,41800000000000.0,0.3,Southern,Eastern,Intraplate / Other,False,False,Unknown,,0.0,False,Minimal,7.5,4,39.7,Moderately Active,100.0
4509,1973,1.0,27.0,,,170201,372010.0,1702-01=,Vestmannaeyjar,Iceland-S,Iceland,63.416,-20.266,283,Submarine volcano,G,1.0,1.0,,True,False,True,Historical,D1,3.0,1.0,,3.0,1.0,,,,,3.0,300.0,300.0,,,,,,,False,Europe,Europe,Northern Europe,391810.0,103000.0,NOAA_NCEI_HazEL,1.0,2026-03-15,2026-03-15 23:49:32,1973-01-27,20th Century AD,1970s,Late 20th Century,Winter,Severe,1e-05,4180000000000000.0,3.0,Northern,Western,Mid-Atlantic Ridge – Iceland,False,False,Unknown,Gas / SO₂ Emissions,2.77,True,Moderate,23.61,1,,Single Record,100.0
397,1973,1.0,,,,60415,264150.0,0604-15=,Paluweh,Lesser Sunda Is,Indonesia,-8.32,121.708,875,Stratovolcano,,,,1.0,True,False,True,Historical,D1,3.0,,1.0,1.0,,,,,,1.0,,,,,,,,,False,Asia,Asia,South-Eastern Asia,284438782.0,1904569.0,NOAA_NCEI_HazEL,1.0,2026-03-15,2026-03-15 23:49:32,1973-01-01,20th Century AD,1970s,Late 20th Century,Winter,Severe,1e-05,4180000000000000.0,3.0,Southern,Eastern,Sunda Arc – Indonesia,False,False,Unknown,,0.0,False,Moderate,22.5,6,17.0,Moderately Active,100.0
6224,1973,4.0,5.0,,,1508057,358057.0,1508-057,"Hudson, Cerro",Chile-S,Chile,-45.9,-72.97,1905,Stratovolcano,M,2.0,1.0,1.0,True,False,True,Historical,D1,,1.0,1.0,1.0,2.0,,,,,1.0,,,,,,,,,False,South America,Americas,South America,20206953.0,756102.0,NOAA_NCEI_HazEL,1.0,2026-03-15,2026-03-15 23:49:32,1973-04-05,20th Century AD,1970s,Late 20th Century,Spring,Unknown,,,,Southern,Western,Ring of Fire – Pacific,True,False,Unknown,Mudflow / Lahar,4.39,True,Unknown,1.76,4,1293.7,Moderately Active,83.33
445,1973,12.0,,5761.0,,60425,264250.0,0604-25=,Iliwerung,Lesser Sunda Is,Indonesia,-8.532,123.573,583,Complex volcano,W,2.0,1.0,,True,False,True,Historical,D1,2.0,,,,,,,,,,,,,,,,,,True,Asia,Asia,South-Eastern Asia,284438782.0,1904569.0,NOAA_NCEI_HazEL,1.0,2026-03-15,2026-03-15 23:49:32,1973-12-01,20th Century AD,1970s,Late 20th Century,Winter,Explosive,1e-06,418000000000000.0,1.0,Southern,Eastern,Sunda Arc – Indonesia,False,False,Unknown,Waves / Surges,4.39,True,Low,16.76,5,28.2,Moderately Active,100.0
561,1974,2.0,11.0,,,60702,267020.0,0607-02=,Karangetang,Sangihe Is-Indonesia,Indonesia,2.781,125.407,1797,Stratovolcano,A,4.0,1.0,,True,False,True,Historical,D1,3.0,1.0,,,4.0,,,,,,,,,,,,,,False,Asia,Asia,South-Eastern Asia,284438782.0,1904569.0,NOAA_NCEI_HazEL,1.0,2026-03-15,2026-03-15 23:49:32,1974-02-11,20th Century AD,1970s,Late 20th Century,Winter,Severe,1e-05,4180000000000000.0,3.0,Northern,Eastern,Sunda Arc – Indonesia,False,True,Unknown,Ash / Tephra,6.44,True,Moderate,25.08,10,8.3,Moderately Active,100.0
4470,1974,6.0,17.0,,,80208,282080.0,0802-08=,Aira,Kyushu-Japan,Japan,31.577,130.659,1117,Stratovolcano,M,3.0,1.0,,True,False,True,Historical,D1,3.0,1.0,,,3.0,,,,,,,,,,,,,,False,Asia,Asia,Eastern Asia,123210000.0,377930.0,NOAA_NCEI_HazEL,1.0,2026-03-15,2026-03-15 23:49:32,1974-06-17,20th Century AD,1970s,Late 20th Century,Summer,Severe,1e-05,4180000000000000.0,3.0,Northern,Eastern,Japan Arc,False,True,Unknown,Mudflow / Lahar,5.55,True,Moderate,24.72,15,89.2,Frequently Active,100.0
1100,1974,7.0,28.0,,,80309,283090.0,0803-09=,Niigata-Yakeyama,Honshu-Japan,Japan,36.921,138.036,2400,Lava dome,T,3.0,1.0,,True,False,True,Historical,D1,2.0,1.0,,,3.0,,,,,,,,,,,,,,False,Asia,Asia,Eastern Asia,123210000.0,377930.0,NOAA_NCEI_HazEL,1.0,2026-03-15,2026-03-15 23:49:32,1974-07-28,20th Century AD,1970s,Late 20th Century,Summer,Explosive,1e-06,418000000000000.0,1.0,Northern,Eastern,Japan Arc,False,True,Unknown,Tsunami Generated,5.55,True,Low,17.22,1,,Single Record,100.0
4471,1974,8.0,9.0,,,80208,282080.0,0802-08=,Aira,Kyushu-Japan,Japan,31.577,130.659,1117,Stratovolcano,M,5.0,1.0,,True,False,True,Historical,D1,3.0,1.0,,,5.0,,,,,,,,,,,,,,False,Asia,Asia,Eastern Asia,123210000.0,377930.0,NOAA_NCEI_HazEL,1.0,2026-03-15,2026-03-15 23:49:32,1974-08-09,20th Century AD,1970s,Late 20th Century,Summer,Severe,1e-05,4180000000000000.0,3.0,Northern,Eastern,Japan Arc,False,True,Unknown,Mudflow / Lahar,7.17,True,Moderate,25.37,15,89.2,Frequently Active,100.0
3574,1974,10.0,10.0,,,140209,342090.0,1402-09=,Fuego,Guatemala,Guatemala,14.473,-90.88,3763,Stratovolcano,"T,M",,1.0,2.0,True,False,True,Historical,D1,4.0,1.0,2.0,3.0,,,,,,3.0,,,,,,,,,False,North America,Americas,Central America,18079810.0,108889.0,NOAA_NCEI_HazEL,1.0,2026-03-15,2026-03-15 23:49:32,1974-10-10,20th Century AD,1970s,Late 20th Century,Autumn,Cataclysmic,0.0001,4.18e+16,10.0,Northern,Western,Ring of Fire – Pacific,True,False,Unknown,"T,M",0.0,False,High,30.0,11,43.7,Frequently Active,100.0
4683,1974,10.0,17.0,2069.0,,50107,251070.0,0501-07=,Ritter Island,New Guinea-NE of,Papua New Guinea,-5.519,148.115,75,Stratovolcano,,,,,True,False,True,Historical,D1,1.0,,,,,,,,,,,,,,,,,,True,Oceania,Oceania,Melanesia,11781559.0,462840.0,NOAA_NCEI_HazEL,1.0,2026-03-15,2026-03-15 23:49:32,1974-10-17,20th Century AD,1970s,Late 20th Century,Autumn,Gentle,1e-07,41800000000000.0,0.3,Southern,Eastern,Intraplate / Other,False,False,Unknown,,0.0,False,Minimal,7.5,4,39.7,Moderately Active,100.0
6345,1974,10.0,22.0,,,60325,263250.0,0603-25=,Merapi,Java,Indonesia,-7.54,110.446,2910,Stratovolcano,M,9.0,1.0,,True,False,True,Historical,D1,2.0,1.0,,1.0,9.0,,,,,1.0,6.0,6.0,,,,,,,False,Asia,Asia,South-Eastern Asia,284438782.0,1904569.0,NOAA_NCEI_HazEL,1.0,2026-03-15,2026-03-15 23:49:32,1974-10-22,20th Century AD,1970s,Late 20th Century,Autumn,Explosive,1e-06,418000000000000.0,1.0,Southern,Eastern,Sunda Arc – Indonesia,False,False,Unknown,Mudflow / Lahar,9.21,True,Low,18.68,28,15.9,Persistently Active,100.0
2367,1975,1.0,,,,60114,261140.0,0601-14=,Marapi,Sumatra,Indonesia,-0.38,100.474,2885,Complex volcano,M,80.0,2.0,3.0,True,False,True,Historical,D1,2.0,2.0,3.0,3.0,80.0,,,,,3.0,,,,,,,,,False,Asia,Asia,South-Eastern Asia,284438782.0,1904569.0,NOAA_NCEI_HazEL,1.0,2026-03-15,2026-03-15 23:49:32,1975-01-01,20th Century AD,1970s,Late 20th Century,Winter,Explosive,1e-06,418000000000000.0,1.0,Southern,Eastern,Sunda Arc – Indonesia,False,False,Unknown,Mudflow / Lahar,17.58,True,Low,22.03,5,12.2,Moderately Active,100.0
4500,1975,6.0,17.0,,,1405033,345033.0,1405-033,Arenal,Costa Rica,Costa Rica,10.463,-84.703,1670,Stratovolcano,,2.0,1.0,,True,False,True,Historical,D1,3.0,1.0,,,2.0,,1.0,,1.0,,,,,,,,,,False,North America,Americas,Central America,5309625.0,51100.0,NOAA_NCEI_HazEL,1.0,2026-03-15,2026-03-15 23:49:32,1975-06-17,20th Century AD,1970s,Late 20th Century,Summer,Severe,1e-05,4180000000000000.0,3.0,Northern,Western,Ring of Fire – Pacific,True,False,Unknown,,4.39,True,Moderate,24.26,4,10.7,Moderately Active,100.0
3407,1975,11.0,29.0,2080.0,4704.0,130201,332010.0,1302-01-,Kilauea,Hawaiian Is,United States,19.421,-155.287,1222,Shield volcano,W,2.0,1.0,2.0,True,False,True,Historical,D1,0.0,,,,,,,,1.0,,,,,,,,,4.0,True,North America,Americas,North America,340110988.0,9525067.0,NOAA_NCEI_HazEL,1.0,2026-03-15,2026-03-15 23:49:32,1975-11-29,20th Century AD,1970s,Late 20th Century,Autumn,Non-Explosive,1e-08,4180000000000.0,0.1,Northern,Western,Ring of Fire – Pacific,True,True,Unknown,Waves / Surges,4.39,True,Minimal,1.76,16,15.2,Frequently Active,100.0
6507,1976,8.0,3.0,,,80312,283120.0,0803-12=,Kusatsu-Shiranesan,Honshu-Japan,Japan,36.618,138.528,2165,Stratovolcano,G,3.0,1.0,,True,False,False,Historical,D1,,1.0,,,3.0,,,,,,,,,,,,,,False,Asia,Asia,Eastern Asia,123210000.0,377930.0,NOAA_NCEI_HazEL,1.0,2026-03-15,2026-03-15 23:49:32,1976-08-03,20th Century AD,1970s,Late 20th Century,Summer,Unknown,,,,Northern,Eastern,Japan Arc,False,True,Unknown,Gas / SO₂ Emissions,5.55,True,Unknown,2.22,4,28.7,Moderately Active,83.33
4504,1976,8.0,12.0,,,150209,352090.0,1502-09=,Sangay,Ecuador,Ecuador,-2.005,-78.341,5286,Stratovolcano,T,2.0,1.0,,True,False,True,Historical,D1,3.0,1.0,,,2.0,4.0,1.0,4.0,1.0,,,,,,,,,,False,South America,Americas,South America,18103660.0,276841.0,NOAA_NCEI_HazEL,1.0,2026-03-15,2026-03-15 23:49:32,1976-08-12,20th Century AD,1970s,Late 20th Century,Summer,Severe,1e-05,4180000000000000.0,3.0,Southern,Western,Ring of Fire – Pacific,True,False,Unknown,Tsunami Generated,7.61,True,Moderate,25.54,2,45.0,Infrequently Active,100.0
205,1976,8.0,31.0,,,60330,263300.0,0603-30=,Semeru,Java,Indonesia,-8.108,112.922,3657,Stratovolcano,M,119.0,3.0,,True,False,True,Historical,D1,2.0,3.0,,,119.0,,,,,,,,,,,,,,False,Asia,Asia,South-Eastern Asia,284438782.0,1904569.0,NOAA_NCEI_HazEL,1.0,2026-03-15,2026-03-15 23:49:32,1976-08-31,20th Century AD,1970s,Late 20th Century,Summer,Explosive,1e-06,418000000000000.0,1.0,Southern,Eastern,Sunda Arc – Indonesia,False,False,Unknown,Mudflow / Lahar,19.15,True,Low,22.66,25,6.8,Frequently Active,100.0
562,1976,9.0,15.0,,,60702,267020.0,0607-02=,Karangetang,Sangihe Is-Indonesia,Indonesia,2.781,125.407,1797,Stratovolcano,"P,L",1.0,1.0,,True,False,True,Historical,D1,2.0,1.0,,1.0,1.0,1.0,1.0,1.0,1.0,1.0,24.0,24.0,,,,,,,False,Asia,Asia,South-Eastern Asia,284438782.0,1904569.0,NOAA_NCEI_HazEL,1.0,2026-03-15,2026-03-15 23:49:32,1976-09-15,20th Century AD,1970s,Late 20th Century,Autumn,Explosive,1e-06,418000000000000.0,1.0,Northern,Eastern,Sunda Arc – Indonesia,False,True,Unknown,"P,L",4.16,True,Low,16.66,10,8.3,Moderately Active,100.0
6346,1976,11.0,25.0,,,60325,263250.0,0603-25=,Merapi,Java,Indonesia,-7.54,110.446,2910,Stratovolcano,M,29.0,1.0,,True,False,True,Historical,D1,2.0,1.0,,3.0,29.0,,,,,3.0,306.0,306.0,,,,,,,False,Asia,Asia,South-Eastern Asia,284438782.0,1904569.0,NOAA_NCEI_HazEL,1.0,2026-03-15,2026-03-15 23:49:32,1976-11-25,20th Century AD,1970s,Late 20th Century,Autumn,Explosive,1e-06,418000000000000.0,1.0,Southern,Eastern,Sunda Arc – Indonesia,False,False,Unknown,Mudflow / Lahar,13.6,True,Low,20.44,28,15.9,Persistently Active,100.0
7,1977,1.0,10.0,,,20303,223030.0,0203-03=,Nyiragongo,Africa-C,"Congo, DRC",-1.52,29.25,3470,Stratovolcano,L,,2.0,3.0,True,False,True,Historical,D1,1.0,2.0,3.0,,,,,,,,,,,,,,,,False,Africa,Sub-Saharan Africa,Middle Africa,102262808.0,2344858.0,NOAA_NCEI_HazEL,1.0,2026-03-15,2026-03-15 23:49:32,1977-01-10,20th Century AD,1970s,Late 20th Century,Winter,Gentle,1e-07,41800000000000.0,0.3,Southern,Eastern,East African Rift,False,False,Unknown,Lava Flow,0.0,False,Minimal,7.5,4,14.7,Moderately Active,100.0
1731,1977,4.0,5.0,,,30301,233010.0,0303-01=,Karthala,Indian O-W,Comoros,-11.75,43.38,2361,Shield volcano,L,1.0,1.0,1.0,True,False,True,Historical,D1,1.0,1.0,1.0,3.0,1.0,,,,,3.0,293.0,293.0,,,,,,,False,Africa,Africa,Eastern Africa,919901.0,1862.0,NOAA_NCEI_HazEL,1.0,2026-03-15,2026-03-15 23:49:32,1977-04-05,20th Century AD,1970s,Late 20th Century,Spring,Gentle,1e-07,41800000000000.0,0.3,Southern,Eastern,East African Rift,False,False,Unknown,Lava Flow,2.77,True,Minimal,8.61,6,24.4,Moderately Active,100.0
4319,1977,4.0,27.0,,,170308,373080.0,1703-08=,Krafla,Iceland-NE,Iceland,65.715,-16.728,800,Caldera,,,,1.0,True,False,True,Historical,D1,1.0,,1.0,,,,,,,,,,,,,,,,False,Europe,Europe,Northern Europe,391810.0,103000.0,NOAA_NCEI_HazEL,1.0,2026-03-15,2026-03-15 23:49:32,1977-04-27,20th Century AD,1970s,Late 20th Century,Spring,Gentle,1e-07,41800000000000.0,0.3,Northern,Western,Mid-Atlantic Ridge – Iceland,False,False,Unknown,,0.0,False,Minimal,7.5,2,248.0,Infrequently Active,100.0
3046,1977,8.0,2.0,,,100026,300260.0,1000-26=,Klyuchevskoy,Kamchatka,Russia,56.056,160.642,4754,Stratovolcano,T,1.0,1.0,,True,False,True,Historical,D1,3.0,1.0,,,1.0,,,,,,,,,,,,,,False,"Europe, Asia",Europe,Eastern Europe,146028325.0,17098246.0,NOAA_NCEI_HazEL,1.0,2026-03-15,2026-03-15 23:49:32,1977-08-02,20th Century AD,1970s,Late 20th Century,Summer,Severe,1e-05,4180000000000000.0,3.0,Northern,Eastern,Ring of Fire – Pacific,True,False,Unknown,Tsunami Generated,2.77,True,Moderate,23.61,4,87.7,Moderately Active,100.0
6548,1977,8.0,7.0,,,80503,285030.0,0805-03=,Toya,Hokkaido-Japan,Japan,42.544,140.839,733,Stratovolcano,I,3.0,1.0,,True,False,True,Historical,D1,3.0,1.0,,,3.0,,,,,,,,,,,,,,False,Asia,Asia,Eastern Asia,123210000.0,377930.0,NOAA_NCEI_HazEL,1.0,2026-03-15,2026-03-15 23:49:32,1977-08-07,20th Century AD,1970s,Late 20th Century,Summer,Severe,1e-05,4180000000000000.0,3.0,Northern,Eastern,Japan Arc,False,True,Unknown,Inundation / Lahar,5.55,True,Moderate,24.72,8,45.0,Moderately Active,100.0
698,1978,7.0,29.0,,,70301,273010.0,0703-01=,Bulusan,Luzon-Philippines,Philippines,12.769,124.056,1535,Stratovolcano,,,,1.0,True,False,True,Historical,D1,2.0,,1.0,,,,,,,,,,,,,,,,False,Asia,Asia,South-Eastern Asia,114123600.0,342353.0,NOAA_NCEI_HazEL,1.0,2026-03-15,2026-03-15 23:49:32,1978-07-29,20th Century AD,1970s,Late 20th Century,Summer,Explosive,1e-06,418000000000000.0,1.0,Northern,Eastern,Philippine Arc,False,True,Unknown,,0.0,False,Low,15.0,4,26.0,Moderately Active,100.0
4495,1978,9.0,2.0,,,140203,342030.0,1402-03=,Santa Maria,Guatemala,Guatemala,14.757,-91.552,3745,Stratovolcano,M,1.0,1.0,,True,False,True,Historical,D1,3.0,1.0,,,1.0,,,,,,,,,,,,,,False,North America,Americas,Central America,18079810.0,108889.0,NOAA_NCEI_HazEL,1.0,2026-03-15,2026-03-15 23:49:32,1978-09-02,20th Century AD,1970s,Late 20th Century,Autumn,Severe,1e-05,4180000000000000.0,3.0,Northern,Western,Ring of Fire – Pacific,True,False,Unknown,Mudflow / Lahar,2.77,True,Moderate,23.61,4,29.3,Moderately Active,100.0
204,1978,9.0,19.0,,,60330,263300.0,0603-30=,Semeru,Java,Indonesia,-8.108,112.922,3657,Stratovolcano,M,12.0,1.0,,True,False,True,Historical,D1,3.0,1.0,,,12.0,,,,,,,,,,,,,,False,Asia,Asia,South-Eastern Asia,284438782.0,1904569.0,NOAA_NCEI_HazEL,1.0,2026-03-15,2026-03-15 23:49:32,1978-09-19,20th Century AD,1970s,Late 20th Century,Autumn,Severe,1e-05,4180000000000000.0,3.0,Southern,Eastern,Sunda Arc – Indonesia,False,False,Unknown,Mudflow / Lahar,10.26,True,Moderate,26.6,25,6.8,Frequently Active,100.0
2699,1978,10.0,24.0,,,80503,285030.0,0805-03=,Toya,Hokkaido-Japan,Japan,42.544,140.839,733,Stratovolcano,m,3.0,1.0,,True,False,True,Historical,D1,3.0,1.0,,,3.0,2.0,1.0,2.0,1.0,,,,,,,,,,False,Asia,Asia,Eastern Asia,123210000.0,377930.0,NOAA_NCEI_HazEL,1.0,2026-03-15,2026-03-15 23:49:32,1978-10-24,20th Century AD,1970s,Late 20th Century,Autumn,Severe,1e-05,4180000000000000.0,3.0,Northern,Eastern,Japan Arc,False,True,Unknown,Mudflow / Lahar,7.74,True,Moderate,25.6,8,45.0,Moderately Active,100.0
7580,1978,,,,,60320,263200.0,0603-20=,Dieng Volcanic Complex,Java,Indonesia,-7.2,109.879,2565,Complex volcano,I,3.0,1.0,,True,False,False,Historical,D1,,1.0,,,3.0,,,,,,,,,,,,,,False,Asia,Asia,South-Eastern Asia,284438782.0,1904569.0,NOAA_NCEI_HazEL,1.0,2026-03-15,2026-03-15 23:49:32,1978-01-01,20th Century AD,1970s,Late 20th Century,,Unknown,,,,Southern,Eastern,Sunda Arc – Indonesia,False,False,Unknown,Inundation / Lahar,5.55,True,Unknown,2.22,11,23.1,Frequently Active,83.33
6326,1978,,,,,60309,263090.0,0603-09=,Tangkuban Parahu,Java,Indonesia,-6.77,107.6,2084,Stratovolcano,I,3.0,1.0,,True,False,False,Historical,D1,,1.0,,,3.0,,,,,,,,,,,,,,False,Asia,Asia,South-Eastern Asia,284438782.0,1904569.0,NOAA_NCEI_HazEL,1.0,2026-03-15,2026-03-15 23:49:32,1978-01-01,20th Century AD,1970s,Late 20th Century,,Unknown,,,,Southern,Eastern,Sunda Arc – Indonesia,False,False,Unknown,Inundation / Lahar,5.55,True,Unknown,2.22,3,66.0,Infrequently Active,83.33
49,1979,2.0,20.0,,,60320,263200.0,0603-20=,Dieng Volcanic Complex,Java,Indonesia,-7.2,109.879,2565,Complex volcano,G,149.0,3.0,,True,False,True,Historical,D1,1.0,3.0,,,149.0,,,,,,,,,,,,,,False,Asia,Asia,South-Eastern Asia,284438782.0,1904569.0,NOAA_NCEI_HazEL,1.0,2026-03-15,2026-03-15 23:49:32,1979-02-20,20th Century AD,1970s,Late 20th Century,Winter,Gentle,1e-07,41800000000000.0,0.3,Southern,Eastern,Sunda Arc – Indonesia,False,False,Unknown,Gas / SO₂ Emissions,20.04,True,Minimal,15.52,11,23.1,Frequently Active,100.0
20,1979,3.0,8.0,,,50103,251030.0,0501-03=,Karkar,New Guinea-NE of,Papua New Guinea,-4.647,145.976,1839,Stratovolcano,P,2.0,1.0,,True,False,True,Historical,D1,2.0,1.0,,,2.0,,,,,,,,,,,,,,False,Oceania,Oceania,Melanesia,11781559.0,462840.0,NOAA_NCEI_HazEL,1.0,2026-03-15,2026-03-15 23:49:32,1979-03-08,20th Century AD,1970s,Late 20th Century,Spring,Explosive,1e-06,418000000000000.0,1.0,Southern,Eastern,Intraplate / Other,False,False,Unknown,Phreatic / Phreatomagmatic,4.39,True,Low,16.76,2,84.0,Infrequently Active,100.0
4202,1979,4.0,13.0,,,160015,360150.0,1600-15=,Soufriere St. Vincent,W Indies,St. Vincent & the Grenadines,13.33,-61.18,1220,Stratovolcano,"T,P",2.0,1.0,,True,False,True,Historical,D1,3.0,1.0,,,2.0,,,,,,,,,,,,,,False,North America,Americas,Caribbean,103698.0,389.0,NOAA_NCEI_HazEL,1.0,2026-03-15,2026-03-15 23:49:32,1979-04-13,20th Century AD,1970s,Late 20th Century,Spring,Severe,1e-05,4180000000000000.0,3.0,Northern,Western,Ring of Fire – Pacific,True,True,Unknown,"T,P",4.39,True,Moderate,24.26,4,69.7,Moderately Active,100.0
7578,1979,4.0,30.0,,,60114,261140.0,0601-14=,Marapi,Sumatra,Indonesia,-0.38,100.474,2885,Complex volcano,M,80.0,2.0,,True,False,True,Historical,D1,2.0,2.0,,,80.0,,,,,,,,,,,,,,False,Asia,Asia,South-Eastern Asia,284438782.0,1904569.0,NOAA_NCEI_HazEL,1.0,2026-03-15,2026-03-15 23:49:32,1979-04-30,20th Century AD,1970s,Late 20th Century,Spring,Explosive,1e-06,418000000000000.0,1.0,Southern,Eastern,Sunda Arc – Indonesia,False,False,Unknown,Mudflow / Lahar,17.58,True,Low,22.03,5,12.2,Moderately Active,100.0
4603,1979,7.0,18.0,2115.0,,60425,264250.0,0604-25=,Iliwerung,Lesser Sunda Is,Indonesia,-8.532,123.573,583,Complex volcano,W,1239.0,4.0,3.0,True,False,False,Historical,D1,,,,3.0,,,,32.0,1.0,,,,,,,,,,True,Asia,Asia,South-Eastern Asia,284438782.0,1904569.0,NOAA_NCEI_HazEL,1.0,2026-03-15,2026-03-15 23:49:32,1979-07-18,20th Century AD,1970s,Late 20th Century,Summer,Unknown,,,,Southern,Eastern,Sunda Arc – Indonesia,False,False,Unknown,Waves / Surges,35.48,True,Unknown,14.19,5,28.2,Moderately Active,83.33
4479,1979,9.0,6.0,,,80211,282110.0,0802-11=,Asosan,Kyushu-Japan,Japan,32.885,131.085,1592,Caldera,T,3.0,1.0,,True,False,True,Historical,D1,2.0,1.0,,,3.0,11.0,1.0,11.0,1.0,,,,,,,,,,False,Asia,Asia,Eastern Asia,123210000.0,377930.0,NOAA_NCEI_HazEL,1.0,2026-03-15,2026-03-15 23:49:32,1979-09-06,20th Century AD,1970s,Late 20th Century,Autumn,Explosive,1e-06,418000000000000.0,1.0,Northern,Eastern,Japan Arc,False,True,Unknown,Tsunami Generated,10.51,True,Low,19.2,16,45.7,Frequently Active,100.0
30,1979,9.0,12.0,,,10106,211060.0,0101-06=,Etna,Italy,Italy,37.748,14.999,3357,Stratovolcano,T,9.0,1.0,,True,False,True,Historical,D1,3.0,1.0,,,9.0,23.0,1.0,23.0,1.0,,,,,,,,,,False,Europe,Europe,Southern Europe,58927633.0,301336.0,NOAA_NCEI_HazEL,1.0,2026-03-15,2026-03-15 23:49:32,1979-09-12,20th Century AD,1970s,Late 20th Century,Autumn,Severe,1e-05,4180000000000000.0,3.0,Northern,Eastern,Mediterranean Volcanic Belt,False,False,Unknown,Tsunami Generated,15.57,True,Moderate,28.73,25,90.0,Frequently Active,100.0
3314,1980,5.0,18.0,3018.0,4876.0,120105,321050.0,1201-05-,St. Helens,US-Washington,United States,46.2,-122.18,2549,Stratovolcano,"P,M,T",61.0,2.0,4.0,True,False,True,Historical,D1,5.0,2.0,4.0,,57.0,,,,,,,,,,,,2000.0,2000.0,True,North America,Americas,North America,340110988.0,9525067.0,NOAA_NCEI_HazEL,1.0,2026-03-15,2026-03-15 23:49:32,1980-05-18,20th Century AD,1980s,Late 20th Century,Spring,Paroxysmal,0.001,4.18e+17,20.0,Northern,Western,Ring of Fire – Pacific,True,False,Unknown,"P,M,T",31.71,True,Very High,50.18,3,1920.0,Infrequently Active,100.0
4255,1980,8.0,17.0,,,170207,372070.0,1702-07=,Hekla,Iceland-S,Iceland,63.983,-19.666,1490,Stratovolcano,,,,1.0,True,False,True,Historical,D1,3.0,,1.0,,,,,,,,,,,,,,,,False,Europe,Europe,Northern Europe,391810.0,103000.0,NOAA_NCEI_HazEL,1.0,2026-03-15,2026-03-15 23:49:32,1980-08-17,20th Century AD,1980s,Late 20th Century,Summer,Severe,1e-05,4180000000000000.0,3.0,Northern,Western,Mid-Atlantic Ridge – Iceland,False,False,Unknown,,0.0,False,Moderate,22.5,16,58.4,Frequently Active,100.0
6569,1980,12.0,25.0,,,120201,322010.0,1202-01-,Hood,US-Oregon,United States,45.374,-121.695,3426,Stratovolcano,m,1.0,1.0,,True,False,False,Historical,D3,,1.0,,,1.0,,,,,,,,,,,,,,False,North America,Americas,North America,340110988.0,9525067.0,NOAA_NCEI_HazEL,1.0,2026-03-15,2026-03-15 23:49:32,1980-12-25,20th Century AD,1980s,Late 20th Century,Winter,Unknown,,,,Northern,Western,Ring of Fire – Pacific,True,False,Unknown,Mudflow / Lahar,2.77,True,Unknown,1.11,2,46.0,Infrequently Active,83.33
5489,1981,3.0,17.0,,,10106,211060.0,0101-06=,Etna,Italy,Italy,37.748,14.999,3357,Stratovolcano,,,,,True,False,True,Historical,D1,2.0,,3.0,,,,,,,,,,,,,,10.0,,False,Europe,Europe,Southern Europe,58927633.0,301336.0,NOAA_NCEI_HazEL,1.0,2026-03-15,2026-03-15 23:49:32,1981-03-17,20th Century AD,1980s,Late 20th Century,Spring,Explosive,1e-06,418000000000000.0,1.0,Northern,Eastern,Mediterranean Volcanic Belt,False,False,Unknown,,4.8,False,Low,16.92,25,90.0,Frequently Active,100.0
206,1981,3.0,29.0,,,60330,263300.0,0603-30=,Semeru,Java,Indonesia,-8.108,112.922,3657,Stratovolcano,P,1.0,1.0,,True,False,True,Historical,D1,3.0,1.0,,,1.0,,,,,,,,,,,,,,False,Asia,Asia,South-Eastern Asia,284438782.0,1904569.0,NOAA_NCEI_HazEL,1.0,2026-03-15,2026-03-15 23:49:32,1981-03-29,20th Century AD,1980s,Late 20th Century,Spring,Severe,1e-05,4180000000000000.0,3.0,Southern,Eastern,Sunda Arc – Indonesia,False,False,Unknown,Phreatic / Phreatomagmatic,2.77,True,Moderate,23.61,25,6.8,Frequently Active,100.0
2844,1981,4.0,27.0,,,90039,290390.0,0900-39=,Alaid,Kuril Is,Russia,50.861,155.565,2285,Stratovolcano,,,,1.0,True,False,True,Historical,D1,2.0,,1.0,,,,,,,,,,,,,,,,False,"Europe, Asia",Europe,Eastern Europe,146028325.0,17098246.0,NOAA_NCEI_HazEL,1.0,2026-03-15,2026-03-15 23:49:32,1981-04-27,20th Century AD,1980s,Late 20th Century,Spring,Explosive,1e-06,418000000000000.0,1.0,Northern,Eastern,Ring of Fire – Pacific,True,False,Unknown,,0.0,False,Low,15.0,2,127.0,Infrequently Active,100.0
6366,1981,5.0,14.0,,,60330,263300.0,0603-30=,Semeru,Java,Indonesia,-8.108,112.922,3657,Stratovolcano,m,372.0,3.0,,True,False,True,Historical,D1,3.0,3.0,,,372.0,152.0,3.0,152.0,3.0,,,,3.0,3.0,120.0,120.0,,,False,Asia,Asia,South-Eastern Asia,284438782.0,1904569.0,NOAA_NCEI_HazEL,1.0,2026-03-15,2026-03-15 23:49:32,1981-05-14,20th Century AD,1980s,Late 20th Century,Spring,Severe,1e-05,4180000000000000.0,3.0,Southern,Eastern,Sunda Arc – Indonesia,False,False,Unknown,Mudflow / Lahar,38.54,True,Moderate,37.92,25,6.8,Frequently Active,100.0
5545,1981,6.0,30.0,,,70303,273030.0,0703-03=,Mayon,Luzon-Philippines,Philippines,13.257,123.685,2462,Stratovolcano,m,200.0,3.0,,True,False,False,Historical,D1,,3.0,,,200.0,,,,,,,,,,,,,,False,Asia,Asia,South-Eastern Asia,114123600.0,342353.0,NOAA_NCEI_HazEL,1.0,2026-03-15,2026-03-15 23:49:32,1981-06-30,20th Century AD,1980s,Late 20th Century,Summer,Unknown,,,,Northern,Eastern,Philippine Arc,False,True,Unknown,Mudflow / Lahar,21.21,True,Unknown,8.48,19,14.0,Frequently Active,83.33
398,1981,9.0,5.0,,,60415,264150.0,0604-15=,Paluweh,Lesser Sunda Is,Indonesia,-8.32,121.708,875,Stratovolcano,P,,,1.0,True,False,True,Historical,D1,2.0,,1.0,1.0,,,,,,1.0,,,,,,,,,False,Asia,Asia,South-Eastern Asia,284438782.0,1904569.0,NOAA_NCEI_HazEL,1.0,2026-03-15,2026-03-15 23:49:32,1981-09-05,20th Century AD,1980s,Late 20th Century,Autumn,Explosive,1e-06,418000000000000.0,1.0,Southern,Eastern,Sunda Arc – Indonesia,False,False,Unknown,Phreatic / Phreatomagmatic,0.0,False,Low,15.0,6,17.0,Moderately Active,100.0
7525,1981,10.0,20.0,5759.0,,60200,262000.0,0602-00=,Krakatau,Indonesia,Indonesia,-6.101,105.423,285,Caldera,"A,T,W",,,,True,False,True,Historical,D1,1.0,,,,,,,,,,,,,,,,,,True,Asia,Asia,South-Eastern Asia,284438782.0,1904569.0,NOAA_NCEI_HazEL,1.0,2026-03-15,2026-03-15 23:49:32,1981-10-20,20th Century AD,1980s,Late 20th Century,Autumn,Gentle,1e-07,41800000000000.0,0.3,Southern,Eastern,Sunda Arc – Indonesia,False,True,Unknown,"A,T,W",0.0,False,Minimal,7.5,9,200.2,Moderately Active,100.0
6565,1981,,,,,1000083,300083.0,1000-083,Vilyuchinsky,Kamchatka,Russia,52.7,158.28,2173,Stratovolcano,A,,1.0,,True,False,True,Tephrochronology,D7,,1.0,,,,,,,,,,,,,,,,,False,"Europe, Asia",Europe,Eastern Europe,146028325.0,17098246.0,NOAA_NCEI_HazEL,1.0,2026-03-15,2026-03-15 23:49:32,1981-01-01,20th Century AD,1980s,Late 20th Century,,Unknown,,,,Northern,Eastern,Ring of Fire – Pacific,True,False,Unknown,Ash / Tephra,0.0,False,Unknown,0.0,1,,Single Record,83.33
3518,1982,3.0,29.0,,7221.0,140112,341120.0,1401-12=,"Chichon, El",Mexico,Mexico,17.36,-93.23,1150,Tuff cone,"P,T,M,S",1879.0,4.0,2.0,True,False,True,Historical,D1,5.0,4.0,2.0,,1879.0,,,,,,,,4.0,4.0,1755.0,1755.0,3.3,3.3,False,North America,Americas,North America,130575786.0,1964375.0,NOAA_NCEI_HazEL,1.0,2026-03-15,2026-03-15 23:49:32,1982-03-29,20th Century AD,1980s,Late 20th Century,Spring,Paroxysmal,0.001,4.18e+17,20.0,Northern,Western,Ring of Fire – Pacific,True,False,Unknown,"P,T,M,S",40.54,True,Very High,53.72,4,202.3,Moderately Active,100.0
3519,1982,4.0,4.0,,,140112,341120.0,1401-12=,"Chichon, El",Mexico,Mexico,17.36,-93.23,1150,Tuff cone,P,33.0,1.0,,True,False,True,Historical,D1,5.0,1.0,,,33.0,,,,,,,,,,,,,,False,North America,Americas,North America,130575786.0,1964375.0,NOAA_NCEI_HazEL,1.0,2026-03-15,2026-03-15 23:49:32,1982-04-04,20th Century AD,1980s,Late 20th Century,Spring,Paroxysmal,0.001,4.18e+17,20.0,Northern,Western,Ring of Fire – Pacific,True,False,Unknown,Phreatic / Phreatomagmatic,14.11,True,Very High,43.14,4,202.3,Moderately Active,100.0
2524,1982,5.0,17.0,,,60314,263140.0,0603-14=,Galunggung,Java,Indonesia,-7.25,108.058,2168,Stratovolcano,"I,T",68.0,2.0,3.0,True,False,True,Historical,D1,4.0,2.0,3.0,,68.0,,,,,,,,,,,,15.0,15.0,False,Asia,Asia,South-Eastern Asia,284438782.0,1904569.0,NOAA_NCEI_HazEL,1.0,2026-03-15,2026-03-15 23:49:32,1982-05-17,20th Century AD,1980s,Late 20th Century,Spring,Cataclysmic,0.0001,4.18e+16,10.0,Southern,Eastern,Sunda Arc – Indonesia,False,False,Unknown,"I,T",22.48,True,High,38.99,2,160.0,Infrequently Active,100.0
4494,1982,5.0,27.0,,,140112,341120.0,1401-12=,"Chichon, El",Mexico,Mexico,17.36,-93.23,1150,Tuff cone,m,1.0,1.0,,True,False,True,Historical,D1,5.0,1.0,,,1.0,,,,,,,,,,,,,,False,North America,Americas,North America,130575786.0,1964375.0,NOAA_NCEI_HazEL,1.0,2026-03-15,2026-03-15 23:49:32,1982-05-27,20th Century AD,1980s,Late 20th Century,Spring,Paroxysmal,0.001,4.18e+17,20.0,Northern,Western,Ring of Fire – Pacific,True,False,Unknown,Mudflow / Lahar,2.77,True,Very High,38.61,4,202.3,Moderately Active,100.0
3050,1983,3.0,8.0,,,100026,300260.0,1000-26=,Klyuchevskoy,Kamchatka,Russia,56.056,160.642,4754,Stratovolcano,T,1.0,1.0,,True,False,True,Historical,D1,2.0,1.0,,,1.0,,,,,,,,,,,,,,False,"Europe, Asia",Europe,Eastern Europe,146028325.0,17098246.0,NOAA_NCEI_HazEL,1.0,2026-03-15,2026-03-15 23:49:32,1983-03-08,20th Century AD,1980s,Late 20th Century,Spring,Explosive,1e-06,418000000000000.0,1.0,Northern,Eastern,Ring of Fire – Pacific,True,False,Unknown,Tsunami Generated,2.77,True,Low,16.11,4,87.7,Moderately Active,100.0
488,1983,7.0,23.0,,,60601,266010.0,0606-01=,Colo,Sulawesi-Indonesia,Indonesia,-0.162,121.601,404,Stratovolcano,,,,2.0,True,False,True,Historical,D1,4.0,,2.0,3.0,,,,,,3.0,,,,,,,,,False,Asia,Asia,South-Eastern Asia,284438782.0,1904569.0,NOAA_NCEI_HazEL,1.0,2026-03-15,2026-03-15 23:49:32,1983-07-23,20th Century AD,1980s,Late 20th Century,Summer,Cataclysmic,0.0001,4.18e+16,10.0,Southern,Eastern,Sunda Arc – Indonesia,False,True,Unknown,,0.0,False,High,30.0,1,,Single Record,100.0
447,1983,8.0,17.0,4702.0,,60425,264250.0,0604-25=,Iliwerung,Lesser Sunda Is,Indonesia,-8.532,123.573,583,Complex volcano,W,,,,True,False,True,Historical,D1,1.0,,,,,,,,,,,,,,,,,,True,Asia,Asia,South-Eastern Asia,284438782.0,1904569.0,NOAA_NCEI_HazEL,1.0,2026-03-15,2026-03-15 23:49:32,1983-08-17,20th Century AD,1980s,Late 20th Century,Summer,Gentle,1e-07,41800000000000.0,0.3,Southern,Eastern,Sunda Arc – Indonesia,False,False,Unknown,Waves / Surges,0.0,False,Minimal,7.5,5,28.2,Moderately Active,100.0
2585,1983,10.0,3.0,,4990.0,80404,284040.0,0804-04=,Miyakejima,Izu Is-Japan,Japan,34.094,139.526,775,Stratovolcano,"L,T",,,2.0,True,False,True,Historical,D1,3.0,,1.0,3.0,,,,,,3.0,400.0,400.0,,,,,,,False,Asia,Asia,Eastern Asia,123210000.0,377930.0,NOAA_NCEI_HazEL,1.0,2026-03-15,2026-03-15 23:49:32,1983-10-03,20th Century AD,1980s,Late 20th Century,Autumn,Severe,1e-05,4180000000000000.0,3.0,Northern,Eastern,Japan Arc,False,True,Unknown,"L,T",0.0,False,Moderate,22.5,4,42.0,Moderately Active,100.0
7538,1984,6.0,13.0,2154.0,6652.0,80408,284080.0,0804-08=,Sumisujima,Izu Is-Japan,Japan,31.44,140.051,136,Submarine volcano,"W,S",,,,True,False,False,Historical,D2,,,,,,,,,,,,,,,,,,,True,Asia,Asia,Eastern Asia,123210000.0,377930.0,NOAA_NCEI_HazEL,1.0,2026-03-15,2026-03-15 23:49:32,1984-06-13,20th Century AD,1980s,Late 20th Century,Summer,Unknown,,,,Northern,Eastern,Japan Arc,False,True,Unknown,"W,S",0.0,False,Unknown,0.0,5,8.5,Moderately Active,83.33
40,1984,8.0,15.0,5807.0,,20403,224030.0,0204-03-,Oku Volcanic Field,Africa-W,Cameroon,6.25,10.5,3011,Maar,G,37.0,1.0,,True,False,False,Radiocarbon,D5,,1.0,,,37.0,,,,,,,,,,,,,,True,Africa,Africa,Middle Africa,29442327.0,475442.0,NOAA_NCEI_HazEL,1.0,2026-03-15,2026-03-15 23:49:32,1984-08-15,20th Century AD,1980s,Late 20th Century,Summer,Unknown,,,,Northern,Eastern,Intraplate / Other,False,False,Unknown,Gas / SO₂ Emissions,14.55,True,Unknown,5.82,2,2.0,Infrequently Active,83.33
739,1984,9.0,9.0,,,70303,273030.0,0703-03=,Mayon,Luzon-Philippines,Philippines,13.257,123.685,2462,Stratovolcano,M,1.0,1.0,,True,False,True,Historical,D1,3.0,1.0,,,1.0,,,,,,,,,,,,,,False,Asia,Asia,South-Eastern Asia,114123600.0,342353.0,NOAA_NCEI_HazEL,1.0,2026-03-15,2026-03-15 23:49:32,1984-09-09,20th Century AD,1980s,Late 20th Century,Autumn,Severe,1e-05,4180000000000000.0,3.0,Northern,Eastern,Philippine Arc,False,True,Unknown,Mudflow / Lahar,2.77,True,Moderate,23.61,19,14.0,Frequently Active,100.0
6473,1984,9.0,14.0,,,80304,283040.0,0803-04=,Ontakesan,Honshu-Japan,Japan,35.893,137.48,3067,Complex volcano,A,29.0,1.0,,True,False,False,Historical,D1,,1.0,,,29.0,,,,,,,,,,,,,,False,Asia,Asia,Eastern Asia,123210000.0,377930.0,NOAA_NCEI_HazEL,1.0,2026-03-15,2026-03-15 23:49:32,1984-09-14,20th Century AD,1980s,Late 20th Century,Autumn,Unknown,,,,Northern,Eastern,Japan Arc,False,True,Unknown,Ash / Tephra,13.6,True,Unknown,5.44,2,30.0,Infrequently Active,83.33
6264,1984,10.0,16.0,,,10106,211060.0,0101-06=,Etna,Italy,Italy,37.748,14.999,3357,Stratovolcano,S,1.0,1.0,,True,False,True,Historical,D1,3.0,1.0,,,1.0,,,,,,,,,,,,,,False,Europe,Europe,Southern Europe,58927633.0,301336.0,NOAA_NCEI_HazEL,1.0,2026-03-15,2026-03-15 23:49:32,1984-10-16,20th Century AD,1980s,Late 20th Century,Autumn,Severe,1e-05,4180000000000000.0,3.0,Northern,Eastern,Mediterranean Volcanic Belt,False,False,Unknown,Submarine Eruption,2.77,True,Moderate,23.61,25,90.0,Frequently Active,100.0
203,1985,5.0,10.0,,,60330,263300.0,0603-30=,Semeru,Java,Indonesia,-8.108,112.922,3657,Stratovolcano,A,70.0,2.0,,True,False,True,Historical,D1,3.0,2.0,,,70.0,,,,,,,,,,,,,,False,Asia,Asia,South-Eastern Asia,284438782.0,1904569.0,NOAA_NCEI_HazEL,1.0,2026-03-15,2026-03-15 23:49:32,1985-05-10,20th Century AD,1980s,Late 20th Century,Spring,Severe,1e-05,4180000000000000.0,3.0,Southern,Eastern,Sunda Arc – Indonesia,False,False,Unknown,Ash / Tephra,17.05,True,Moderate,29.32,25,6.8,Frequently Active,100.0
3835,1985,11.0,13.0,,,150102,351020.0,1501-02=,"Ruiz, Nevado del",Colombia,Colombia,4.892,-75.324,5279,Stratovolcano,M,23080.0,4.0,,True,False,True,Historical,D1,3.0,4.0,,,23080.0,10000.0,4.0,10000.0,4.0,,,,,,,,,,False,South America,Americas,South America,53057212.0,1141748.0,NOAA_NCEI_HazEL,1.0,2026-03-15,2026-03-15 23:49:32,1985-11-13,20th Century AD,1980s,Late 20th Century,Autumn,Severe,1e-05,4180000000000000.0,3.0,Northern,Western,Ring of Fire – Pacific,True,False,Unknown,Mudflow / Lahar,58.42,True,Moderate,45.87,3,195.0,Infrequently Active,100.0
1628,1985,12.0,19.0,,,10106,211060.0,0101-06=,Etna,Italy,Italy,37.748,14.999,3357,Stratovolcano,S,1.0,1.0,,True,False,True,Historical,D1,1.0,1.0,,,1.0,,,,,,,,,,,,,,False,Europe,Europe,Southern Europe,58927633.0,301336.0,NOAA_NCEI_HazEL,1.0,2026-03-15,2026-03-15 23:49:32,1985-12-19,20th Century AD,1980s,Late 20th Century,Winter,Gentle,1e-07,41800000000000.0,0.3,Northern,Eastern,Mediterranean Volcanic Belt,False,False,Unknown,Submarine Eruption,2.77,True,Minimal,8.61,25,90.0,Frequently Active,100.0
6544,1986,5.0,8.0,,,80326,283260.0,0803-26=,Akita-Yakeyama,Honshu-Japan,Japan,39.964,140.757,1366,Complex volcano,G,1.0,1.0,,True,False,False,Historical,D1,,1.0,,,1.0,,,,,,,,,,,,,,False,Asia,Asia,Eastern Asia,123210000.0,377930.0,NOAA_NCEI_HazEL,1.0,2026-03-15,2026-03-15 23:49:32,1986-05-08,20th Century AD,1980s,Late 20th Century,Spring,Unknown,,,,Northern,Eastern,Japan Arc,False,True,Unknown,Gas / SO₂ Emissions,2.77,True,Unknown,1.11,2,2.0,Infrequently Active,83.33
13,1986,7.0,24.0,,,10104,211040.0,0101-04=,Stromboli,Italy,Italy,38.789,15.213,924,Stratovolcano,T,1.0,1.0,,True,False,True,Historical,D1,2.0,1.0,,,1.0,,,,,,,,,,,,,,False,Europe,Europe,Southern Europe,58927633.0,301336.0,NOAA_NCEI_HazEL,1.0,2026-03-15,2026-03-15 23:49:32,1986-07-24,20th Century AD,1980s,Late 20th Century,Summer,Explosive,1e-06,418000000000000.0,1.0,Northern,Eastern,Mediterranean Volcanic Belt,False,False,Unknown,Tsunami Generated,2.77,True,Low,16.11,15,10.4,Frequently Active,100.0
1719,1986,8.0,21.0,5808.0,,20403,224030.0,0204-03-,Oku Volcanic Field,Africa-W,Cameroon,6.25,10.5,3011,Maar,G,1700.0,4.0,,True,False,True,Radiocarbon,D5,3.0,4.0,,,1700.0,300.0,3.0,300.0,3.0,,,,,,,,,,True,Africa,Africa,Middle Africa,29442327.0,475442.0,NOAA_NCEI_HazEL,1.0,2026-03-15,2026-03-15 23:49:32,1986-08-21,20th Century AD,1980s,Late 20th Century,Summer,Severe,1e-05,4180000000000000.0,3.0,Northern,Eastern,Intraplate / Other,False,False,Unknown,Gas / SO₂ Emissions,41.17,True,Moderate,38.97,2,2.0,Infrequently Active,100.0
1332,1986,11.0,15.0,,,80401,284010.0,0804-01=,Izu-Oshima,Izu Is-Japan,Japan,34.724,139.394,746,Stratovolcano,I,1.0,1.0,,True,False,True,Historical,D1,3.0,1.0,,,1.0,,,,,,,,,,,,,,False,Asia,Asia,Eastern Asia,123210000.0,377930.0,NOAA_NCEI_HazEL,1.0,2026-03-15,2026-03-15 23:49:32,1986-11-15,20th Century AD,1980s,Late 20th Century,Autumn,Severe,1e-05,4180000000000000.0,3.0,Northern,Eastern,Japan Arc,False,True,Unknown,Inundation / Lahar,2.77,True,Moderate,23.61,4,65.7,Moderately Active,100.0
111,1986,12.0,31.0,,,60325,263250.0,0603-25=,Merapi,Java,Indonesia,-7.54,110.446,2910,Stratovolcano,M,1.0,1.0,,True,False,True,Historical,D1,2.0,1.0,,,1.0,,,,,,,,,,,,,,False,Asia,Asia,South-Eastern Asia,284438782.0,1904569.0,NOAA_NCEI_HazEL,1.0,2026-03-15,2026-03-15 23:49:32,1986-12-31,20th Century AD,1980s,Late 20th Century,Winter,Explosive,1e-06,418000000000000.0,1.0,Southern,Eastern,Sunda Arc – Indonesia,False,False,Unknown,Mudflow / Lahar,2.77,True,Low,16.11,28,15.9,Persistently Active,100.0
5528,1987,1.0,25.0,,,140211,342110.0,1402-11=,Pacaya,Guatemala,Guatemala,14.382,-90.601,2569,Complex volcano,,,,1.0,True,False,True,Historical,D1,3.0,,1.0,2.0,,15.0,1.0,15.0,1.0,2.0,63.0,63.0,,,,,,,False,North America,Americas,Central America,18079810.0,108889.0,NOAA_NCEI_HazEL,1.0,2026-03-15,2026-03-15 23:49:32,1987-01-25,20th Century AD,1980s,Late 20th Century,Winter,Severe,1e-05,4180000000000000.0,3.0,Northern,Western,Ring of Fire – Pacific,True,False,Unknown,,5.55,False,Moderate,24.72,5,114.0,Moderately Active,100.0
31,1987,4.0,17.0,,,10106,211060.0,0101-06=,Etna,Italy,Italy,37.748,14.999,3357,Stratovolcano,T,2.0,1.0,,True,False,True,Historical,D1,2.0,1.0,,,2.0,7.0,1.0,7.0,1.0,,,,,,,,,,False,Europe,Europe,Southern Europe,58927633.0,301336.0,NOAA_NCEI_HazEL,1.0,2026-03-15,2026-03-15 23:49:32,1987-04-17,20th Century AD,1980s,Late 20th Century,Spring,Explosive,1e-06,418000000000000.0,1.0,Northern,Eastern,Mediterranean Volcanic Belt,False,False,Unknown,Tsunami Generated,8.55,True,Low,18.42,25,90.0,Frequently Active,100.0
4663,1987,12.0,1.0,,5150.0,60427,264270.0,0604-27=,Sirung,Lesser Sunda Is,Indonesia,-8.497,124.131,1347,Complex volcano,,125.0,3.0,3.0,True,False,True,Historical,D1,,,,3.0,,,,,3.0,,,237.0,,,,,,5.0,False,Asia,Asia,South-Eastern Asia,284438782.0,1904569.0,NOAA_NCEI_HazEL,1.0,2026-03-15,2026-03-15 23:49:32,1987-12-01,20th Century AD,1980s,Late 20th Century,Winter,Unknown,,,,Southern,Eastern,Sunda Arc – Indonesia,False,False,Unknown,,19.35,True,Unknown,7.74,2,34.0,Infrequently Active,83.33
486,1988,5.0,9.0,,,60509,265090.0,0605-09=,Banda Api,Banda Sea,Pacific Ocean,-4.523,129.881,596,Caldera,"T,L",4.0,1.0,,True,False,True,Historical,D1,3.0,1.0,,,4.0,,,,,,,,,,,,,,False,Oceania,Oceania,Melanesia,,,NOAA_NCEI_HazEL,1.0,2026-03-15,2026-03-15 23:49:32,1988-05-09,20th Century AD,1980s,Late 20th Century,Spring,Severe,1e-05,4180000000000000.0,3.0,Southern,Eastern,Sunda Arc – Indonesia,False,True,Unknown,"T,L",6.44,True,Moderate,25.08,6,78.0,Moderately Active,100.0
4501,1988,7.0,6.0,,,1405033,345033.0,1405-033,Arenal,Costa Rica,Costa Rica,10.463,-84.703,1670,Stratovolcano,T,1.0,1.0,,True,False,True,Historical,D1,3.0,1.0,,,1.0,,,,,,,,,,,,,,False,North America,Americas,Central America,5309625.0,51100.0,NOAA_NCEI_HazEL,1.0,2026-03-15,2026-03-15 23:49:32,1988-07-06,20th Century AD,1980s,Late 20th Century,Summer,Severe,1e-05,4180000000000000.0,3.0,Northern,Western,Ring of Fire – Pacific,True,False,Unknown,Tsunami Generated,2.77,True,Moderate,23.61,4,10.7,Moderately Active,100.0
6367,1988,7.0,30.0,,,60330,263300.0,0603-30=,Semeru,Java,Indonesia,-8.108,112.922,3657,Stratovolcano,T,1.0,1.0,,True,False,True,Historical,D1,3.0,1.0,,,1.0,,,,,,,,,,,,,,False,Asia,Asia,South-Eastern Asia,284438782.0,1904569.0,NOAA_NCEI_HazEL,1.0,2026-03-15,2026-03-15 23:49:32,1988-07-30,20th Century AD,1980s,Late 20th Century,Summer,Severe,1e-05,4180000000000000.0,3.0,Southern,Eastern,Sunda Arc – Indonesia,False,False,Unknown,Tsunami Generated,2.77,True,Moderate,23.61,25,6.8,Frequently Active,100.0
4118,1988,12.0,25.0,,,150710,357100.0,1507-10=,Lonquimay,Chile-C,Chile,-38.379,-71.586,2832,Stratovolcano,T,1.0,1.0,,True,False,True,Historical,D1,3.0,1.0,,,1.0,,,,,,,,,,,,,,False,South America,Americas,South America,20206953.0,756102.0,NOAA_NCEI_HazEL,1.0,2026-03-15,2026-03-15 23:49:32,1988-12-25,20th Century AD,1980s,Late 20th Century,Winter,Severe,1e-05,4180000000000000.0,3.0,Southern,Western,Ring of Fire – Pacific,True,False,Unknown,Tsunami Generated,2.77,True,Moderate,23.61,1,,Single Record,100.0
6545,1988,,,,,80326,283260.0,0803-26=,Akita-Yakeyama,Honshu-Japan,Japan,39.964,140.757,1366,Complex volcano,I,3.0,1.0,,True,False,False,Historical,D1,,1.0,,,3.0,,,,,,,,,,,,,,False,Asia,Asia,Eastern Asia,123210000.0,377930.0,NOAA_NCEI_HazEL,1.0,2026-03-15,2026-03-15 23:49:32,1988-01-01,20th Century AD,1980s,Late 20th Century,,Unknown,,,,Northern,Eastern,Japan Arc,False,True,Unknown,Inundation / Lahar,5.55,True,Unknown,2.22,2,2.0,Infrequently Active,83.33
6446,1989,2.0,12.0,,,80211,282110.0,0802-11=,Asosan,Kyushu-Japan,Japan,32.885,131.085,1592,Caldera,G,1.0,1.0,,True,False,False,Historical,D1,,1.0,,,1.0,,,,,,,,,,,,,,False,Asia,Asia,Eastern Asia,123210000.0,377930.0,NOAA_NCEI_HazEL,1.0,2026-03-15,2026-03-15 23:49:32,1989-02-12,20th Century AD,1980s,Late 20th Century,Winter,Unknown,,,,Northern,Eastern,Japan Arc,False,True,Unknown,Gas / SO₂ Emissions,2.77,True,Unknown,1.11,16,45.7,Frequently Active,83.33
6444,1989,8.0,26.0,,,80209,282090.0,0802-09=,Kirishimayama,Kyushu-Japan,Japan,31.934,130.862,1700,Shield volcano,G,2.0,1.0,,True,False,False,Historical,D1,,1.0,,,2.0,,,,,,,,,,,,,,False,Asia,Asia,Eastern Asia,123210000.0,377930.0,NOAA_NCEI_HazEL,1.0,2026-03-15,2026-03-15 23:49:32,1989-08-26,20th Century AD,1980s,Late 20th Century,Summer,Unknown,,,,Northern,Eastern,Japan Arc,False,True,Unknown,Gas / SO₂ Emissions,4.39,True,Unknown,1.76,9,55.6,Moderately Active,83.33
3067,1990,2.0,2.0,,,100027,300270.0,1000-27=,Sheveluch,Kamchatka,Russia,56.653,161.36,3283,Stratovolcano,,,,1.0,True,False,True,Historical,D1,3.0,,1.0,,,,,,,,,,,,,,,,False,"Europe, Asia",Europe,Eastern Europe,146028325.0,17098246.0,NOAA_NCEI_HazEL,1.0,2026-03-15,2026-03-15 23:49:32,1990-02-02,20th Century AD,1990s,Late 20th Century,Winter,Severe,1e-05,4180000000000000.0,3.0,Northern,Eastern,Ring of Fire – Pacific,True,False,Unknown,,0.0,False,Moderate,22.5,4,56.7,Moderately Active,100.0
144,1990,2.0,10.0,,,60328,263280.0,0603-28=,Kelud,Java,Indonesia,-7.935,112.314,1730,Stratovolcano,"T,P",35.0,1.0,,True,False,True,Historical,D1,4.0,1.0,,,35.0,,,,,,,,,,,,,,False,Asia,Asia,South-Eastern Asia,284438782.0,1904569.0,NOAA_NCEI_HazEL,1.0,2026-03-15,2026-03-15 23:49:32,1990-02-10,20th Century AD,1990s,Late 20th Century,Winter,Cataclysmic,0.0001,4.18e+16,10.0,Southern,Eastern,Sunda Arc – Indonesia,False,False,Unknown,"T,P",14.33,True,High,35.73,18,41.4,Frequently Active,100.0
6447,1990,3.0,26.0,,,80211,282110.0,0802-11=,Asosan,Kyushu-Japan,Japan,32.885,131.085,1592,Caldera,G,1.0,1.0,,True,False,True,Historical,D1,2.0,1.0,,,1.0,,,,,,,,,,,,,,False,Asia,Asia,Eastern Asia,123210000.0,377930.0,NOAA_NCEI_HazEL,1.0,2026-03-15,2026-03-15 23:49:32,1990-03-26,20th Century AD,1990s,Late 20th Century,Spring,Explosive,1e-06,418000000000000.0,1.0,Northern,Eastern,Japan Arc,False,True,Unknown,Gas / SO₂ Emissions,2.77,True,Low,16.11,16,45.7,Frequently Active,100.0
6464,1990,4.0,18.0,,,80211,282110.0,0802-11=,Asosan,Kyushu-Japan,Japan,32.885,131.085,1592,Caldera,G,1.0,1.0,,True,False,True,Historical,D1,2.0,1.0,,,1.0,,,,,,,,,,,,,,False,Asia,Asia,Eastern Asia,123210000.0,377930.0,NOAA_NCEI_HazEL,1.0,2026-03-15,2026-03-15 23:49:32,1990-04-18,20th Century AD,1990s,Late 20th Century,Spring,Explosive,1e-06,418000000000000.0,1.0,Northern,Eastern,Japan Arc,False,True,Unknown,Gas / SO₂ Emissions,2.77,True,Low,16.11,16,45.7,Frequently Active,100.0
4439,1990,5.0,29.0,,,1504003,354003.0,1504-003,Coropuna,Peru,Peru,-15.52,-72.65,6377,Stratovolcano,,,,1.0,True,False,True,Historical,D1,3.0,,1.0,,,,,,,,,,,,,,,,False,South America,Americas,South America,34350244.0,1285216.0,NOAA_NCEI_HazEL,1.0,2026-03-15,2026-03-15 23:49:32,1990-05-29,20th Century AD,1990s,Late 20th Century,Spring,Severe,1e-05,4180000000000000.0,3.0,Southern,Western,Ring of Fire – Pacific,True,False,Unknown,,0.0,False,Moderate,22.5,2,206.0,Infrequently Active,100.0
6284,1990,6.0,24.0,,,50214,252140.0,0502-14=,Rabaul,New Britain-SW Pac,Papua New Guinea,-4.246,152.194,688,Pyroclastic shield,G,6.0,1.0,,True,False,False,Historical,D1,,1.0,,,6.0,,,,,,,,,,,,,,False,Oceania,Oceania,Melanesia,11781559.0,462840.0,NOAA_NCEI_HazEL,1.0,2026-03-15,2026-03-15 23:49:32,1990-06-24,20th Century AD,1990s,Late 20th Century,Summer,Unknown,,,,Southern,Eastern,Ring of Fire – Pacific,True,False,Unknown,Gas / SO₂ Emissions,7.78,True,Unknown,3.11,7,218.5,Moderately Active,83.33
4496,1990,7.0,19.0,,,140203,342030.0,1402-03=,Santa Maria,Guatemala,Guatemala,14.757,-91.552,3745,Stratovolcano,T,4.0,1.0,,True,False,True,Historical,D1,3.0,1.0,,,4.0,,,,,,,,,,,,,,False,North America,Americas,Central America,18079810.0,108889.0,NOAA_NCEI_HazEL,1.0,2026-03-15,2026-03-15 23:49:32,1990-07-19,20th Century AD,1990s,Late 20th Century,Summer,Severe,1e-05,4180000000000000.0,3.0,Northern,Western,Ring of Fire – Pacific,True,False,Unknown,Tsunami Generated,6.44,True,Moderate,25.08,4,29.3,Moderately Active,100.0
6465,1990,10.0,19.0,,,80211,282110.0,0802-11=,Asosan,Kyushu-Japan,Japan,32.885,131.085,1592,Caldera,G,1.0,1.0,,True,False,True,Historical,D1,2.0,1.0,,,1.0,,,,,,,,,,,,,,False,Asia,Asia,Eastern Asia,123210000.0,377930.0,NOAA_NCEI_HazEL,1.0,2026-03-15,2026-03-15 23:49:32,1990-10-19,20th Century AD,1990s,Late 20th Century,Autumn,Explosive,1e-06,418000000000000.0,1.0,Northern,Eastern,Japan Arc,False,True,Unknown,Gas / SO₂ Emissions,2.77,True,Low,16.11,16,45.7,Frequently Active,100.0
6266,1990,11.0,21.0,,,20303,223030.0,0203-03=,Nyiragongo,Africa-C,"Congo, DRC",-1.52,29.25,3470,Stratovolcano,S,1.0,1.0,,True,False,False,Historical,D1,,1.0,,,1.0,,,,,,,,,,,,,,False,Africa,Sub-Saharan Africa,Middle Africa,102262808.0,2344858.0,NOAA_NCEI_HazEL,1.0,2026-03-15,2026-03-15 23:49:32,1990-11-21,20th Century AD,1990s,Late 20th Century,Autumn,Unknown,,,,Southern,Eastern,East African Rift,False,False,Unknown,Submarine Eruption,2.77,True,Unknown,1.11,4,14.7,Moderately Active,83.33
6364,1990,11.0,25.0,,,60328,263280.0,0603-28=,Kelud,Java,Indonesia,-7.935,112.314,1730,Stratovolcano,m,4.0,1.0,,True,False,False,Historical,D1,,1.0,,,4.0,,,,,,,,,,,,,,False,Asia,Asia,South-Eastern Asia,284438782.0,1904569.0,NOAA_NCEI_HazEL,1.0,2026-03-15,2026-03-15 23:49:32,1990-11-25,20th Century AD,1990s,Late 20th Century,Autumn,Unknown,,,,Southern,Eastern,Sunda Arc – Indonesia,False,False,Unknown,Mudflow / Lahar,6.44,True,Unknown,2.58,18,41.4,Frequently Active,83.33
933,1991,6.0,3.0,,,80210,282100.0,0802-10=,Unzendake,Kyushu-Japan,Japan,32.761,130.299,1483,Complex volcano,P,43.0,1.0,,True,False,True,Historical,D1,1.0,1.0,,,43.0,,,,,,,,,,,,,,False,Asia,Asia,Eastern Asia,123210000.0,377930.0,NOAA_NCEI_HazEL,1.0,2026-03-15,2026-03-15 23:49:32,1991-06-03,20th Century AD,1990s,Late 20th Century,Summer,Gentle,1e-07,41800000000000.0,0.3,Northern,Eastern,Japan Arc,False,True,Unknown,Phreatic / Phreatomagmatic,15.14,True,Minimal,13.56,5,82.2,Moderately Active,100.0
4428,1991,6.0,15.0,,5292.0,703083,273083.0,0703-083,Pinatubo,Luzon-Philippines,Philippines,15.13,120.35,1486,Stratovolcano,"P,m,I",800.0,3.0,3.0,True,False,True,Historical,D1,6.0,3.0,3.0,,350.0,4.0,1.0,4.0,1.0,,,,,,,,,,False,Asia,Asia,South-Eastern Asia,114123600.0,342353.0,NOAA_NCEI_HazEL,1.0,2026-03-15,2026-03-15 23:49:32,1991-06-15,20th Century AD,1990s,Late 20th Century,Summer,Colossal,0.01,4.18e+18,30.0,Northern,Eastern,Philippine Arc,False,True,Unknown,"P,M,I",29.96,True,Extreme,56.98,6,1108.6,Moderately Active,100.0
6564,1991,6.0,,,,100006,300060.0,1000-06=,Mutnovsky,Kamchatka,Russia,52.449,158.196,2288,Complex volcano,I,1.0,1.0,,True,False,False,Historical,D2,,1.0,,,1.0,,,,,,,,,,,,,,False,"Europe, Asia",Europe,Eastern Europe,146028325.0,17098246.0,NOAA_NCEI_HazEL,1.0,2026-03-15,2026-03-15 23:49:32,1991-06-01,20th Century AD,1990s,Late 20th Century,Summer,Unknown,,,,Northern,Eastern,Ring of Fire – Pacific,True,False,Unknown,Inundation / Lahar,2.77,True,Unknown,1.11,1,,Single Record,83.33
5005,1991,7.0,3.0,,,30301,233010.0,0303-01=,Karthala,Indian O-W,Comoros,-11.75,43.38,2361,Shield volcano,,,,1.0,True,False,True,Historical,D1,2.0,,1.0,,,,,,,,,,,,,,,,False,Africa,Africa,Eastern Africa,919901.0,1862.0,NOAA_NCEI_HazEL,1.0,2026-03-15,2026-03-15 23:49:32,1991-07-03,20th Century AD,1990s,Late 20th Century,Summer,Explosive,1e-06,418000000000000.0,1.0,Southern,Eastern,East African Rift,False,False,Unknown,,0.0,False,Low,15.0,6,24.4,Moderately Active,100.0
4442,1991,8.0,8.0,,,1508057,358057.0,1508-057,"Hudson, Cerro",Chile-S,Chile,-45.9,-72.97,1905,Stratovolcano,,,,1.0,True,False,True,Historical,D1,5.0,,1.0,,,,,,,,,,,,,,,,False,South America,Americas,South America,20206953.0,756102.0,NOAA_NCEI_HazEL,1.0,2026-03-15,2026-03-15 23:49:32,1991-08-08,20th Century AD,1990s,Late 20th Century,Summer,Paroxysmal,0.001,4.18e+17,20.0,Southern,Western,Ring of Fire – Pacific,True,False,Unknown,,0.0,False,Very High,37.5,4,1293.7,Moderately Active,100.0
4458,1991,10.0,24.0,,,60610,266100.0,0606-10=,Lokon-Empung,Sulawesi-Indonesia,Indonesia,1.358,124.792,1580,Stratovolcano,"T,P",1.0,1.0,,True,False,True,Historical,D1,1.0,1.0,,,1.0,,,,,,,,,,,,,,False,Asia,Asia,South-Eastern Asia,284438782.0,1904569.0,NOAA_NCEI_HazEL,1.0,2026-03-15,2026-03-15 23:49:32,1991-10-24,20th Century AD,1990s,Late 20th Century,Autumn,Gentle,1e-07,41800000000000.0,0.3,Northern,Eastern,Sunda Arc – Indonesia,False,True,Unknown,"T,P",2.77,True,Minimal,8.61,3,118.0,Infrequently Active,100.0
5488,1991,12.0,14.0,,,10106,211060.0,0101-06=,Etna,Italy,Italy,37.748,14.999,3357,Stratovolcano,,,,2.0,True,False,True,Historical,D1,2.0,,2.0,,,,,,,,,,,,,,2.5,2.5,False,Europe,Europe,Southern Europe,58927633.0,301336.0,NOAA_NCEI_HazEL,1.0,2026-03-15,2026-03-15 23:49:32,1991-12-14,20th Century AD,1990s,Late 20th Century,Winter,Explosive,1e-06,418000000000000.0,1.0,Northern,Eastern,Mediterranean Volcanic Belt,False,False,Unknown,,2.51,False,Low,16.0,25,90.0,Frequently Active,100.0
6409,1992,1.0,21.0,,,60702,267020.0,0607-02=,Karangetang,Sangihe Is-Indonesia,Indonesia,2.781,125.407,1797,Stratovolcano,M,2.0,1.0,,True,False,True,Historical,D1,2.0,1.0,,,2.0,,,,,,,,,,,,,,False,Asia,Asia,South-Eastern Asia,284438782.0,1904569.0,NOAA_NCEI_HazEL,1.0,2026-03-15,2026-03-15 23:49:32,1992-01-21,20th Century AD,1990s,Late 20th Century,Winter,Explosive,1e-06,418000000000000.0,1.0,Northern,Eastern,Sunda Arc – Indonesia,False,True,Unknown,Mudflow / Lahar,4.39,True,Low,16.76,10,8.3,Moderately Active,100.0
6327,1992,3.0,18.0,,,60320,263200.0,0603-20=,Dieng Volcanic Complex,Java,Indonesia,-7.2,109.879,2565,Complex volcano,G,1.0,1.0,,True,False,False,Historical,D1,,1.0,,,1.0,2.0,1.0,2.0,1.0,,,,,,,,,,False,Asia,Asia,South-Eastern Asia,284438782.0,1904569.0,NOAA_NCEI_HazEL,1.0,2026-03-15,2026-03-15 23:49:32,1992-03-18,20th Century AD,1990s,Late 20th Century,Spring,Unknown,,,,Southern,Eastern,Sunda Arc – Indonesia,False,False,Unknown,Gas / SO₂ Emissions,4.97,True,Unknown,1.99,11,23.1,Frequently Active,83.33
3726,1992,4.0,10.0,,,140407,344070.0,1404-07=,"Negro, Cerro",Nicaragua,Nicaragua,12.506,-86.702,728,Cinder cone,"T,I",11.0,1.0,2.0,True,False,True,Historical,D1,3.0,1.0,2.0,1.0,11.0,50.0,1.0,50.0,1.0,1.0,,,,,,,3.0,3.0,False,North America,Americas,Central America,6803886.0,130373.0,NOAA_NCEI_HazEL,1.0,2026-03-15,2026-03-15 23:49:32,1992-04-10,20th Century AD,1990s,Late 20th Century,Spring,Severe,1e-05,4180000000000000.0,3.0,Northern,Western,Ring of Fire – Pacific,True,False,Unknown,"T,I",20.58,True,Moderate,30.73,1,,Single Record,100.0
4459,1992,5.0,11.0,,,60702,267020.0,0607-02=,Karangetang,Sangihe Is-Indonesia,Indonesia,2.781,125.407,1797,Stratovolcano,P,6.0,1.0,,True,False,True,Historical,D1,1.0,1.0,,,6.0,1.0,1.0,1.0,1.0,,,,,,,,,,False,Asia,Asia,South-Eastern Asia,284438782.0,1904569.0,NOAA_NCEI_HazEL,1.0,2026-03-15,2026-03-15 23:49:32,1992-05-11,20th Century AD,1990s,Late 20th Century,Spring,Gentle,1e-07,41800000000000.0,0.3,Northern,Eastern,Sunda Arc – Indonesia,False,True,Unknown,Phreatic / Phreatomagmatic,9.17,True,Minimal,11.17,10,8.3,Moderately Active,100.0
2372,1992,7.0,5.0,,,60114,261140.0,0601-14=,Marapi,Sumatra,Indonesia,-0.38,100.474,2885,Complex volcano,T,1.0,1.0,,True,False,True,Historical,D1,2.0,1.0,,,1.0,5.0,1.0,5.0,1.0,,,,,,,,,,False,Asia,Asia,South-Eastern Asia,284438782.0,1904569.0,NOAA_NCEI_HazEL,1.0,2026-03-15,2026-03-15 23:49:32,1992-07-05,20th Century AD,1990s,Late 20th Century,Summer,Explosive,1e-06,418000000000000.0,1.0,Southern,Eastern,Sunda Arc – Indonesia,False,False,Unknown,Tsunami Generated,6.36,True,Low,17.54,5,12.2,Moderately Active,100.0
4464,1992,7.0,12.0,,,703083,273083.0,0703-083,Pinatubo,Luzon-Philippines,Philippines,15.13,120.35,1486,Stratovolcano,m,6.0,1.0,,True,False,True,Historical,D1,1.0,1.0,,,6.0,,,,,,,,,,,,,,False,Asia,Asia,South-Eastern Asia,114123600.0,342353.0,NOAA_NCEI_HazEL,1.0,2026-03-15,2026-03-15 23:49:32,1992-07-12,20th Century AD,1990s,Late 20th Century,Summer,Gentle,1e-07,41800000000000.0,0.3,Northern,Eastern,Philippine Arc,False,True,Unknown,Mudflow / Lahar,7.78,True,Minimal,10.61,6,1108.6,Moderately Active,100.0
3294,1992,9.0,17.0,,,110304,313040.0,1103-04-,Spurr,Alaska-SW,United States,61.299,-152.251,3374,Stratovolcano,I,1.0,1.0,2.0,True,False,True,Historical,D1,4.0,1.0,2.0,,1.0,,,,,,,,,,,,2.0,2.0,False,North America,Americas,North America,340110988.0,9525067.0,NOAA_NCEI_HazEL,1.0,2026-03-15,2026-03-15 23:49:32,1992-09-17,20th Century AD,1990s,Late 20th Century,Autumn,Cataclysmic,0.0001,4.18e+16,10.0,Northern,Western,Ring of Fire – Pacific,True,False,Unknown,Inundation / Lahar,4.97,True,High,31.99,1,,Single Record,100.0
6368,1992,,,,,60330,263300.0,0603-30=,Semeru,Java,Indonesia,-8.108,112.922,3657,Stratovolcano,T,3.0,1.0,,True,False,True,Historical,D1,3.0,1.0,,,3.0,,,,,,,,,,,,,,False,Asia,Asia,South-Eastern Asia,284438782.0,1904569.0,NOAA_NCEI_HazEL,1.0,2026-03-15,2026-03-15 23:49:32,1992-01-01,20th Century AD,1990s,Late 20th Century,,Severe,1e-05,4180000000000000.0,3.0,Southern,Eastern,Sunda Arc – Indonesia,False,False,Unknown,Tsunami Generated,5.55,True,Moderate,24.72,25,6.8,Frequently Active,100.0
4502,1993,1.0,14.0,,,150108,351080.0,1501-08=,Galeras,Colombia,Colombia,1.22,-77.37,4276,Complex volcano,T,9.0,1.0,,True,False,True,Historical,D1,2.0,1.0,,,9.0,,,,,,,,,,,,,,False,South America,Americas,South America,53057212.0,1141748.0,NOAA_NCEI_HazEL,1.0,2026-03-15,2026-03-15 23:49:32,1993-01-14,20th Century AD,1990s,Late 20th Century,Winter,Explosive,1e-06,418000000000000.0,1.0,Northern,Western,Ring of Fire – Pacific,True,False,Unknown,Tsunami Generated,9.21,True,Low,18.68,1,,Single Record,100.0
6408,1993,1.0,21.0,,,60504,265040.0,0605-04=,Wurlali,Banda Sea,Indonesia,-7.125,128.675,868,Stratovolcano,m,1.0,1.0,,True,False,False,Historical,D3,,1.0,,,1.0,12.0,1.0,12.0,1.0,,,,,,,,,,False,Asia,Asia,South-Eastern Asia,284438782.0,1904569.0,NOAA_NCEI_HazEL,1.0,2026-03-15,2026-03-15 23:49:32,1993-01-21,20th Century AD,1990s,Late 20th Century,Winter,Unknown,,,,Southern,Eastern,Sunda Arc – Indonesia,False,False,Unknown,Mudflow / Lahar,7.9,True,Unknown,3.16,1,,Single Record,83.33
4462,1993,2.0,2.0,,,70303,273030.0,0703-03=,Mayon,Luzon-Philippines,Philippines,13.257,123.685,2462,Stratovolcano,P,75.0,2.0,,True,False,True,Historical,D1,2.0,2.0,,,75.0,,,,,,,,,,,,,,False,Asia,Asia,South-Eastern Asia,114123600.0,342353.0,NOAA_NCEI_HazEL,1.0,2026-03-15,2026-03-15 23:49:32,1993-02-02,20th Century AD,1990s,Late 20th Century,Winter,Explosive,1e-06,418000000000000.0,1.0,Northern,Eastern,Philippine Arc,False,True,Unknown,Phreatic / Phreatomagmatic,17.32,True,Low,21.93,19,14.0,Frequently Active,100.0
6626,1993,3.0,12.0,,,150202,352020.0,1502-02=,Guagua Pichincha,Ecuador,Ecuador,-0.171,-78.598,4784,Stratovolcano,T,2.0,1.0,,True,False,True,Historical,D1,1.0,1.0,,,2.0,,,,,,,,,,,,,,False,South America,Americas,South America,18103660.0,276841.0,NOAA_NCEI_HazEL,1.0,2026-03-15,2026-03-15 23:49:32,1993-03-12,20th Century AD,1990s,Late 20th Century,Spring,Gentle,1e-07,41800000000000.0,0.3,Southern,Western,Ring of Fire – Pacific,True,False,Unknown,Tsunami Generated,4.39,True,Minimal,9.26,3,169.5,Infrequently Active,100.0
4491,1993,4.0,19.0,,,130201,332010.0,1302-01-,Kilauea,Hawaiian Is,United States,19.421,-155.287,1222,Shield volcano,A,1.0,1.0,,True,False,True,Historical,D1,,1.0,,,1.0,22.0,1.0,22.0,1.0,,,,,,,,,,False,North America,Americas,North America,340110988.0,9525067.0,NOAA_NCEI_HazEL,1.0,2026-03-15,2026-03-15 23:49:32,1993-04-19,20th Century AD,1990s,Late 20th Century,Spring,Unknown,,,,Northern,Western,Ring of Fire – Pacific,True,True,Unknown,Ash / Tephra,9.04,True,Unknown,3.62,16,15.2,Frequently Active,83.33
4452,1993,6.0,13.0,,,60200,262000.0,0602-00=,Krakatau,Indonesia,Indonesia,-6.101,105.423,285,Caldera,T,1.0,1.0,,True,False,True,Historical,D1,1.0,1.0,,,1.0,5.0,1.0,5.0,1.0,,,,,,,,,,False,Asia,Asia,South-Eastern Asia,284438782.0,1904569.0,NOAA_NCEI_HazEL,1.0,2026-03-15,2026-03-15 23:49:32,1993-06-13,20th Century AD,1990s,Late 20th Century,Summer,Gentle,1e-07,41800000000000.0,0.3,Southern,Eastern,Sunda Arc – Indonesia,False,True,Unknown,Tsunami Generated,6.36,True,Minimal,10.04,9,200.2,Moderately Active,100.0
4477,1993,6.0,23.0,,,80210,282100.0,0802-10=,Unzendake,Kyushu-Japan,Japan,32.761,130.299,1483,Complex volcano,P,1.0,1.0,,True,False,True,Historical,D1,1.0,1.0,,1.0,1.0,,,,,1.0,,,,,,,,,False,Asia,Asia,Eastern Asia,123210000.0,377930.0,NOAA_NCEI_HazEL,1.0,2026-03-15,2026-03-15 23:49:32,1993-06-23,20th Century AD,1990s,Late 20th Century,Summer,Gentle,1e-07,41800000000000.0,0.3,Northern,Eastern,Japan Arc,False,True,Unknown,Phreatic / Phreatomagmatic,2.77,True,Minimal,8.61,5,82.2,Moderately Active,100.0
6428,1993,6.0,26.0,,,703083,273083.0,0703-083,Pinatubo,Luzon-Philippines,Philippines,15.13,120.35,1486,Stratovolcano,m,4.0,1.0,,True,False,True,Historical,D1,1.0,1.0,,,4.0,,,,,,,,,,,,,,False,Asia,Asia,South-Eastern Asia,114123600.0,342353.0,NOAA_NCEI_HazEL,1.0,2026-03-15,2026-03-15 23:49:32,1993-06-26,20th Century AD,1990s,Late 20th Century,Summer,Gentle,1e-07,41800000000000.0,0.3,Northern,Eastern,Philippine Arc,False,True,Unknown,Mudflow / Lahar,6.44,True,Minimal,10.08,6,1108.6,Moderately Active,100.0
6429,1993,10.0,4.0,,,703083,273083.0,0703-083,Pinatubo,Luzon-Philippines,Philippines,15.13,120.35,1486,Stratovolcano,m,14.0,1.0,,True,False,True,Historical,D1,,1.0,,,14.0,,,,,,,,,,,,,,False,Asia,Asia,South-Eastern Asia,114123600.0,342353.0,NOAA_NCEI_HazEL,1.0,2026-03-15,2026-03-15 23:49:32,1993-10-04,20th Century AD,1990s,Late 20th Century,Autumn,Unknown,,,,Northern,Eastern,Philippine Arc,False,True,Unknown,Mudflow / Lahar,10.83,True,Unknown,4.33,6,1108.6,Moderately Active,83.33
2308,1994,1.0,15.0,,,50710,257100.0,0507-10=,Yasur,Vanuatu-SW Pacific,Vanuatu,-19.532,169.447,361,Stratovolcano,T,1.0,1.0,,True,False,True,Historical,D1,3.0,1.0,,,1.0,,,,,,,,,,,,,,False,Oceania,Oceania,Melanesia,321409.0,12189.0,NOAA_NCEI_HazEL,1.0,2026-03-15,2026-03-15 23:49:32,1994-01-15,20th Century AD,1990s,Late 20th Century,Winter,Severe,1e-05,4180000000000000.0,3.0,Southern,Eastern,Ring of Fire – Pacific,True,True,Unknown,Tsunami Generated,2.77,True,Moderate,23.61,5,33.0,Moderately Active,100.0
6369,1994,2.0,3.0,,,60330,263300.0,0603-30=,Semeru,Java,Indonesia,-8.108,112.922,3657,Stratovolcano,P,6.0,1.0,,True,False,True,Historical,D1,3.0,1.0,,,6.0,,,,,,,,,,,,,,False,Asia,Asia,South-Eastern Asia,284438782.0,1904569.0,NOAA_NCEI_HazEL,1.0,2026-03-15,2026-03-15 23:49:32,1994-02-03,20th Century AD,1990s,Late 20th Century,Winter,Severe,1e-05,4180000000000000.0,3.0,Southern,Eastern,Sunda Arc – Indonesia,False,False,Unknown,Phreatic / Phreatomagmatic,7.78,True,Moderate,25.61,25,6.8,Frequently Active,100.0
6466,1994,5.0,29.0,,,80211,282110.0,0802-11=,Asosan,Kyushu-Japan,Japan,32.885,131.085,1592,Caldera,G,1.0,1.0,,True,False,True,Historical,D1,1.0,1.0,,,1.0,,,,,,,,,,,,,,False,Asia,Asia,Eastern Asia,123210000.0,377930.0,NOAA_NCEI_HazEL,1.0,2026-03-15,2026-03-15 23:49:32,1994-05-29,20th Century AD,1990s,Late 20th Century,Spring,Gentle,1e-07,41800000000000.0,0.3,Northern,Eastern,Japan Arc,False,True,Unknown,Gas / SO₂ Emissions,2.77,True,Minimal,8.61,16,45.7,Frequently Active,100.0
6624,1994,6.0,6.0,,5387.0,150105,351050.0,1501-05=,"Huila, Nevado del",Colombia,Colombia,2.93,-76.03,5364,Stratovolcano,m,650.0,3.0,2.0,True,False,True,Historical,D5,,,,3.0,,,,,,,,200.0,,,,,,2.4,False,South America,Americas,South America,53057212.0,1141748.0,NOAA_NCEI_HazEL,1.0,2026-03-15,2026-03-15 23:49:32,1994-06-06,20th Century AD,1990s,Late 20th Century,Summer,Unknown,,,,Northern,Western,Ring of Fire – Pacific,True,False,Unknown,Mudflow / Lahar,25.91,True,Unknown,10.36,3,7.0,Infrequently Active,83.33
7572,1994,7.0,8.0,5926.0,,130201,332010.0,1302-01-,Kilauea,Hawaiian Is,United States,19.421,-155.287,1222,Shield volcano,W,,,,True,False,True,Historical,D1,3.0,,,,,,,,,,,,,,,,,,True,North America,Americas,North America,340110988.0,9525067.0,NOAA_NCEI_HazEL,1.0,2026-03-15,2026-03-15 23:49:32,1994-07-08,20th Century AD,1990s,Late 20th Century,Summer,Severe,1e-05,4180000000000000.0,3.0,Northern,Western,Ring of Fire – Pacific,True,True,Unknown,Waves / Surges,0.0,False,Moderate,22.5,16,15.2,Frequently Active,100.0
7573,1994,9.0,18.0,5927.0,10747.0,50214,252140.0,0502-14=,Rabaul,New Britain-SW Pac,Papua New Guinea,-4.246,152.194,688,Pyroclastic shield,"W,S",,,,True,False,False,Historical,D1,,,,,,,,,,,,,,,,,,,True,Oceania,Oceania,Melanesia,11781559.0,462840.0,NOAA_NCEI_HazEL,1.0,2026-03-15,2026-03-15 23:49:32,1994-09-18,20th Century AD,1990s,Late 20th Century,Autumn,Unknown,,,,Southern,Eastern,Ring of Fire – Pacific,True,False,Unknown,"W,S",0.0,False,Unknown,0.0,7,218.5,Moderately Active,83.33
2180,1994,9.0,19.0,2229.0,,50214,252140.0,0502-14=,Rabaul,New Britain-SW Pac,Papua New Guinea,-4.246,152.194,688,Pyroclastic shield,"T,W,E",5.0,1.0,4.0,True,False,True,Historical,D1,3.0,1.0,4.0,1.0,4.0,,,,,,,,,,,,86.0,86.0,True,Oceania,Oceania,Melanesia,11781559.0,462840.0,NOAA_NCEI_HazEL,1.0,2026-03-15,2026-03-15 23:49:32,1994-09-19,20th Century AD,1990s,Late 20th Century,Autumn,Severe,1e-05,4180000000000000.0,3.0,Southern,Eastern,Ring of Fire – Pacific,True,False,Unknown,"T,W,E",16.1,True,Moderate,28.94,7,218.5,Moderately Active,100.0
6384,1994,11.0,3.0,,,60403,264030.0,0604-03=,Rinjani,Lesser Sunda Is,Indonesia,-8.42,116.47,3726,Stratovolcano,m,31.0,1.0,,True,False,True,Historical,D1,3.0,1.0,,,31.0,,,,,,,,,,,,,,False,Asia,Asia,South-Eastern Asia,284438782.0,1904569.0,NOAA_NCEI_HazEL,1.0,2026-03-15,2026-03-15 23:49:32,1994-11-03,20th Century AD,1990s,Late 20th Century,Autumn,Severe,1e-05,4180000000000000.0,3.0,Southern,Eastern,Sunda Arc – Indonesia,False,False,Unknown,Mudflow / Lahar,13.86,True,Moderate,28.04,2,22.0,Infrequently Active,100.0
112,1994,11.0,22.0,,,60325,263250.0,0603-25=,Merapi,Java,Indonesia,-7.54,110.446,2910,Stratovolcano,P,66.0,2.0,,True,False,True,Historical,D1,3.0,2.0,,,66.0,100.0,2.0,100.0,2.0,,,,,,,,,,False,Asia,Asia,South-Eastern Asia,284438782.0,1904569.0,NOAA_NCEI_HazEL,1.0,2026-03-15,2026-03-15 23:49:32,1994-11-22,20th Century AD,1990s,Late 20th Century,Autumn,Severe,1e-05,4180000000000000.0,3.0,Southern,Eastern,Sunda Arc – Indonesia,False,False,Unknown,Phreatic / Phreatomagmatic,26.05,True,Moderate,32.92,28,15.9,Persistently Active,100.0
6305,1995,2.0,4.0,,,50710,257100.0,0507-10=,Yasur,Vanuatu-SW Pacific,Vanuatu,-19.532,169.447,361,Stratovolcano,T,2.0,1.0,,True,False,True,Historical,D1,3.0,1.0,,,2.0,,,,,,,,,,,,,,False,Oceania,Oceania,Melanesia,321409.0,12189.0,NOAA_NCEI_HazEL,1.0,2026-03-15,2026-03-15 23:49:32,1995-02-04,20th Century AD,1990s,Late 20th Century,Winter,Severe,1e-05,4180000000000000.0,3.0,Southern,Eastern,Ring of Fire – Pacific,True,True,Unknown,Tsunami Generated,4.39,True,Moderate,24.26,5,33.0,Moderately Active,100.0
6474,1995,2.0,11.0,,,80307,283070.0,0803-07=,Yakedake,Honshu-Japan,Japan,36.227,137.587,2455,Stratovolcano,T,4.0,1.0,,True,False,True,Historical,D1,1.0,1.0,,,4.0,,,,,,,,,,,,,,False,Asia,Asia,Eastern Asia,123210000.0,377930.0,NOAA_NCEI_HazEL,1.0,2026-03-15,2026-03-15 23:49:32,1995-02-11,20th Century AD,1990s,Late 20th Century,Winter,Gentle,1e-07,41800000000000.0,0.3,Northern,Eastern,Japan Arc,False,True,Unknown,Tsunami Generated,6.44,True,Minimal,10.08,1,,Single Record,100.0
4388,1995,4.0,2.0,,,180401,384010.0,1804-01=,Fogo,Cape Verde Is,Cape Verde,14.95,-24.35,2829,Stratovolcano,,,,1.0,True,False,True,Historical,D1,2.0,,1.0,1.0,,20.0,1.0,20.0,1.0,1.0,10.0,10.0,,,,,,,False,Africa,Africa,Western Africa,491233.0,4033.0,NOAA_NCEI_HazEL,1.0,2026-03-15,2026-03-15 23:49:32,1995-04-02,20th Century AD,1990s,Late 20th Century,Spring,Explosive,1e-06,418000000000000.0,1.0,Northern,Western,Intraplate / Other,False,False,Unknown,,6.09,False,Low,17.44,3,83.5,Infrequently Active,100.0
3608,1995,4.0,7.0,,,140211,342110.0,1402-11=,Pacaya,Guatemala,Guatemala,14.382,-90.601,2569,Complex volcano,M,1.0,1.0,1.0,True,False,True,Historical,D1,3.0,1.0,1.0,1.0,1.0,,,,,1.0,1.0,1.0,,,,,,,False,North America,Americas,Central America,18079810.0,108889.0,NOAA_NCEI_HazEL,1.0,2026-03-15,2026-03-15 23:49:32,1995-04-07,20th Century AD,1990s,Late 20th Century,Spring,Severe,1e-05,4180000000000000.0,3.0,Northern,Western,Ring of Fire – Pacific,True,False,Unknown,Mudflow / Lahar,2.77,True,Moderate,23.61,5,114.0,Moderately Active,100.0
6404,1995,5.0,15.0,,,60414,264140.0,0604-14=,Kelimutu,Lesser Sunda Is,Indonesia,-8.77,121.82,1639,Complex volcano,,1.0,1.0,,True,False,False,Historical,D1,,1.0,,,1.0,,,,,,,,,,,,,,False,Asia,Asia,South-Eastern Asia,284438782.0,1904569.0,NOAA_NCEI_HazEL,1.0,2026-03-15,2026-03-15 23:49:32,1995-05-15,20th Century AD,1990s,Late 20th Century,Spring,Unknown,,,,Southern,Eastern,Sunda Arc – Indonesia,False,False,Unknown,,2.77,True,Unknown,1.11,1,,Single Record,83.33
6424,1995,9.0,6.0,,,701011,271011.0,0701-011,Melebingoy,Mindanao-Philippines,Philippines,6.113,124.892,1824,Stratovolcano,,60.0,2.0,2.0,True,False,False,Historical,D5,,2.0,2.0,3.0,60.0,,,,,3.0,300.0,300.0,,,,,,,False,Asia,Asia,South-Eastern Asia,114123600.0,342353.0,NOAA_NCEI_HazEL,1.0,2026-03-15,2026-03-15 23:49:32,1995-09-06,20th Century AD,1990s,Late 20th Century,Autumn,Unknown,,,,Northern,Eastern,Sunda Arc – Indonesia,False,True,Unknown,,16.44,True,Unknown,6.58,1,,Single Record,83.33
2921,1996,1.0,2.0,2392.0,,100013,300130.0,1000-13=,Karymsky,Kamchatka,Russia,54.049,159.443,1513,Stratovolcano,,,,,True,False,True,Historical,D1,2.0,,,,,,,,,,,,,,,,,,True,"Europe, Asia",Europe,Eastern Europe,146028325.0,17098246.0,NOAA_NCEI_HazEL,1.0,2026-03-15,2026-03-15 23:49:32,1996-01-02,20th Century AD,1990s,Late 20th Century,Winter,Explosive,1e-06,418000000000000.0,1.0,Northern,Eastern,Ring of Fire – Pacific,True,False,Unknown,,0.0,False,Low,15.0,1,,Single Record,100.0
3502,1996,4.0,30.0,,,140109,341090.0,1401-09=,Popocatepetl,Mexico,Mexico,19.023,-98.622,5393,Stratovolcano,,5.0,1.0,1.0,True,False,True,Historical,D1,3.0,1.0,1.0,,5.0,,,,,,,,,,,,,,False,North America,Americas,North America,130575786.0,1964375.0,NOAA_NCEI_HazEL,1.0,2026-03-15,2026-03-15 23:49:32,1996-04-30,20th Century AD,1990s,Late 20th Century,Spring,Severe,1e-05,4180000000000000.0,3.0,Northern,Western,Ring of Fire – Pacific,True,False,Unknown,,7.17,True,Moderate,25.37,3,51.5,Infrequently Active,100.0
693,1996,8.0,10.0,,,70202,272020.0,0702-02=,Kanlaon,Philippines-C,Philippines,10.41,123.13,2422,Stratovolcano,T,3.0,1.0,,True,False,True,Historical,D1,2.0,1.0,,,3.0,18.0,1.0,18.0,1.0,,,,,,,,,,False,Asia,Asia,South-Eastern Asia,114123600.0,342353.0,NOAA_NCEI_HazEL,1.0,2026-03-15,2026-03-15 23:49:32,1996-08-10,20th Century AD,1990s,Late 20th Century,Summer,Explosive,1e-06,418000000000000.0,1.0,Northern,Eastern,Philippine Arc,False,True,Unknown,Tsunami Generated,11.43,True,Low,19.57,3,14.0,Infrequently Active,100.0
7539,1996,9.0,4.0,2265.0,6499.0,80408,284080.0,0804-08=,Sumisujima,Izu Is-Japan,Japan,31.44,140.051,136,Submarine volcano,S,,,,True,False,False,Historical,D2,,,,,,,,,,,,,,,,,,,True,Asia,Asia,Eastern Asia,123210000.0,377930.0,NOAA_NCEI_HazEL,1.0,2026-03-15,2026-03-15 23:49:32,1996-09-04,20th Century AD,1990s,Late 20th Century,Autumn,Unknown,,,,Northern,Eastern,Japan Arc,False,True,Unknown,S,0.0,False,Unknown,0.0,5,8.5,Moderately Active,83.33
3763,1996,9.0,27.0,,,140413,,1404-13-,Maderas,Nicaragua,Nicaragua,11.446,-85.515,1394,Stratovolcano,m,6.0,1.0,,True,False,False,Holocene,U,,1.0,,,6.0,,1.0,,1.0,,,,,,,,,,False,North America,Americas,Central America,6803886.0,130373.0,NOAA_NCEI_HazEL,1.0,2026-03-15,2026-03-15 23:49:32,1996-09-27,20th Century AD,1990s,Late 20th Century,Autumn,Unknown,,,,Northern,Western,Ring of Fire – Pacific,True,False,Unknown,Mudflow / Lahar,7.78,True,Unknown,3.11,1,,Single Record,83.33
4291,1996,9.0,30.0,,,170301,373010.0,1703-01=,Grimsvotn,Iceland-NE,Iceland,64.416,-17.316,1719,Caldera,,,,1.0,True,False,True,Historical,D1,3.0,,1.0,,,,,,,,,,,,,,,,False,Europe,Europe,Northern Europe,391810.0,103000.0,NOAA_NCEI_HazEL,1.0,2026-03-15,2026-03-15 23:49:32,1996-09-30,20th Century AD,1990s,Late 20th Century,Autumn,Severe,1e-05,4180000000000000.0,3.0,Northern,Western,Mid-Atlantic Ridge – Iceland,False,False,Unknown,,0.0,False,Moderate,22.5,7,61.2,Moderately Active,100.0
2125,1996,12.0,3.0,,,50102,251020.0,0501-02=,Manam,New Guinea-NE of,Papua New Guinea,-4.08,145.037,1807,Stratovolcano,P,13.0,1.0,,True,False,True,Historical,D1,3.0,1.0,,,13.0,29.0,1.0,29.0,1.0,,,,,,,,,,False,Oceania,Oceania,Melanesia,11781559.0,462840.0,NOAA_NCEI_HazEL,1.0,2026-03-15,2026-03-15 23:49:32,1996-12-03,20th Century AD,1990s,Late 20th Century,Winter,Severe,1e-05,4180000000000000.0,3.0,Southern,Eastern,Intraplate / Other,False,False,Unknown,Phreatic / Phreatomagmatic,17.36,True,Moderate,29.44,9,15.0,Moderately Active,100.0
6347,1997,1.0,14.0,,,60325,263250.0,0603-25=,Merapi,Java,Indonesia,-7.54,110.446,2910,Stratovolcano,,6.0,1.0,,True,False,True,Historical,D1,2.0,1.0,,,6.0,,1.0,,1.0,,,,,,,,,,False,Asia,Asia,South-Eastern Asia,284438782.0,1904569.0,NOAA_NCEI_HazEL,1.0,2026-03-15,2026-03-15 23:49:32,1997-01-14,20th Century AD,1990s,Late 20th Century,Winter,Explosive,1e-06,418000000000000.0,1.0,Southern,Eastern,Sunda Arc – Indonesia,False,False,Unknown,,7.78,True,Low,18.11,28,15.9,Persistently Active,100.0
4744,1997,4.0,17.0,,,60702,267020.0,0607-02=,Karangetang,Sangihe Is-Indonesia,Indonesia,2.781,125.407,1797,Stratovolcano,P,3.0,1.0,,True,False,True,Historical,D1,1.0,1.0,,,3.0,,,,,,,,,,,,,,False,Asia,Asia,South-Eastern Asia,284438782.0,1904569.0,NOAA_NCEI_HazEL,1.0,2026-03-15,2026-03-15 23:49:32,1997-04-17,20th Century AD,1990s,Late 20th Century,Spring,Gentle,1e-07,41800000000000.0,0.3,Northern,Eastern,Sunda Arc – Indonesia,False,True,Unknown,Phreatic / Phreatomagmatic,5.55,True,Minimal,9.72,10,8.3,Moderately Active,100.0
5546,1997,6.0,25.0,,,160005,360050.0,1600-05=,Soufriere Hills,W Indies,Montserrat,16.72,-62.18,915,Stratovolcano,P,22.0,1.0,,True,False,True,Historical,D1,3.0,1.0,,,22.0,,,,,,,,,,1.0,,,,False,North America,Americas,Caribbean,4386.0,102.0,NOAA_NCEI_HazEL,1.0,2026-03-15,2026-03-15 23:49:32,1997-06-25,20th Century AD,1990s,Late 20th Century,Summer,Severe,1e-05,4180000000000000.0,3.0,Northern,Western,Ring of Fire – Pacific,True,False,Unknown,Phreatic / Phreatomagmatic,13.24,True,Moderate,27.8,6,1.8,Moderately Active,100.0
6546,1997,7.0,12.0,,,80328,283280.0,0803-28=,Hakkodasan,Honshu-Japan,Japan,40.659,140.877,1585,Stratovolcano,G,3.0,1.0,,True,False,False,Holocene,U,,1.0,,,3.0,,,,,,,,,,,,,,False,Asia,Asia,Eastern Asia,123210000.0,377930.0,NOAA_NCEI_HazEL,1.0,2026-03-15,2026-03-15 23:49:32,1997-07-12,20th Century AD,1990s,Late 20th Century,Summer,Unknown,,,,Northern,Eastern,Japan Arc,False,True,Unknown,Gas / SO₂ Emissions,5.55,True,Unknown,2.22,1,,Single Record,83.33
4175,1997,8.0,1.0,,,160005,360050.0,1600-05=,Soufriere Hills,W Indies,Montserrat,16.72,-62.18,915,Stratovolcano,,2.0,1.0,,True,False,True,Historical,D1,3.0,1.0,,,2.0,,,,,,,,,,,,,,False,North America,Americas,Caribbean,4386.0,102.0,NOAA_NCEI_HazEL,1.0,2026-03-15,2026-03-15 23:49:32,1997-08-01,20th Century AD,1990s,Late 20th Century,Summer,Severe,1e-05,4180000000000000.0,3.0,Northern,Western,Ring of Fire – Pacific,True,False,Unknown,,4.39,True,Moderate,24.26,6,1.8,Moderately Active,100.0
6370,1997,9.0,2.0,,,60330,263300.0,0603-30=,Semeru,Java,Indonesia,-8.108,112.922,3657,Stratovolcano,T,2.0,1.0,,True,False,True,Historical,D1,3.0,1.0,,,2.0,,,,,,,,,,,,,,False,Asia,Asia,South-Eastern Asia,284438782.0,1904569.0,NOAA_NCEI_HazEL,1.0,2026-03-15,2026-03-15 23:49:32,1997-09-02,20th Century AD,1990s,Late 20th Century,Autumn,Severe,1e-05,4180000000000000.0,3.0,Southern,Eastern,Sunda Arc – Indonesia,False,False,Unknown,Tsunami Generated,4.39,True,Moderate,24.26,25,6.8,Frequently Active,100.0
6524,1997,9.0,15.0,,,80317,283170.0,0803-17=,Adatarayama,Honshu-Japan,Japan,37.647,140.281,1728,Stratovolcano,G,4.0,1.0,,True,False,False,Historical,D1,,1.0,,,4.0,,,,,,,,,,,,,,False,Asia,Asia,Eastern Asia,123210000.0,377930.0,NOAA_NCEI_HazEL,1.0,2026-03-15,2026-03-15 23:49:32,1997-09-15,20th Century AD,1990s,Late 20th Century,Autumn,Unknown,,,,Northern,Eastern,Japan Arc,False,True,Unknown,Gas / SO₂ Emissions,6.44,True,Unknown,2.58,2,97.0,Infrequently Active,83.33
6467,1997,11.0,23.0,,,80211,282110.0,0802-11=,Asosan,Kyushu-Japan,Japan,32.885,131.085,1592,Caldera,G,2.0,1.0,,True,False,False,Historical,D1,,1.0,,,2.0,,,,,,,,,,,,,,False,Asia,Asia,Eastern Asia,123210000.0,377930.0,NOAA_NCEI_HazEL,1.0,2026-03-15,2026-03-15 23:49:32,1997-11-23,20th Century AD,1990s,Late 20th Century,Autumn,Unknown,,,,Northern,Eastern,Japan Arc,False,True,Unknown,Gas / SO₂ Emissions,4.39,True,Unknown,1.76,16,45.7,Frequently Active,83.33
4808,1997,12.0,26.0,2279.0,,160005,360050.0,1600-05=,Soufriere Hills,W Indies,Montserrat,16.72,-62.18,915,Stratovolcano,,,,,True,False,True,Historical,D1,,,,,,,,,,,,,,,,,,,True,North America,Americas,Caribbean,4386.0,102.0,NOAA_NCEI_HazEL,1.0,2026-03-15,2026-03-15 23:49:32,1997-12-26,20th Century AD,1990s,Late 20th Century,Winter,Unknown,,,,Northern,Western,Ring of Fire – Pacific,True,False,Unknown,,0.0,False,Unknown,0.0,6,1.8,Moderately Active,83.33
5744,1998,4.0,28.0,,,130201,332010.0,1302-01-,Kilauea,Hawaiian Is,United States,19.421,-155.287,1222,Shield volcano,L,,,,True,False,True,Historical,D1,,1.0,,,1.0,,,,,,,,,,,,,,False,North America,Americas,North America,340110988.0,9525067.0,NOAA_NCEI_HazEL,1.0,2026-03-15,2026-03-15 23:49:32,1998-04-28,20th Century AD,1990s,Late 20th Century,Spring,Unknown,,,,Northern,Western,Ring of Fire – Pacific,True,True,Unknown,Lava Flow,0.0,True,Unknown,0.0,16,15.2,Frequently Active,83.33
6365,1998,7.0,,,,60328,263280.0,0603-28=,Kelud,Java,Indonesia,-7.935,112.314,1730,Stratovolcano,m,10.0,1.0,,True,False,False,Historical,D1,,1.0,,,10.0,,,,,,,,,,,,,,False,Asia,Asia,South-Eastern Asia,284438782.0,1904569.0,NOAA_NCEI_HazEL,1.0,2026-03-15,2026-03-15 23:49:32,1998-07-01,20th Century AD,1990s,Late 20th Century,Summer,Unknown,,,,Southern,Eastern,Sunda Arc – Indonesia,False,False,Unknown,Mudflow / Lahar,9.59,True,Unknown,3.84,18,41.4,Frequently Active,83.33
6605,1998,10.0,30.0,,,140402,344020.0,1404-02=,San Cristobal,Nicaragua,Nicaragua,12.702,-87.004,1745,Stratovolcano,m,1620.0,4.0,,True,False,False,Historical,D1,,4.0,,,1620.0,,,,,,,,,,,,,,False,North America,Americas,Central America,6803886.0,130373.0,NOAA_NCEI_HazEL,1.0,2026-03-15,2026-03-15 23:49:32,1998-10-30,20th Century AD,1990s,Late 20th Century,Autumn,Unknown,,,,Northern,Western,Ring of Fire – Pacific,True,False,Unknown,Mudflow / Lahar,29.56,True,Unknown,11.82,1,,Single Record,83.33
4708,1999,1.0,20.0,2880.0,,160005,360050.0,1600-05=,Soufriere Hills,W Indies,Montserrat,16.72,-62.18,915,Stratovolcano,,,,,True,False,True,Historical,D1,3.0,,,,,,,,,,,,,,,,,,True,North America,Americas,Caribbean,4386.0,102.0,NOAA_NCEI_HazEL,1.0,2026-03-15,2026-03-15 23:49:32,1999-01-20,20th Century AD,1990s,Late 20th Century,Winter,Severe,1e-05,4180000000000000.0,3.0,Northern,Western,Ring of Fire – Pacific,True,False,Unknown,,0.0,False,Moderate,22.5,6,1.8,Moderately Active,100.0
3578,1999,5.0,21.0,,,140209,342090.0,1402-09=,Fuego,Guatemala,Guatemala,14.473,-90.88,3763,Stratovolcano,,,,,True,False,True,Historical,D1,2.0,,,,,,,,,,,,,,,,,,False,North America,Americas,Central America,18079810.0,108889.0,NOAA_NCEI_HazEL,1.0,2026-03-15,2026-03-15 23:49:32,1999-05-21,20th Century AD,1990s,Late 20th Century,Spring,Explosive,1e-06,418000000000000.0,1.0,Northern,Western,Ring of Fire – Pacific,True,False,Unknown,,0.0,False,Low,15.0,11,43.7,Frequently Active,100.0
5484,1999,8.0,15.0,,,100027,300270.0,1000-27=,Sheveluch,Kamchatka,Russia,56.653,161.36,3283,Stratovolcano,,,,,True,False,True,Historical,D1,4.0,,1.0,,,,,,,,,,,,,,,,False,"Europe, Asia",Europe,Eastern Europe,146028325.0,17098246.0,NOAA_NCEI_HazEL,1.0,2026-03-15,2026-03-15 23:49:32,1999-08-15,20th Century AD,1990s,Late 20th Century,Summer,Cataclysmic,0.0001,4.18e+16,10.0,Northern,Eastern,Ring of Fire – Pacific,True,False,Unknown,,0.0,False,High,30.0,4,56.7,Moderately Active,100.0
3906,1999,10.0,5.0,,,150202,352020.0,1502-02=,Guagua Pichincha,Ecuador,Ecuador,-0.171,-78.598,4784,Stratovolcano,T,2.0,1.0,,True,False,True,Historical,D1,3.0,1.0,,,2.0,,,,,,,,,,,,,,False,South America,Americas,South America,18103660.0,276841.0,NOAA_NCEI_HazEL,1.0,2026-03-15,2026-03-15 23:49:32,1999-10-05,20th Century AD,1990s,Late 20th Century,Autumn,Severe,1e-05,4180000000000000.0,3.0,Southern,Western,Ring of Fire – Pacific,True,False,Unknown,Tsunami Generated,4.39,True,Moderate,24.26,3,169.5,Infrequently Active,100.0
3970,1999,10.0,16.0,,,150208,352080.0,1502-08=,Tungurahua,Ecuador,Ecuador,-1.467,-78.442,5023,Stratovolcano,T,1.0,1.0,,True,False,True,Historical,D1,3.0,1.0,,,1.0,4.0,1.0,4.0,1.0,,,,,,,,,,False,South America,Americas,South America,18103660.0,276841.0,NOAA_NCEI_HazEL,1.0,2026-03-15,2026-03-15 23:49:32,1999-10-16,20th Century AD,1990s,Late 20th Century,Autumn,Severe,1e-05,4180000000000000.0,3.0,Southern,Western,Ring of Fire – Pacific,True,False,Unknown,Tsunami Generated,5.99,True,Moderate,24.9,11,302.1,Frequently Active,100.0
5104,2000,6.0,27.0,2340.0,5568.0,80404,284040.0,0804-04=,Miyakejima,Izu Is-Japan,Japan,34.094,139.526,775,Stratovolcano,,1.0,1.0,1.0,True,False,True,Historical,D1,2.0,,1.0,,,,,,3.0,,,,,,,,,,True,Asia,Asia,Eastern Asia,123210000.0,377930.0,NOAA_NCEI_HazEL,1.0,2026-03-15,2026-03-15 23:49:32,2000-06-27,20th Century AD,2000s,21st Century,Summer,Explosive,1e-06,418000000000000.0,1.0,Northern,Eastern,Japan Arc,False,True,Unknown,,2.77,True,Low,16.11,4,42.0,Moderately Active,100.0
6371,2000,7.0,27.0,,,60330,263300.0,0603-30=,Semeru,Java,Indonesia,-8.108,112.922,3657,Stratovolcano,T,2.0,1.0,,True,False,True,Historical,D1,3.0,1.0,,,2.0,,,,,,,,,,,,,,False,Asia,Asia,South-Eastern Asia,284438782.0,1904569.0,NOAA_NCEI_HazEL,1.0,2026-03-15,2026-03-15 23:49:32,2000-07-27,20th Century AD,2000s,21st Century,Summer,Severe,1e-05,4180000000000000.0,3.0,Southern,Eastern,Sunda Arc – Indonesia,False,False,Unknown,Tsunami Generated,4.39,True,Moderate,24.26,25,6.8,Frequently Active,100.0
6606,2000,8.0,23.0,,,1405033,345033.0,1405-033,Arenal,Costa Rica,Costa Rica,10.463,-84.703,1670,Stratovolcano,P,2.0,1.0,,True,False,True,Historical,D1,3.0,1.0,,,2.0,1.0,1.0,1.0,1.0,,,,,,,,,,False,North America,Americas,Central America,5309625.0,51100.0,NOAA_NCEI_HazEL,1.0,2026-03-15,2026-03-15 23:49:32,2000-08-23,20th Century AD,2000s,21st Century,Summer,Severe,1e-05,4180000000000000.0,3.0,Northern,Western,Ring of Fire – Pacific,True,False,Unknown,Phreatic / Phreatomagmatic,5.78,True,Moderate,24.81,4,10.7,Moderately Active,100.0
5745,2000,11.0,3.0,,,130201,332010.0,1302-01-,Kilauea,Hawaiian Is,United States,19.421,-155.287,1222,Shield volcano,G,2.0,1.0,,True,False,True,Historical,D1,,1.0,,,2.0,,,,,,,,,,,,,,False,North America,Americas,North America,340110988.0,9525067.0,NOAA_NCEI_HazEL,1.0,2026-03-15,2026-03-15 23:49:32,2000-11-03,20th Century AD,2000s,21st Century,Autumn,Unknown,,,,Northern,Western,Ring of Fire – Pacific,True,True,Unknown,Gas / SO₂ Emissions,4.39,True,Unknown,1.76,16,15.2,Frequently Active,83.33
6348,2000,11.0,,,,60325,263250.0,0603-25=,Merapi,Java,Indonesia,-7.54,110.446,2910,Stratovolcano,A,1.0,1.0,,True,False,True,Historical,D1,2.0,1.0,,,1.0,,,,,,,,,,,,,,False,Asia,Asia,South-Eastern Asia,284438782.0,1904569.0,NOAA_NCEI_HazEL,1.0,2026-03-15,2026-03-15 23:49:32,2000-11-01,20th Century AD,2000s,21st Century,Autumn,Explosive,1e-06,418000000000000.0,1.0,Southern,Eastern,Sunda Arc – Indonesia,False,False,Unknown,Ash / Tephra,2.77,True,Low,16.11,28,15.9,Persistently Active,100.0
5485,2001,5.0,14.0,,,10106,211060.0,0101-06=,Etna,Italy,Italy,37.748,14.999,3357,Stratovolcano,,1.0,1.0,1.0,True,False,True,Historical,D1,3.0,1.0,1.0,,1.0,,,,,,,,,,,,,,False,Europe,Europe,Southern Europe,58927633.0,301336.0,NOAA_NCEI_HazEL,1.0,2026-03-15,2026-03-15 23:49:32,2001-05-14,21st Century AD,2000s,21st Century,Spring,Severe,1e-05,4180000000000000.0,3.0,Northern,Eastern,Mediterranean Volcanic Belt,False,False,Unknown,,2.77,True,Moderate,23.61,25,90.0,Frequently Active,100.0
5486,2001,7.0,26.0,,,10106,211060.0,0101-06=,Etna,Italy,Italy,37.748,14.999,3357,Stratovolcano,,,,1.0,True,False,True,Historical,D1,2.0,,1.0,1.0,,,,,,1.0,,,,,,,,,False,Europe,Europe,Southern Europe,58927633.0,301336.0,NOAA_NCEI_HazEL,1.0,2026-03-15,2026-03-15 23:49:32,2001-07-26,21st Century AD,2000s,21st Century,Summer,Explosive,1e-06,418000000000000.0,1.0,Northern,Eastern,Mediterranean Volcanic Belt,False,False,Unknown,,0.0,False,Low,15.0,25,90.0,Frequently Active,100.0
6349,2001,8.0,5.0,,,60325,263250.0,0603-25=,Merapi,Java,Indonesia,-7.54,110.446,2910,Stratovolcano,P,2.0,1.0,,True,False,True,Historical,D1,2.0,1.0,,,2.0,,,,,,,,,,,,,,False,Asia,Asia,South-Eastern Asia,284438782.0,1904569.0,NOAA_NCEI_HazEL,1.0,2026-03-15,2026-03-15 23:49:32,2001-08-05,21st Century AD,2000s,21st Century,Summer,Explosive,1e-06,418000000000000.0,1.0,Southern,Eastern,Sunda Arc – Indonesia,False,False,Unknown,Phreatic / Phreatomagmatic,4.39,True,Low,16.76,28,15.9,Persistently Active,100.0
6245,2001,10.0,20.0,,,10104,211040.0,0101-04=,Stromboli,Italy,Italy,38.789,15.213,924,Stratovolcano,T,1.0,1.0,,True,False,True,Historical,D1,2.0,1.0,,,1.0,,,,,,,,,,,,,,False,Europe,Europe,Southern Europe,58927633.0,301336.0,NOAA_NCEI_HazEL,1.0,2026-03-15,2026-03-15 23:49:32,2001-10-20,21st Century AD,2000s,21st Century,Autumn,Explosive,1e-06,418000000000000.0,1.0,Northern,Eastern,Mediterranean Volcanic Belt,False,False,Unknown,Tsunami Generated,2.77,True,Low,16.11,15,10.4,Frequently Active,100.0
5505,2002,1.0,3.0,,,60702,267020.0,0607-02=,Karangetang,Sangihe Is-Indonesia,Indonesia,2.781,125.407,1797,Stratovolcano,M,,,1.0,True,False,True,Historical,D1,3.0,,1.0,1.0,,,,,,1.0,,,,,,,,,False,Asia,Asia,South-Eastern Asia,284438782.0,1904569.0,NOAA_NCEI_HazEL,1.0,2026-03-15,2026-03-15 23:49:32,2002-01-03,21st Century AD,2000s,21st Century,Winter,Severe,1e-05,4180000000000000.0,3.0,Northern,Eastern,Sunda Arc – Indonesia,False,True,Unknown,Mudflow / Lahar,0.0,False,Moderate,22.5,10,8.3,Moderately Active,100.0
4964,2002,1.0,17.0,,,20303,223030.0,0203-03=,Nyiragongo,Africa-C,"Congo, DRC",-1.52,29.25,3470,Stratovolcano,L,100.0,2.0,3.0,True,False,True,Historical,D1,1.0,2.0,3.0,3.0,100.0,400.0,3.0,,3.0,3.0,,,,,,,,,False,Africa,Sub-Saharan Africa,Middle Africa,102262808.0,2344858.0,NOAA_NCEI_HazEL,1.0,2026-03-15,2026-03-15 23:49:32,2002-01-17,21st Century AD,2000s,21st Century,Winter,Gentle,1e-07,41800000000000.0,0.3,Southern,Eastern,East African Rift,False,False,Unknown,Lava Flow,18.46,True,Minimal,14.88,4,14.7,Moderately Active,100.0
5487,2002,8.0,28.0,,5659.0,10106,211060.0,0101-06=,Etna,Italy,Italy,37.748,14.999,3357,Stratovolcano,,,,2.0,True,False,True,Historical,D1,3.0,,2.0,2.0,,32.0,1.0,32.0,1.0,2.0,,,,,,,,,False,Europe,Europe,Southern Europe,58927633.0,301336.0,NOAA_NCEI_HazEL,1.0,2026-03-15,2026-03-15 23:49:32,2002-08-28,21st Century AD,2000s,21st Century,Summer,Severe,1e-05,4180000000000000.0,3.0,Northern,Eastern,Mediterranean Volcanic Belt,False,False,Unknown,,6.99,False,Moderate,25.3,25,90.0,Frequently Active,100.0
6625,2002,11.0,3.0,,,150201,352010.0,1502-01=,Reventador,Ecuador,Ecuador,-0.077,-77.656,3562,Stratovolcano,I,,1.0,1.0,True,False,True,Historical,D1,4.0,1.0,1.0,1.0,,,1.0,,1.0,1.0,,,,,,,,,False,South America,Americas,South America,18103660.0,276841.0,NOAA_NCEI_HazEL,1.0,2026-03-15,2026-03-15 23:49:32,2002-11-03,21st Century AD,2000s,21st Century,Autumn,Cataclysmic,0.0001,4.18e+16,10.0,Southern,Western,Ring of Fire – Pacific,True,False,Unknown,Inundation / Lahar,0.0,False,High,30.0,1,,Single Record,100.0
4703,2002,12.0,30.0,2923.0,,10104,211040.0,0101-04=,Stromboli,Italy,Italy,38.789,15.213,924,Stratovolcano,,,,1.0,True,False,True,Historical,D1,,,1.0,1.0,,,1.0,,1.0,1.0,,,,,,,,,True,Europe,Europe,Southern Europe,58927633.0,301336.0,NOAA_NCEI_HazEL,1.0,2026-03-15,2026-03-15 23:49:32,2002-12-30,21st Century AD,2000s,21st Century,Winter,Unknown,,,,Northern,Eastern,Mediterranean Volcanic Belt,False,False,Unknown,,0.0,False,Unknown,0.0,15,10.4,Frequently Active,83.33
6372,2002,,,,,60330,263300.0,0603-30=,Semeru,Java,Indonesia,-8.108,112.922,3657,Stratovolcano,T,3.0,1.0,,True,False,True,Historical,D1,3.0,1.0,,,3.0,,,,,,,,,,,,,,False,Asia,Asia,South-Eastern Asia,284438782.0,1904569.0,NOAA_NCEI_HazEL,1.0,2026-03-15,2026-03-15 23:49:32,2002-01-01,21st Century AD,2000s,21st Century,,Severe,1e-05,4180000000000000.0,3.0,Southern,Eastern,Sunda Arc – Indonesia,False,False,Unknown,Tsunami Generated,5.55,True,Moderate,24.72,25,6.8,Frequently Active,100.0
4542,2003,7.0,12.0,2694.0,,160005,360050.0,1600-05=,Soufriere Hills,W Indies,Montserrat,16.72,-62.18,915,Stratovolcano,,,,,True,False,True,Historical,D1,3.0,,,,,,,,,,,,,,,,,,True,North America,Americas,Caribbean,4386.0,102.0,NOAA_NCEI_HazEL,1.0,2026-03-15,2026-03-15 23:49:32,2003-07-12,21st Century AD,2000s,21st Century,Summer,Severe,1e-05,4180000000000000.0,3.0,Northern,Western,Ring of Fire – Pacific,True,False,Unknown,,0.0,False,Moderate,22.5,6,1.8,Moderately Active,100.0
6405,2004,1.0,29.0,,,60416,264160.0,0604-16=,Egon,Lesser Sunda Is,Indonesia,-8.676,122.455,1661,Stratovolcano,T,1.0,1.0,,True,False,True,Historical,D2,1.0,1.0,,,1.0,,,,,,,,,,,,,,False,Asia,Asia,South-Eastern Asia,284438782.0,1904569.0,NOAA_NCEI_HazEL,1.0,2026-03-15,2026-03-15 23:49:32,2004-01-29,21st Century AD,2000s,21st Century,Winter,Gentle,1e-07,41800000000000.0,0.3,Southern,Eastern,Sunda Arc – Indonesia,False,False,Unknown,Tsunami Generated,2.77,True,Minimal,8.61,1,,Single Record,100.0
5547,2004,6.0,8.0,,,60331,263310.0,0603-31=,Tengger Caldera,Java,Indonesia,-7.942,112.95,2329,Stratovolcano,T,,,,True,False,True,Historical,D1,2.0,1.0,,,2.0,5.0,1.0,,,,,,,,,,,,False,Asia,Asia,South-Eastern Asia,284438782.0,1904569.0,NOAA_NCEI_HazEL,1.0,2026-03-15,2026-03-15 23:49:32,2004-06-08,21st Century AD,2000s,21st Century,Summer,Explosive,1e-06,418000000000000.0,1.0,Southern,Eastern,Sunda Arc – Indonesia,False,False,Unknown,Tsunami Generated,0.0,True,Low,15.0,2,6.0,Infrequently Active,100.0
6184,2004,10.0,24.0,,,50102,251020.0,0501-02=,Manam,New Guinea-NE of,Papua New Guinea,-4.08,145.037,1807,Stratovolcano,T,5.0,1.0,,True,False,True,Historical,D1,4.0,1.0,,,5.0,,,,,,,,,,,,,,False,Oceania,Oceania,Melanesia,11781559.0,462840.0,NOAA_NCEI_HazEL,1.0,2026-03-15,2026-03-15 23:49:32,2004-10-24,21st Century AD,2000s,21st Century,Autumn,Cataclysmic,0.0001,4.18e+16,10.0,Southern,Eastern,Intraplate / Other,False,False,Unknown,Tsunami Generated,7.17,True,High,32.87,9,15.0,Moderately Active,100.0
6185,2005,1.0,27.0,,,50102,251020.0,0501-02=,Manam,New Guinea-NE of,Papua New Guinea,-4.08,145.037,1807,Stratovolcano,T,1.0,1.0,,True,False,True,Historical,D1,4.0,1.0,,,1.0,14.0,1.0,14.0,1.0,,,,,,,,,,False,Oceania,Oceania,Melanesia,11781559.0,462840.0,NOAA_NCEI_HazEL,1.0,2026-03-15,2026-03-15 23:49:32,2005-01-27,21st Century AD,2000s,21st Century,Winter,Cataclysmic,0.0001,4.18e+16,10.0,Southern,Eastern,Intraplate / Other,False,False,Unknown,Tsunami Generated,8.19,True,High,33.28,9,15.0,Moderately Active,100.0
6604,2005,10.0,1.0,,,140302,343020.0,1403-02=,Santa Ana,El Salvador,El Salvador,13.853,-89.63,2381,Stratovolcano,A,2.0,1.0,,True,False,True,Historical,D2,3.0,1.0,,,2.0,,1.0,,1.0,,,,,,,,,,False,North America,Americas,Central America,6029976.0,21041.0,NOAA_NCEI_HazEL,1.0,2026-03-15,2026-03-15 23:49:32,2005-10-01,21st Century AD,2000s,21st Century,Autumn,Severe,1e-05,4180000000000000.0,3.0,Northern,Western,Ring of Fire – Pacific,True,False,Unknown,Ash / Tephra,4.39,True,Moderate,24.26,1,,Single Record,100.0
5004,2005,11.0,25.0,,,30301,233010.0,0303-01=,Karthala,Indian O-W,Comoros,-11.75,43.38,2361,Shield volcano,T,1.0,1.0,1.0,True,False,True,Historical,D1,3.0,1.0,1.0,,1.0,,,,,,,,,,,,,,False,Africa,Africa,Eastern Africa,919901.0,1862.0,NOAA_NCEI_HazEL,1.0,2026-03-15,2026-03-15 23:49:32,2005-11-25,21st Century AD,2000s,21st Century,Autumn,Severe,1e-05,4180000000000000.0,3.0,Southern,Eastern,East African Rift,False,False,Unknown,Tsunami Generated,2.77,True,Moderate,23.61,6,24.4,Moderately Active,100.0
7540,2006,1.0,1.0,5795.0,10555.0,80408,284080.0,0804-08=,Sumisujima,Izu Is-Japan,Japan,31.44,140.051,136,Submarine volcano,S,,,,True,False,False,Historical,D2,,,,,,,,,,,,,,,,,,,True,Asia,Asia,Eastern Asia,123210000.0,377930.0,NOAA_NCEI_HazEL,1.0,2026-03-15,2026-03-15 23:49:32,2006-01-01,21st Century AD,2000s,21st Century,Winter,Unknown,,,,Northern,Eastern,Japan Arc,False,True,Unknown,S,0.0,False,Unknown,0.0,5,8.5,Moderately Active,83.33
4521,2006,3.0,17.0,,,40203,242030.0,0402-03=,Raoul Island,Kermadec Is,New Zealand,-29.27,-177.92,516,Stratovolcano,T,1.0,1.0,,True,False,True,Historical,D1,1.0,1.0,,,1.0,,,,,,,,,,,,,,False,Oceania,Oceania,Australia and New Zealand,5324700.0,268838.0,NOAA_NCEI_HazEL,1.0,2026-03-15,2026-03-15 23:49:32,2006-03-17,21st Century AD,2000s,21st Century,Spring,Gentle,1e-07,41800000000000.0,0.3,Southern,Western,Ring of Fire – Pacific,True,False,Unknown,Tsunami Generated,2.77,True,Minimal,8.61,2,2256.0,Infrequently Active,100.0
4623,2006,5.0,20.0,2877.0,,160005,360050.0,1600-05=,Soufriere Hills,W Indies,Montserrat,16.72,-62.18,915,Stratovolcano,P,,,,True,False,True,Historical,D1,2.0,,,,,,,,,,,,,,,,,,True,North America,Americas,Caribbean,4386.0,102.0,NOAA_NCEI_HazEL,1.0,2026-03-15,2026-03-15 23:49:32,2006-05-20,21st Century AD,2000s,21st Century,Spring,Explosive,1e-06,418000000000000.0,1.0,Northern,Western,Ring of Fire – Pacific,True,False,Unknown,Phreatic / Phreatomagmatic,0.0,False,Low,15.0,6,1.8,Moderately Active,100.0
5384,2006,6.0,7.0,,,70301,273010.0,0703-01=,Bulusan,Luzon-Philippines,Philippines,12.769,124.056,1535,Stratovolcano,,1.0,1.0,,True,False,True,Historical,D1,2.0,1.0,,,1.0,,,,,,,,,,,,,,False,Asia,Asia,South-Eastern Asia,114123600.0,342353.0,NOAA_NCEI_HazEL,1.0,2026-03-15,2026-03-15 23:49:32,2006-06-07,21st Century AD,2000s,21st Century,Summer,Explosive,1e-06,418000000000000.0,1.0,Northern,Eastern,Philippine Arc,False,True,Unknown,,2.77,True,Low,16.11,4,26.0,Moderately Active,100.0
5305,2006,6.0,14.0,,,60325,263250.0,0603-25=,Merapi,Java,Indonesia,-7.54,110.446,2910,Stratovolcano,P,2.0,1.0,,True,False,True,Historical,D1,1.0,1.0,,,2.0,,,,,,,,,,,,,,False,Asia,Asia,South-Eastern Asia,284438782.0,1904569.0,NOAA_NCEI_HazEL,1.0,2026-03-15,2026-03-15 23:49:32,2006-06-14,21st Century AD,2000s,21st Century,Summer,Gentle,1e-07,41800000000000.0,0.3,Southern,Eastern,Sunda Arc – Indonesia,False,False,Unknown,Phreatic / Phreatomagmatic,4.39,True,Minimal,9.26,28,15.9,Persistently Active,100.0
5527,2006,7.0,18.0,,,150208,352080.0,1502-08=,Tungurahua,Ecuador,Ecuador,-1.467,-78.442,5023,Stratovolcano,,1.0,1.0,,True,False,True,Historical,D1,3.0,1.0,,,1.0,,,,,,,,,,,,,,False,South America,Americas,South America,18103660.0,276841.0,NOAA_NCEI_HazEL,1.0,2026-03-15,2026-03-15 23:49:32,2006-07-18,21st Century AD,2000s,21st Century,Summer,Severe,1e-05,4180000000000000.0,3.0,Southern,Western,Ring of Fire – Pacific,True,False,Unknown,,2.77,True,Moderate,23.61,11,302.1,Frequently Active,100.0
4643,2006,8.0,17.0,,,150208,352080.0,1502-08=,Tungurahua,Ecuador,Ecuador,-1.467,-78.442,5023,Stratovolcano,T,6.0,1.0,3.0,True,False,True,Historical,D1,3.0,1.0,3.0,3.0,5.0,13.0,1.0,,2.0,3.0,,,2.0,2.0,,,,,False,South America,Americas,South America,18103660.0,276841.0,NOAA_NCEI_HazEL,1.0,2026-03-15,2026-03-15 23:49:32,2006-08-17,21st Century AD,2000s,21st Century,Summer,Severe,1e-05,4180000000000000.0,3.0,Southern,Western,Ring of Fire – Pacific,True,False,Unknown,Tsunami Generated,7.78,True,Moderate,25.61,11,302.1,Frequently Active,100.0
5084,2006,11.0,30.0,,,70303,273030.0,0703-03=,Mayon,Luzon-Philippines,Philippines,13.257,123.685,2462,Stratovolcano,m,1266.0,4.0,1.0,True,False,True,Historical,D1,1.0,4.0,1.0,,1266.0,,,,,,,,,,,,,,False,Asia,Asia,South-Eastern Asia,114123600.0,342353.0,NOAA_NCEI_HazEL,1.0,2026-03-15,2026-03-15 23:49:32,2006-11-30,21st Century AD,2000s,21st Century,Autumn,Gentle,1e-07,41800000000000.0,0.3,Northern,Eastern,Philippine Arc,False,True,Unknown,Mudflow / Lahar,28.58,True,Minimal,18.93,19,14.0,Frequently Active,100.0
6186,2007,3.0,,,,50102,251020.0,0501-02=,Manam,New Guinea-NE of,Papua New Guinea,-4.08,145.037,1807,Stratovolcano,M,4.0,1.0,,True,False,True,Historical,D1,4.0,1.0,,,4.0,1.0,1.0,1.0,1.0,,,,,,,,,,False,Oceania,Oceania,Melanesia,11781559.0,462840.0,NOAA_NCEI_HazEL,1.0,2026-03-15,2026-03-15 23:49:32,2007-03-01,21st Century AD,2000s,21st Century,Spring,Cataclysmic,0.0001,4.18e+16,10.0,Southern,Eastern,Intraplate / Other,False,False,Unknown,Mudflow / Lahar,7.82,True,High,33.13,9,15.0,Moderately Active,100.0
4705,2007,4.0,18.0,,,150105,351050.0,1501-05=,"Huila, Nevado del",Colombia,Colombia,2.93,-76.03,5364,Stratovolcano,,,,2.0,True,False,True,Historical,D5,,,2.0,1.0,,,,,,1.0,,,,,,,,,False,South America,Americas,South America,53057212.0,1141748.0,NOAA_NCEI_HazEL,1.0,2026-03-15,2026-03-15 23:49:32,2007-04-18,21st Century AD,2000s,21st Century,Spring,Unknown,,,,Northern,Western,Ring of Fire – Pacific,True,False,Unknown,,0.0,False,Unknown,0.0,3,7.0,Infrequently Active,83.33
7524,2007,5.0,19.0,5758.0,,50107,251070.0,0501-07=,Ritter Island,New Guinea-NE of,Papua New Guinea,-5.519,148.115,75,Stratovolcano,"A,W",,,1.0,True,False,True,Historical,D1,1.0,,1.0,1.0,,,,,,1.0,,,,,,,,,True,Oceania,Oceania,Melanesia,11781559.0,462840.0,NOAA_NCEI_HazEL,1.0,2026-03-15,2026-03-15 23:49:32,2007-05-19,21st Century AD,2000s,21st Century,Spring,Gentle,1e-07,41800000000000.0,0.3,Southern,Eastern,Intraplate / Other,False,False,Unknown,"A,W",0.0,False,Minimal,7.5,4,39.7,Moderately Active,100.0
6324,2007,7.0,7.0,,,60305,263050.0,0603-05=,Salak,Java,Indonesia,-6.716,106.733,2218,Stratovolcano,G,6.0,1.0,,True,False,False,Historical,D2,,1.0,,,6.0,,,,,,,,,,,,,,False,Asia,Asia,South-Eastern Asia,284438782.0,1904569.0,NOAA_NCEI_HazEL,1.0,2026-03-15,2026-03-15 23:49:32,2007-07-07,21st Century AD,2000s,21st Century,Summer,Unknown,,,,Southern,Eastern,Sunda Arc – Indonesia,False,False,Unknown,Gas / SO₂ Emissions,7.78,True,Unknown,3.11,1,,Single Record,83.33
4764,2007,9.0,30.0,,,20101,221010.0,0201-01=,"Tair, Jebel at",Red Sea,Yemen,15.55,41.83,244,Stratovolcano,,7.0,1.0,,True,False,True,Historical,D3,3.0,1.0,,,7.0,1.0,1.0,1.0,1.0,,,,,,,,,,False,Asia,Asia,Western Asia,32684503.0,527968.0,NOAA_NCEI_HazEL,1.0,2026-03-15,2026-03-15 23:49:32,2007-09-30,21st Century AD,2000s,21st Century,Autumn,Severe,1e-05,4180000000000000.0,3.0,Northern,Eastern,East African Rift,False,False,Unknown,,9.7,True,Moderate,26.38,1,,Single Record,100.0
4884,2008,5.0,2.0,,,1508041,358041.0,1508-041,Chaiten,Chile-S,Chile,-42.835,-72.651,1122,Caldera,,1.0,1.0,,True,False,True,Holocene,D1,,1.0,,,1.0,,,,,,,,,,,,,,False,South America,Americas,South America,20206953.0,756102.0,NOAA_NCEI_HazEL,1.0,2026-03-15,2026-03-15 23:49:32,2008-05-02,21st Century AD,2000s,21st Century,Spring,Unknown,,,,Southern,Western,Ring of Fire – Pacific,True,False,Unknown,,2.77,True,Unknown,1.11,1,,Single Record,83.33
4924,2008,8.0,8.0,3587.0,,110113,311130.0,1101-13-,Kasatochi,Aleutian Is,United States,52.177,-175.508,314,Stratovolcano,,,,,True,False,True,Historical,D1,3.0,,,,,,,,,,,,,,,,,,True,North America,Americas,North America,340110988.0,9525067.0,NOAA_NCEI_HazEL,1.0,2026-03-15,2026-03-15 23:49:32,2008-08-08,21st Century AD,2000s,21st Century,Summer,Severe,1e-05,4180000000000000.0,3.0,Northern,Western,Ring of Fire – Pacific,True,False,Unknown,,0.0,False,Moderate,22.5,1,,Single Record,100.0
5526,2008,8.0,22.0,,,150208,352080.0,1502-08=,Tungurahua,Ecuador,Ecuador,-1.467,-78.442,5023,Stratovolcano,M,2.0,1.0,1.0,True,False,True,Historical,D1,3.0,1.0,1.0,1.0,2.0,2.0,1.0,2.0,1.0,1.0,2.0,2.0,,,,,,,False,South America,Americas,South America,18103660.0,276841.0,NOAA_NCEI_HazEL,1.0,2026-03-15,2026-03-15 23:49:32,2008-08-22,21st Century AD,2000s,21st Century,Summer,Severe,1e-05,4180000000000000.0,3.0,Southern,Western,Ring of Fire – Pacific,True,False,Unknown,Mudflow / Lahar,6.59,True,Moderate,25.14,11,302.1,Frequently Active,100.0
4944,2008,11.0,20.0,,,150105,351050.0,1501-05=,"Huila, Nevado del",Colombia,Colombia,2.93,-76.03,5364,Stratovolcano,,10.0,1.0,,True,False,True,Historical,D5,,1.0,,,10.0,,1.0,,1.0,,,,1.0,1.0,,,,,False,South America,Americas,South America,53057212.0,1141748.0,NOAA_NCEI_HazEL,1.0,2026-03-15,2026-03-15 23:49:32,2008-11-20,21st Century AD,2000s,21st Century,Autumn,Unknown,,,,Northern,Western,Ring of Fire – Pacific,True,False,Unknown,,9.59,True,Unknown,3.84,3,7.0,Infrequently Active,83.33
5026,2009,3.0,23.0,,,110303,313030.0,1103-03-,Redoubt,Alaska-SW,United States,60.485,-152.742,3108,Stratovolcano,,,,1.0,True,False,True,Historical,D1,,,1.0,,,,,,,,,,,,,,,,False,North America,Americas,North America,340110988.0,9525067.0,NOAA_NCEI_HazEL,1.0,2026-03-15,2026-03-15 23:49:32,2009-03-23,21st Century AD,2000s,21st Century,Spring,Unknown,,,,Northern,Western,Ring of Fire – Pacific,True,False,Unknown,,0.0,False,Unknown,0.0,2,3559.0,Infrequently Active,83.33
5584,2009,11.0,30.0,,,130201,332010.0,1302-01-,Kilauea,Hawaiian Is,United States,19.421,-155.287,1222,Shield volcano,,,,2.0,True,False,True,Historical,D1,,,2.0,,,,,,,,,,,,,,,,False,North America,Americas,North America,340110988.0,9525067.0,NOAA_NCEI_HazEL,1.0,2026-03-15,2026-03-15 23:49:32,2009-11-30,21st Century AD,2000s,21st Century,Autumn,Unknown,,,,Northern,Western,Ring of Fire – Pacific,True,True,Unknown,,0.0,False,Unknown,0.0,16,15.2,Frequently Active,83.33
5704,2010,1.0,,,,150208,352080.0,1502-08=,Tungurahua,Ecuador,Ecuador,-1.467,-78.442,5023,Stratovolcano,,,,1.0,True,False,True,Historical,D1,3.0,,1.0,,,,,,,,,,,,,,,,False,South America,Americas,South America,18103660.0,276841.0,NOAA_NCEI_HazEL,1.0,2026-03-15,2026-03-15 23:49:32,2010-01-01,21st Century AD,2010s,21st Century,Winter,Severe,1e-05,4180000000000000.0,3.0,Southern,Western,Ring of Fire – Pacific,True,False,Unknown,,0.0,False,Moderate,22.5,11,302.1,Frequently Active,100.0
5124,2010,3.0,31.0,,,170202,372020.0,1702-02=,Eyjafjallajokull,Iceland-S,Iceland,63.633,-19.633,1651,Stratovolcano,,2.0,1.0,,True,False,True,Historical,D1,2.0,1.0,,,2.0,,,,,,,,,,,,,,False,Europe,Europe,Northern Europe,391810.0,103000.0,NOAA_NCEI_HazEL,1.0,2026-03-15,2026-03-15 23:49:32,2010-03-31,21st Century AD,2010s,21st Century,Spring,Explosive,1e-06,418000000000000.0,1.0,Northern,Western,Mid-Atlantic Ridge – Iceland,False,False,Unknown,,4.39,True,Low,16.76,1,,Single Record,100.0
5164,2010,5.0,27.0,,,140211,342110.0,1402-11=,Pacaya,Guatemala,Guatemala,14.382,-90.601,2569,Complex volcano,T,1.0,1.0,1.0,True,False,True,Historical,D1,1.0,1.0,1.0,1.0,1.0,,,,,1.0,3.0,3.0,1.0,1.0,3.0,3.0,,,False,North America,Americas,Central America,18079810.0,108889.0,NOAA_NCEI_HazEL,1.0,2026-03-15,2026-03-15 23:49:32,2010-05-27,21st Century AD,2010s,21st Century,Spring,Gentle,1e-07,41800000000000.0,0.3,Northern,Western,Ring of Fire – Pacific,True,False,Unknown,Tsunami Generated,4.16,True,Minimal,9.16,5,114.0,Moderately Active,100.0
5184,2010,5.0,29.0,4822.0,9172.0,804191,284191.0,0804-191,Zealandia Bank,Mariana Is-C Pacific,United States,16.88,145.85,0,Stratovolcano,,,,,True,False,True,Holocene,U,,,,,,,,,,,,,,,,,,,True,North America,Americas,North America,340110988.0,9525067.0,NOAA_NCEI_HazEL,1.0,2026-03-15,2026-03-15 23:49:32,2010-05-29,21st Century AD,2010s,21st Century,Spring,Unknown,,,,Northern,Eastern,Intraplate / Other,False,False,Unknown,,0.0,False,Unknown,0.0,1,,Single Record,83.33
5424,2010,8.0,6.0,,,60702,267020.0,0607-02=,Karangetang,Sangihe Is-Indonesia,Indonesia,2.781,125.407,1797,Stratovolcano,,4.0,1.0,,True,False,True,Historical,D1,3.0,1.0,,1.0,4.0,5.0,1.0,5.0,1.0,1.0,,,,,,,,,False,Asia,Asia,South-Eastern Asia,284438782.0,1904569.0,NOAA_NCEI_HazEL,1.0,2026-03-15,2026-03-15 23:49:32,2010-08-06,21st Century AD,2010s,21st Century,Summer,Severe,1e-05,4180000000000000.0,3.0,Northern,Eastern,Sunda Arc – Indonesia,False,True,Unknown,,10.02,True,Moderate,26.51,10,8.3,Moderately Active,100.0
5244,2010,8.0,30.0,,,60108,261080.0,0601-08=,Sinabung,Sumatra,Indonesia,3.17,98.392,2460,Stratovolcano,,2.0,1.0,,True,False,True,Holocene,U,,1.0,,,2.0,,,,,,,,,,,,,,False,Asia,Asia,South-Eastern Asia,284438782.0,1904569.0,NOAA_NCEI_HazEL,1.0,2026-03-15,2026-03-15 23:49:32,2010-08-30,21st Century AD,2010s,21st Century,Summer,Unknown,,,,Northern,Eastern,Sunda Arc – Indonesia,False,False,Unknown,,4.39,True,Unknown,1.76,10,1.0,Moderately Active,83.33
5304,2010,10.0,26.0,,,60325,263250.0,0603-25=,Merapi,Java,Indonesia,-7.54,110.446,2910,Stratovolcano,,367.0,3.0,4.0,True,False,True,Historical,D1,,3.0,4.0,3.0,367.0,277.0,3.0,277.0,3.0,3.0,,,,,,,600.0,600.0,False,Asia,Asia,South-Eastern Asia,284438782.0,1904569.0,NOAA_NCEI_HazEL,1.0,2026-03-15,2026-03-15 23:49:32,2010-10-26,21st Century AD,2010s,21st Century,Autumn,Unknown,,,,Southern,Eastern,Sunda Arc – Indonesia,False,False,Unknown,,47.68,True,Unknown,19.07,28,15.9,Persistently Active,83.33
5705,2010,11.0,,,,150208,352080.0,1502-08=,Tungurahua,Ecuador,Ecuador,-1.467,-78.442,5023,Stratovolcano,,,,1.0,True,False,True,Historical,D1,3.0,,1.0,,,,,,,,,,,,,,,,False,South America,Americas,South America,18103660.0,276841.0,NOAA_NCEI_HazEL,1.0,2026-03-15,2026-03-15 23:49:32,2010-11-01,21st Century AD,2010s,21st Century,Autumn,Severe,1e-05,4180000000000000.0,3.0,Southern,Western,Ring of Fire – Pacific,True,False,Unknown,,0.0,False,Moderate,22.5,11,302.1,Frequently Active,100.0
5344,2010,12.0,28.0,,,60331,263310.0,0603-31=,Tengger Caldera,Java,Indonesia,-7.942,112.95,2329,Stratovolcano,,,,,True,False,True,Historical,D1,,,1.0,,,,,,,,,,,,,,,,False,Asia,Asia,South-Eastern Asia,284438782.0,1904569.0,NOAA_NCEI_HazEL,1.0,2026-03-15,2026-03-15 23:49:32,2010-12-28,21st Century AD,2010s,21st Century,Winter,Unknown,,,,Southern,Eastern,Sunda Arc – Indonesia,False,False,Unknown,,0.0,False,Unknown,0.0,2,6.0,Infrequently Active,83.33
5525,2011,1.0,3.0,,,60325,263250.0,0603-25=,Merapi,Java,Indonesia,-7.54,110.446,2910,Stratovolcano,M,1.0,1.0,1.0,True,False,True,Historical,D1,,1.0,1.0,,1.0,1.0,1.0,1.0,1.0,,,,,,,,,,False,Asia,Asia,South-Eastern Asia,284438782.0,1904569.0,NOAA_NCEI_HazEL,1.0,2026-03-15,2026-03-15 23:49:32,2011-01-03,21st Century AD,2010s,21st Century,Winter,Unknown,,,,Southern,Eastern,Sunda Arc – Indonesia,False,False,Unknown,Mudflow / Lahar,4.16,True,Unknown,1.66,28,15.9,Persistently Active,83.33
5364,2011,1.0,28.0,,,80209,282090.0,0802-09=,Kirishimayama,Kyushu-Japan,Japan,31.934,130.862,1700,Shield volcano,,,,1.0,True,False,True,Historical,D1,,,1.0,,,,1.0,,1.0,,,,,,,,,,False,Asia,Asia,Eastern Asia,123210000.0,377930.0,NOAA_NCEI_HazEL,1.0,2026-03-15,2026-03-15 23:49:32,2011-01-28,21st Century AD,2010s,21st Century,Winter,Unknown,,,,Northern,Eastern,Japan Arc,False,True,Unknown,,0.0,False,Unknown,0.0,9,55.6,Moderately Active,83.33
5404,2011,2.0,23.0,,,70301,273010.0,0703-01=,Bulusan,Luzon-Philippines,Philippines,12.769,124.056,1535,Stratovolcano,,1.0,1.0,,True,False,True,Historical,D1,2.0,1.0,,,1.0,,,,,,,,,,,,,,False,Asia,Asia,South-Eastern Asia,114123600.0,342353.0,NOAA_NCEI_HazEL,1.0,2026-03-15,2026-03-15 23:49:32,2011-02-23,21st Century AD,2010s,21st Century,Winter,Explosive,1e-06,418000000000000.0,1.0,Northern,Eastern,Philippine Arc,False,True,Unknown,,2.77,True,Low,16.11,4,26.0,Moderately Active,100.0
5504,2011,3.0,18.0,,,60702,267020.0,0607-02=,Karangetang,Sangihe Is-Indonesia,Indonesia,2.781,125.407,1797,Stratovolcano,,,,1.0,True,False,True,Historical,D1,,,1.0,,,,,,,,,,,,,,,,False,Asia,Asia,South-Eastern Asia,284438782.0,1904569.0,NOAA_NCEI_HazEL,1.0,2026-03-15,2026-03-15 23:49:32,2011-03-18,21st Century AD,2010s,21st Century,Spring,Unknown,,,,Northern,Eastern,Sunda Arc – Indonesia,False,True,Unknown,,0.0,False,Unknown,0.0,10,8.3,Moderately Active,83.33
5706,2011,4.0,,,,150208,352080.0,1502-08=,Tungurahua,Ecuador,Ecuador,-1.467,-78.442,5023,Stratovolcano,,,,1.0,True,False,True,Historical,D1,4.0,,1.0,,,,,,,,,,,,,,,,False,South America,Americas,South America,18103660.0,276841.0,NOAA_NCEI_HazEL,1.0,2026-03-15,2026-03-15 23:49:32,2011-04-01,21st Century AD,2010s,21st Century,Spring,Cataclysmic,0.0001,4.18e+16,10.0,Southern,Western,Ring of Fire – Pacific,True,False,Unknown,,0.0,False,High,30.0,11,302.1,Frequently Active,100.0
5444,2011,6.0,4.0,,,150715,357150.0,1507-15=,Puyehue-Cordon Caulle,Chile-C,Chile,-40.59,-72.117,2236,Stratovolcano,,,,2.0,True,False,True,Holocene,U,4.0,,2.0,,,,,,,,,,,,,,,,False,South America,Americas,South America,20206953.0,756102.0,NOAA_NCEI_HazEL,1.0,2026-03-15,2026-03-15 23:49:32,2011-06-04,21st Century AD,2010s,21st Century,Summer,Cataclysmic,0.0001,4.18e+16,10.0,Southern,Western,Ring of Fire – Pacific,True,False,Unknown,,0.0,False,High,30.0,2,51.0,Infrequently Active,100.0
5524,2011,6.0,22.0,,,201101,221101.0,0201-101,Nabro,Africa-NE,Eritrea,13.37,41.7,2218,Stratovolcano,,31.0,1.0,1.0,True,False,True,Holocene,Unknown,4.0,1.0,1.0,,31.0,,3.0,,3.0,,,,,,,,,,False,Africa,Africa,Eastern Africa,3607000.0,117600.0,NOAA_NCEI_HazEL,1.0,2026-03-15,2026-03-15 23:49:32,2011-06-22,21st Century AD,2010s,21st Century,Summer,Cataclysmic,0.0001,4.18e+16,10.0,Northern,Eastern,East African Rift,False,False,Unknown,,13.86,True,High,35.54,1,,Single Record,100.0
5564,2011,7.0,9.0,,,170203,372030.0,1702-03=,Katla,Iceland-S,Iceland,63.633,-19.083,1490,Subglacial volcano,,,,1.0,True,False,True,Historical,D2,,,1.0,,,,,,,,,,,,,,,,False,Europe,Europe,Northern Europe,391810.0,103000.0,NOAA_NCEI_HazEL,1.0,2026-03-15,2026-03-15 23:49:32,2011-07-09,21st Century AD,2010s,21st Century,Summer,Unknown,,,,Northern,Western,Mid-Atlantic Ridge – Iceland,False,False,Unknown,,0.0,False,Unknown,0.0,15,77.9,Frequently Active,83.33
5464,2011,7.0,17.0,,,60610,266100.0,0606-10=,Lokon-Empung,Sulawesi-Indonesia,Indonesia,1.358,124.792,1580,Stratovolcano,,1.0,1.0,,True,False,True,Historical,D1,,1.0,,,1.0,,,,,,,,,,,,,,False,Asia,Asia,South-Eastern Asia,284438782.0,1904569.0,NOAA_NCEI_HazEL,1.0,2026-03-15,2026-03-15 23:49:32,2011-07-17,21st Century AD,2010s,21st Century,Summer,Unknown,,,,Northern,Eastern,Sunda Arc – Indonesia,False,True,Unknown,,2.77,True,Unknown,1.11,3,118.0,Infrequently Active,83.33
5445,2011,12.0,27.0,,,60806,268060.0,0608-06=,Gamalama,Halmahera-Indonesia,Indonesia,0.81,127.332,1714,Stratovolcano,m,4.0,1.0,,True,False,True,Historical,D1,3.0,1.0,,,4.0,,1.0,,1.0,,,,,,,,,,False,Asia,Asia,South-Eastern Asia,284438782.0,1904569.0,NOAA_NCEI_HazEL,1.0,2026-03-15,2026-03-15 23:49:32,2011-12-27,21st Century AD,2010s,21st Century,Winter,Severe,1e-05,4180000000000000.0,3.0,Northern,Eastern,Sunda Arc – Indonesia,False,True,Unknown,Mudflow / Lahar,6.44,True,Moderate,25.08,10,45.1,Moderately Active,100.0
5585,2012,2.0,10.0,,,130201,332010.0,1302-01-,Kilauea,Hawaiian Is,United States,19.421,-155.287,1222,Shield volcano,,,,2.0,True,False,True,Historical,D1,,,2.0,,,,,,,,,,,,,,,,False,North America,Americas,North America,340110988.0,9525067.0,NOAA_NCEI_HazEL,1.0,2026-03-15,2026-03-15 23:49:32,2012-02-10,21st Century AD,2010s,21st Century,Winter,Unknown,,,,Northern,Western,Ring of Fire – Pacific,True,True,Unknown,,0.0,False,Unknown,0.0,16,15.2,Frequently Active,83.33
5746,2012,3.0,2.0,,,130201,332010.0,1302-01-,Kilauea,Hawaiian Is,United States,19.421,-155.287,1222,Shield volcano,L,,,,True,False,True,Historical,D1,,,1.0,,,,,,,1.0,1.0,,,,,,,,False,North America,Americas,North America,340110988.0,9525067.0,NOAA_NCEI_HazEL,1.0,2026-03-15,2026-03-15 23:49:32,2012-03-02,21st Century AD,2010s,21st Century,Spring,Unknown,,,,Northern,Western,Ring of Fire – Pacific,True,True,Unknown,Lava Flow,0.0,False,Unknown,0.0,16,15.2,Frequently Active,83.33
5724,2012,12.0,12.0,,,100024,300240.0,1000-24=,Tolbachik,Kamchatka,Russia,55.832,160.326,3611,Shield volcano,,,,1.0,True,False,True,Historical,D1,,,1.0,,,,,,,,,,,,,,,,False,"Europe, Asia",Europe,Eastern Europe,146028325.0,17098246.0,NOAA_NCEI_HazEL,1.0,2026-03-15,2026-03-15 23:49:32,2012-12-12,21st Century AD,2010s,21st Century,Winter,Unknown,,,,Northern,Eastern,Ring of Fire – Pacific,True,False,Unknown,,0.0,False,Unknown,0.0,1,,Single Record,83.33
5784,2013,2.0,12.0,,,60325,263250.0,0603-25=,Merapi,Java,Indonesia,-7.54,110.446,2910,Stratovolcano,M,1.0,1.0,1.0,True,False,True,Historical,D1,,1.0,1.0,,1.0,1.0,1.0,1.0,1.0,,,,,,,,,,False,Asia,Asia,South-Eastern Asia,284438782.0,1904569.0,NOAA_NCEI_HazEL,1.0,2026-03-15,2026-03-15 23:49:32,2013-02-12,21st Century AD,2010s,21st Century,Winter,Unknown,,,,Southern,Eastern,Sunda Arc – Indonesia,False,False,Unknown,Mudflow / Lahar,4.16,True,Unknown,1.66,28,15.9,Persistently Active,83.33
5824,2013,2.0,,,,60415,264150.0,0604-15=,Paluweh,Lesser Sunda Is,Indonesia,-8.32,121.708,875,Stratovolcano,,,,1.0,True,False,True,Historical,D1,,,1.0,1.0,,,,,,1.0,,,,,,,,,False,Asia,Asia,South-Eastern Asia,284438782.0,1904569.0,NOAA_NCEI_HazEL,1.0,2026-03-15,2026-03-15 23:49:32,2013-02-01,21st Century AD,2010s,21st Century,Winter,Unknown,,,,Southern,Eastern,Sunda Arc – Indonesia,False,False,Unknown,,0.0,False,Unknown,0.0,6,17.0,Moderately Active,83.33
5864,2013,5.0,7.0,,,70303,273030.0,0703-03=,Mayon,Luzon-Philippines,Philippines,13.257,123.685,2462,Stratovolcano,,5.0,1.0,,True,False,True,Historical,D1,,1.0,,,5.0,8.0,1.0,8.0,1.0,,,,,,,,,,False,Asia,Asia,South-Eastern Asia,114123600.0,342353.0,NOAA_NCEI_HazEL,1.0,2026-03-15,2026-03-15 23:49:32,2013-05-07,21st Century AD,2010s,21st Century,Spring,Unknown,,,,Northern,Eastern,Philippine Arc,False,True,Unknown,,11.56,True,Unknown,4.62,19,14.0,Frequently Active,83.33
5944,2013,8.0,10.0,,,60415,264150.0,0604-15=,Paluweh,Lesser Sunda Is,Indonesia,-8.32,121.708,875,Stratovolcano,,5.0,1.0,,True,False,True,Historical,D1,3.0,1.0,,,5.0,,,,,,,,,,,,,,False,Asia,Asia,South-Eastern Asia,284438782.0,1904569.0,NOAA_NCEI_HazEL,1.0,2026-03-15,2026-03-15 23:49:32,2013-08-10,21st Century AD,2010s,21st Century,Summer,Severe,1e-05,4180000000000000.0,3.0,Southern,Eastern,Sunda Arc – Indonesia,False,False,Unknown,,7.17,True,Moderate,25.37,6,17.0,Moderately Active,100.0
5964,2013,9.0,1.0,,,150402,354020.0,1504-02=,Ubinas,Peru,Peru,-16.345,-70.897,5608,Stratovolcano,,,,1.0,True,False,True,Historical,D1,,,1.0,,,,,,,,,,,,,,,,False,South America,Americas,South America,34350244.0,1285216.0,NOAA_NCEI_HazEL,1.0,2026-03-15,2026-03-15 23:49:32,2013-09-01,21st Century AD,2010s,21st Century,Autumn,Unknown,,,,Southern,Western,Ring of Fire – Pacific,True,False,Unknown,,0.0,False,Unknown,0.0,1,,Single Record,83.33
5924,2013,9.0,4.0,,,80208,282080.0,0802-08=,Aira,Kyushu-Japan,Japan,31.577,130.659,1117,Stratovolcano,,,,1.0,True,False,True,Historical,D1,,,1.0,,,,,,,,,,,,,,,,False,Asia,Asia,Eastern Asia,123210000.0,377930.0,NOAA_NCEI_HazEL,1.0,2026-03-15,2026-03-15 23:49:32,2013-09-04,21st Century AD,2010s,21st Century,Autumn,Unknown,,,,Northern,Eastern,Japan Arc,False,True,Unknown,,0.0,False,Unknown,0.0,15,89.2,Frequently Active,83.33
5984,2013,9.0,15.0,,,60108,261080.0,0601-08=,Sinabung,Sumatra,Indonesia,3.17,98.392,2460,Stratovolcano,,,,2.0,True,False,True,Holocene,U,2.0,,2.0,,,,,,,,,,,,,,,,False,Asia,Asia,South-Eastern Asia,284438782.0,1904569.0,NOAA_NCEI_HazEL,1.0,2026-03-15,2026-03-15 23:49:32,2013-09-15,21st Century AD,2010s,21st Century,Autumn,Explosive,1e-06,418000000000000.0,1.0,Northern,Eastern,Sunda Arc – Indonesia,False,False,Unknown,,0.0,False,Low,15.0,10,1.0,Moderately Active,100.0
6845,2013,12.0,13.0,,,40105,241050.0,0401-05=,Okataina,New Zealand,New Zealand,-38.157,176.507,1111,Lava dome,G,1.0,1.0,,True,False,False,Historical,D1,,1.0,,,1.0,,,,,,,,,,,,,,False,Oceania,Oceania,Australia and New Zealand,5324700.0,268838.0,NOAA_NCEI_HazEL,1.0,2026-03-15,2026-03-15 23:49:32,2013-12-13,21st Century AD,2010s,21st Century,Winter,Unknown,,,,Southern,Eastern,Ring of Fire – Pacific,True,False,Unknown,Gas / SO₂ Emissions,2.77,True,Unknown,1.11,5,32.2,Moderately Active,83.33
6004,2014,2.0,1.0,,,60108,261080.0,0601-08=,Sinabung,Sumatra,Indonesia,3.17,98.392,2460,Stratovolcano,,17.0,1.0,1.0,True,False,True,Holocene,U,,1.0,1.0,2.0,17.0,3.0,1.0,3.0,1.0,2.0,,,,,,,,,False,Asia,Asia,South-Eastern Asia,284438782.0,1904569.0,NOAA_NCEI_HazEL,1.0,2026-03-15,2026-03-15 23:49:32,2014-02-01,21st Century AD,2010s,21st Century,Winter,Unknown,,,,Northern,Eastern,Sunda Arc – Indonesia,False,False,Unknown,,14.33,True,Unknown,5.73,10,1.0,Moderately Active,83.33
6024,2014,2.0,13.0,,,60328,263280.0,0603-28=,Kelud,Java,Indonesia,-7.935,112.314,1730,Stratovolcano,,7.0,1.0,3.0,True,False,True,Historical,D1,,1.0,3.0,4.0,7.0,,,,,4.0,4098.0,4098.0,,,,,,,False,Asia,Asia,South-Eastern Asia,284438782.0,1904569.0,NOAA_NCEI_HazEL,1.0,2026-03-15,2026-03-15 23:49:32,2014-02-13,21st Century AD,2010s,21st Century,Winter,Unknown,,,,Southern,Eastern,Sunda Arc – Indonesia,False,False,Unknown,,8.32,True,Unknown,3.33,18,41.4,Frequently Active,83.33
6064,2014,9.0,27.0,,,80304,283040.0,0803-04=,Ontakesan,Honshu-Japan,Japan,35.893,137.48,3067,Complex volcano,,55.0,2.0,,True,False,True,Historical,D1,3.0,2.0,,,55.0,70.0,2.0,70.0,2.0,,,,,,,,,,False,Asia,Asia,Eastern Asia,123210000.0,377930.0,NOAA_NCEI_HazEL,1.0,2026-03-15,2026-03-15 23:49:32,2014-09-27,21st Century AD,2010s,21st Century,Autumn,Severe,1e-05,4180000000000000.0,3.0,Northern,Eastern,Japan Arc,False,True,Unknown,,24.63,True,Moderate,32.35,2,30.0,Infrequently Active,100.0
6104,2014,11.0,10.0,,,130201,332010.0,1302-01-,Kilauea,Hawaiian Is,United States,19.421,-155.287,1222,Shield volcano,,,,3.0,True,False,True,Historical,D1,,,3.0,1.0,,,,,,1.0,1.0,1.0,,,,,14.5,14.5,False,North America,Americas,North America,340110988.0,9525067.0,NOAA_NCEI_HazEL,1.0,2026-03-15,2026-03-15 23:49:32,2014-11-10,21st Century AD,2010s,21st Century,Autumn,Unknown,,,,Northern,Western,Ring of Fire – Pacific,True,True,Unknown,,5.48,False,Unknown,2.19,16,15.2,Frequently Active,83.33
6084,2014,11.0,23.0,,,180401,384010.0,1804-01=,Fogo,Cape Verde Is,Cape Verde,14.95,-24.35,2829,Stratovolcano,L,,,2.0,True,False,True,Historical,D1,,,2.0,3.0,,,,,,3.0,230.0,230.0,,,,,,,False,Africa,Africa,Western Africa,491233.0,4033.0,NOAA_NCEI_HazEL,1.0,2026-03-15,2026-03-15 23:49:32,2014-11-23,21st Century AD,2010s,21st Century,Autumn,Unknown,,,,Northern,Western,Intraplate / Other,False,False,Unknown,Lava Flow,0.0,False,Unknown,0.0,3,83.5,Infrequently Active,83.33
6165,2014,12.0,18.0,,,60806,268060.0,0608-06=,Gamalama,Halmahera-Indonesia,Indonesia,0.81,127.332,1714,Stratovolcano,,1.0,1.0,,True,False,True,Historical,D1,,1.0,,,1.0,4.0,1.0,4.0,1.0,,,,,,,,,,False,Asia,Asia,South-Eastern Asia,284438782.0,1904569.0,NOAA_NCEI_HazEL,1.0,2026-03-15,2026-03-15 23:49:32,2014-12-18,21st Century AD,2010s,21st Century,Winter,Unknown,,,,Northern,Eastern,Sunda Arc – Indonesia,False,True,Unknown,,5.99,True,Unknown,2.4,10,45.1,Moderately Active,83.33
6164,2015,2.0,20.0,,,60108,261080.0,0601-08=,Sinabung,Sumatra,Indonesia,3.17,98.392,2460,Stratovolcano,,,,1.0,True,False,True,Holocene,U,,,1.0,1.0,,,,,,1.0,,,,,,,,,False,Asia,Asia,South-Eastern Asia,284438782.0,1904569.0,NOAA_NCEI_HazEL,1.0,2026-03-15,2026-03-15 23:49:32,2015-02-20,21st Century AD,2010s,21st Century,Winter,Unknown,,,,Northern,Eastern,Sunda Arc – Indonesia,False,False,Unknown,,0.0,False,Unknown,0.0,10,1.0,Moderately Active,83.33
6126,2015,4.0,22.0,,,150802,358020.0,1508-02=,Calbuco,Chile-S,Chile,-41.33,-72.618,1974,Stratovolcano,,,,2.0,True,False,True,Historical,D2,,,2.0,2.0,,,,,,2.0,,,,,,,,,False,South America,Americas,South America,20206953.0,756102.0,NOAA_NCEI_HazEL,1.0,2026-03-15,2026-03-15 23:49:32,2015-04-22,21st Century AD,2010s,21st Century,Spring,Unknown,,,,Southern,Western,Ring of Fire – Pacific,True,False,Unknown,,0.0,False,Unknown,0.0,5,30.5,Moderately Active,83.33
7537,2015,5.0,2.0,5584.0,10140.0,80408,284080.0,0804-08=,Sumisujima,Izu Is-Japan,Japan,31.44,140.051,136,Submarine volcano,S,,,,True,False,False,Historical,D2,,,,,,,,,,,,,,,,,,,True,Asia,Asia,Eastern Asia,123210000.0,377930.0,NOAA_NCEI_HazEL,1.0,2026-03-15,2026-03-15 23:49:32,2015-05-02,21st Century AD,2010s,21st Century,Spring,Unknown,,,,Northern,Eastern,Japan Arc,False,True,Unknown,S,0.0,False,Unknown,0.0,5,8.5,Moderately Active,83.33
6144,2015,5.0,7.0,,,60702,267020.0,0607-02=,Karangetang,Sangihe Is-Indonesia,Indonesia,2.781,125.407,1797,Stratovolcano,,,,1.0,True,False,True,Historical,D1,,,1.0,1.0,,,,,,1.0,,,,,,,,,False,Asia,Asia,South-Eastern Asia,284438782.0,1904569.0,NOAA_NCEI_HazEL,1.0,2026-03-15,2026-03-15 23:49:32,2015-05-07,21st Century AD,2010s,21st Century,Spring,Unknown,,,,Northern,Eastern,Sunda Arc – Indonesia,False,True,Unknown,,0.0,False,Unknown,0.0,10,8.3,Moderately Active,83.33
6187,2015,7.0,31.0,,,50102,251020.0,0501-02=,Manam,New Guinea-NE of,Papua New Guinea,-4.08,145.037,1807,Stratovolcano,,,,1.0,True,False,True,Historical,D1,2.0,,1.0,,,2.0,1.0,2.0,1.0,,,,,,,,,,False,Oceania,Oceania,Melanesia,11781559.0,462840.0,NOAA_NCEI_HazEL,1.0,2026-03-15,2026-03-15 23:49:32,2015-07-31,21st Century AD,2010s,21st Century,Summer,Explosive,1e-06,418000000000000.0,1.0,Southern,Eastern,Intraplate / Other,False,False,Unknown,,2.2,False,Low,15.88,9,15.0,Moderately Active,100.0
6204,2015,10.0,16.0,,,60108,261080.0,0601-08=,Sinabung,Sumatra,Indonesia,3.17,98.392,2460,Stratovolcano,M,1.0,1.0,1.0,True,False,True,Holocene,U,,1.0,1.0,,1.0,,,,,,,,,,,,,,False,Asia,Asia,South-Eastern Asia,284438782.0,1904569.0,NOAA_NCEI_HazEL,1.0,2026-03-15,2026-03-15 23:49:32,2015-10-16,21st Century AD,2010s,21st Century,Autumn,Unknown,,,,Northern,Eastern,Sunda Arc – Indonesia,False,False,Unknown,Mudflow / Lahar,2.77,True,Unknown,1.11,10,1.0,Moderately Active,83.33
6844,2015,10.0,,,,40105,241050.0,0401-05=,Okataina,New Zealand,New Zealand,-38.157,176.507,1111,Lava dome,I,1.0,1.0,,True,False,False,Historical,D1,,1.0,,,1.0,,,,,,,,,,,,,,False,Oceania,Oceania,Australia and New Zealand,5324700.0,268838.0,NOAA_NCEI_HazEL,1.0,2026-03-15,2026-03-15 23:49:32,2015-10-01,21st Century AD,2010s,21st Century,Autumn,Unknown,,,,Southern,Eastern,Ring of Fire – Pacific,True,False,Unknown,Inundation / Lahar,2.77,True,Unknown,1.11,5,32.2,Moderately Active,83.33
6566,2016,5.0,9.0,,,60108,261080.0,0601-08=,Sinabung,Sumatra,Indonesia,3.17,98.392,2460,Stratovolcano,,1.0,1.0,1.0,True,False,True,Holocene,U,,1.0,1.0,,1.0,4.0,1.0,4.0,1.0,1.0,3.0,,,,,,,,False,Asia,Asia,South-Eastern Asia,284438782.0,1904569.0,NOAA_NCEI_HazEL,1.0,2026-03-15,2026-03-15 23:49:32,2016-05-09,21st Century AD,2010s,21st Century,Spring,Unknown,,,,Northern,Eastern,Sunda Arc – Indonesia,False,False,Unknown,,5.99,True,Unknown,2.4,10,1.0,Moderately Active,83.33
6567,2016,5.0,21.0,,,60108,261080.0,0601-08=,Sinabung,Sumatra,Indonesia,3.17,98.392,2460,Stratovolcano,,7.0,1.0,4.0,True,False,True,Holocene,U,,1.0,4.0,,7.0,3.0,1.0,3.0,1.0,,,,,,,,100.0,100.0,False,Asia,Asia,South-Eastern Asia,284438782.0,1904569.0,NOAA_NCEI_HazEL,1.0,2026-03-15,2026-03-15 23:49:32,2016-05-21,21st Century AD,2010s,21st Century,Spring,Unknown,,,,Northern,Eastern,Sunda Arc – Indonesia,False,False,Unknown,,20.32,True,Unknown,8.13,10,1.0,Moderately Active,83.33
6724,2016,6.0,9.0,,,120501,325010.0,1205-01-,Yellowstone,US-Wyoming,United States,44.43,-110.67,2805,Caldera,,1.0,1.0,,True,False,True,Tephrochronology,D7,,1.0,,,1.0,,,,,,,,,,,,,,False,North America,Americas,North America,340110988.0,9525067.0,NOAA_NCEI_HazEL,1.0,2026-03-15,2026-03-15 23:49:32,2016-06-09,21st Century AD,2010s,21st Century,Summer,Unknown,,,,Northern,Western,Ring of Fire – Pacific,True,False,Unknown,,2.77,True,Unknown,1.11,1,,Single Record,83.33
6704,2016,9.0,27.0,,,60403,264030.0,0604-03=,Rinjani,Lesser Sunda Is,Indonesia,-8.42,116.47,3726,Stratovolcano,,,,,True,False,True,Historical,D1,,,,,,,,,,,,,1.0,1.0,44.0,44.0,,,False,Asia,Asia,South-Eastern Asia,284438782.0,1904569.0,NOAA_NCEI_HazEL,1.0,2026-03-15,2026-03-15 23:49:32,2016-09-27,21st Century AD,2010s,21st Century,Autumn,Unknown,,,,Southern,Eastern,Sunda Arc – Indonesia,False,False,Unknown,,3.81,False,Unknown,1.52,2,22.0,Infrequently Active,83.33
6744,2016,10.0,8.0,,,80211,282110.0,0802-11=,Asosan,Kyushu-Japan,Japan,32.885,131.085,1592,Caldera,T,,,1.0,True,False,True,Historical,D1,,,1.0,,,,,,,,,,,,,,,,False,Asia,Asia,Eastern Asia,123210000.0,377930.0,NOAA_NCEI_HazEL,1.0,2026-03-15,2026-03-15 23:49:32,2016-10-08,21st Century AD,2010s,21st Century,Autumn,Unknown,,,,Northern,Eastern,Japan Arc,False,True,Unknown,Tsunami Generated,0.0,False,Unknown,0.0,16,45.7,Frequently Active,83.33
6965,2017,3.0,15.0,,,10106,211060.0,0101-06=,Etna,Italy,Italy,37.748,14.999,3357,Stratovolcano,P,,,,True,False,True,Historical,D1,,,,,,10.0,1.0,10.0,1.0,,,,,,,,,,False,Europe,Europe,Southern Europe,58927633.0,301336.0,NOAA_NCEI_HazEL,1.0,2026-03-15,2026-03-15 23:49:32,2017-03-15,21st Century AD,2010s,21st Century,Spring,Unknown,,,,Northern,Eastern,Mediterranean Volcanic Belt,False,False,Unknown,Phreatic / Phreatomagmatic,4.8,False,Unknown,1.92,25,90.0,Frequently Active,83.33
6764,2017,4.0,13.0,,,60108,261080.0,0601-08=,Sinabung,Sumatra,Indonesia,3.17,98.392,2460,Stratovolcano,P,,,1.0,True,False,True,Holocene,U,2.0,,1.0,2.0,,,,,,2.0,,,,,,,,,False,Asia,Asia,South-Eastern Asia,284438782.0,1904569.0,NOAA_NCEI_HazEL,1.0,2026-03-15,2026-03-15 23:49:32,2017-04-13,21st Century AD,2010s,21st Century,Spring,Explosive,1e-06,418000000000000.0,1.0,Northern,Eastern,Sunda Arc – Indonesia,False,False,Unknown,Phreatic / Phreatomagmatic,0.0,False,Low,15.0,10,1.0,Moderately Active,100.0
7084,2017,6.0,6.0,,,140209,342090.0,1402-09=,Fuego,Guatemala,Guatemala,14.473,-90.88,3763,Stratovolcano,P,,,2.0,True,False,True,Historical,D1,2.0,,2.0,,,,,,,,,,,,,,,,False,North America,Americas,Central America,18079810.0,108889.0,NOAA_NCEI_HazEL,1.0,2026-03-15,2026-03-15 23:49:32,2017-06-06,21st Century AD,2010s,21st Century,Summer,Explosive,1e-06,418000000000000.0,1.0,Northern,Western,Ring of Fire – Pacific,True,False,Unknown,Phreatic / Phreatomagmatic,0.0,False,Low,15.0,11,43.7,Frequently Active,100.0
6784,2017,7.0,1.0,,,60320,263200.0,0603-20=,Dieng Volcanic Complex,Java,Indonesia,-7.2,109.879,2565,Complex volcano,,8.0,1.0,,True,False,True,Historical,D1,,1.0,,,8.0,11.0,1.0,11.0,1.0,,,,,,,,,,False,Asia,Asia,South-Eastern Asia,284438782.0,1904569.0,NOAA_NCEI_HazEL,1.0,2026-03-15,2026-03-15 23:49:32,2017-07-01,21st Century AD,2010s,21st Century,Summer,Unknown,,,,Southern,Eastern,Sunda Arc – Indonesia,False,False,Unknown,,13.76,True,Unknown,5.5,11,23.1,Frequently Active,83.33
6804,2017,9.0,12.0,,,10101,211010.0,0101-01=,Campi Flegrei,Italy,Italy,40.827,14.139,458,Caldera,,3.0,1.0,,True,False,True,Historical,D5,,1.0,,,3.0,,,,,,,,,,,,,,False,Europe,Europe,Southern Europe,58927633.0,301336.0,NOAA_NCEI_HazEL,1.0,2026-03-15,2026-03-15 23:49:32,2017-09-12,21st Century AD,2010s,21st Century,Autumn,Unknown,,,,Northern,Eastern,Mediterranean Volcanic Belt,False,False,Unknown,,5.55,True,Unknown,2.22,3,239.5,Infrequently Active,83.33
6824,2017,9.0,23.0,,,50703,257030.0,0507-03=,Ambae,Vanuatu-SW Pacific,Vanuatu,-15.389,167.835,1496,Shield volcano,T,,,1.0,True,False,True,Historical,D1,,,1.0,,,,,,,,,,,,,,,,False,Oceania,Oceania,Melanesia,321409.0,12189.0,NOAA_NCEI_HazEL,1.0,2026-03-15,2026-03-15 23:49:32,2017-09-23,21st Century AD,2010s,21st Century,Autumn,Unknown,,,,Southern,Eastern,Ring of Fire – Pacific,True,True,Unknown,Tsunami Generated,0.0,False,Unknown,0.0,5,87.0,Moderately Active,83.33
6884,2017,12.0,18.0,,,60325,263250.0,0603-25=,Merapi,Java,Indonesia,-7.54,110.446,2910,Stratovolcano,A,8.0,1.0,,True,False,False,Historical,D1,,1.0,,,8.0,8.0,1.0,8.0,1.0,,,,,,,,,,False,Asia,Asia,South-Eastern Asia,284438782.0,1904569.0,NOAA_NCEI_HazEL,1.0,2026-03-15,2026-03-15 23:49:32,2017-12-18,21st Century AD,2010s,21st Century,Winter,Unknown,,,,Southern,Eastern,Sunda Arc – Indonesia,False,False,Unknown,Ash / Tephra,13.18,True,Unknown,5.27,28,15.9,Persistently Active,83.33
6964,2017,12.0,27.0,,,60108,261080.0,0601-08=,Sinabung,Sumatra,Indonesia,3.17,98.392,2460,Stratovolcano,T,,,2.0,True,False,True,Holocene,U,,,2.0,,,,,,,,,,,,,,,,False,Asia,Asia,South-Eastern Asia,284438782.0,1904569.0,NOAA_NCEI_HazEL,1.0,2026-03-15,2026-03-15 23:49:32,2017-12-27,21st Century AD,2010s,21st Century,Winter,Unknown,,,,Northern,Eastern,Sunda Arc – Indonesia,False,False,Unknown,Tsunami Generated,0.0,False,Unknown,0.0,10,1.0,Moderately Active,83.33
6904,2018,1.0,5.0,,,501002,251002.0,0501-002,Kadovar,New Guinea-NE of,Papua New Guinea,-3.608,144.588,365,Stratovolcano,T,,,1.0,True,False,True,Holocene,U,2.0,,1.0,,,,,,,,,,,,,,,,False,Oceania,Oceania,Melanesia,11781559.0,462840.0,NOAA_NCEI_HazEL,1.0,2026-03-15,2026-03-15 23:49:32,2018-01-05,21st Century AD,2010s,21st Century,Winter,Explosive,1e-06,418000000000000.0,1.0,Southern,Eastern,Sunda Arc – Indonesia,False,False,Unknown,Tsunami Generated,0.0,False,Low,15.0,2,0.0,Infrequently Active,100.0
6944,2018,1.0,13.0,,,70303,273030.0,0703-03=,Mayon,Luzon-Philippines,Philippines,13.257,123.685,2462,Stratovolcano,"T,P",,,2.0,True,False,True,Historical,D1,2.0,,2.0,,,1972.0,4.0,1972.0,4.0,,,,,,,,3.564,3.564,False,Asia,Asia,South-Eastern Asia,114123600.0,342353.0,NOAA_NCEI_HazEL,1.0,2026-03-15,2026-03-15 23:49:32,2018-01-13,21st Century AD,2010s,21st Century,Winter,Explosive,1e-06,418000000000000.0,1.0,Northern,Eastern,Philippine Arc,False,True,Unknown,"T,P",18.21,False,Low,22.28,19,14.0,Frequently Active,100.0
6924,2018,1.0,23.0,,,80312,283120.0,0803-12=,Kusatsu-Shiranesan,Honshu-Japan,Japan,36.618,138.528,2165,Stratovolcano,T,1.0,1.0,1.0,True,False,True,Historical,D1,1.0,1.0,1.0,,1.0,11.0,1.0,11.0,1.0,,,,,,,,,,False,Asia,Asia,Eastern Asia,123210000.0,377930.0,NOAA_NCEI_HazEL,1.0,2026-03-15,2026-03-15 23:49:32,2018-01-23,21st Century AD,2010s,21st Century,Winter,Gentle,1e-07,41800000000000.0,0.3,Northern,Eastern,Japan Arc,False,True,Unknown,Tsunami Generated,7.74,True,Minimal,10.6,4,28.7,Moderately Active,100.0
7004,2018,2.0,1.0,,,130201,332010.0,1302-01-,Kilauea,Hawaiian Is,United States,19.421,-155.287,1222,Shield volcano,G,1.0,1.0,,True,False,True,Historical,D1,1.0,1.0,,,1.0,3.0,1.0,3.0,1.0,,,,,,,,,,False,North America,Americas,North America,340110988.0,9525067.0,NOAA_NCEI_HazEL,1.0,2026-03-15,2026-03-15 23:49:32,2018-02-01,21st Century AD,2010s,21st Century,Winter,Gentle,1e-07,41800000000000.0,0.3,Northern,Western,Ring of Fire – Pacific,True,True,Unknown,Gas / SO₂ Emissions,5.55,True,Minimal,9.72,16,15.2,Frequently Active,100.0
7104,2018,2.0,9.0,5676.0,,501002,251002.0,0501-002,Kadovar,New Guinea-NE of,Papua New Guinea,-3.608,144.588,365,Stratovolcano,W,,,,True,False,True,Holocene,U,2.0,,,,,,,,,,,,,,,,,,True,Oceania,Oceania,Melanesia,11781559.0,462840.0,NOAA_NCEI_HazEL,1.0,2026-03-15,2026-03-15 23:49:32,2018-02-09,21st Century AD,2010s,21st Century,Winter,Explosive,1e-06,418000000000000.0,1.0,Southern,Eastern,Sunda Arc – Indonesia,False,False,Unknown,Waves / Surges,0.0,False,Low,15.0,2,0.0,Infrequently Active,100.0
7124,2018,3.0,21.0,,,60335,263350.0,0603-35=,Ijen,Java,Indonesia,-8.058,114.242,2769,Stratovolcano,G,,,,True,False,False,Historical,D1,,,,,,30.0,1.0,30.0,1.0,,,,,,,,,,False,Asia,Asia,South-Eastern Asia,284438782.0,1904569.0,NOAA_NCEI_HazEL,1.0,2026-03-15,2026-03-15 23:49:32,2018-03-21,21st Century AD,2010s,21st Century,Spring,Unknown,,,,Southern,Eastern,Sunda Arc – Indonesia,False,False,Unknown,Gas / SO₂ Emissions,6.87,False,Unknown,2.75,4,69.0,Moderately Active,83.33
7144,2018,3.0,30.0,,,50703,257030.0,0507-03=,Ambae,Vanuatu-SW Pacific,Vanuatu,-15.389,167.835,1496,Shield volcano,"T,G,M",4.0,1.0,2.0,True,False,True,Historical,D1,3.0,1.0,2.0,1.0,4.0,,,,,1.0,,,,,,,,,False,Oceania,Oceania,Melanesia,321409.0,12189.0,NOAA_NCEI_HazEL,1.0,2026-03-15,2026-03-15 23:49:32,2018-03-30,21st Century AD,2010s,21st Century,Spring,Severe,1e-05,4180000000000000.0,3.0,Southern,Eastern,Ring of Fire – Pacific,True,True,Unknown,"T,G,M",6.44,True,Moderate,25.08,5,87.0,Moderately Active,100.0
6864,2018,4.0,28.0,5678.0,10332.0,130201,332010.0,1302-01-,Kilauea,Hawaiian Is,United States,19.421,-155.287,1222,Shield volcano,L,,,4.0,True,False,True,Historical,D1,1.0,,4.0,3.0,,1.0,1.0,1.0,1.0,3.0,716.0,716.0,,,,,370.0,370.0,True,North America,Americas,North America,340110988.0,9525067.0,NOAA_NCEI_HazEL,1.0,2026-03-15,2026-03-15 23:49:32,2018-04-28,21st Century AD,2010s,21st Century,Spring,Gentle,1e-07,41800000000000.0,0.3,Northern,Western,Ring of Fire – Pacific,True,True,Unknown,Lava Flow,13.22,False,Minimal,12.79,16,15.2,Frequently Active,100.0
7541,2018,5.0,6.0,5796.0,10556.0,80408,284080.0,0804-08=,Sumisujima,Izu Is-Japan,Japan,31.44,140.051,136,Submarine volcano,S,,,,True,False,False,Historical,D2,,,,,,,,,,,,,,,,,,,True,Asia,Asia,Eastern Asia,123210000.0,377930.0,NOAA_NCEI_HazEL,1.0,2026-03-15,2026-03-15 23:49:32,2018-05-06,21st Century AD,2010s,21st Century,Spring,Unknown,,,,Northern,Eastern,Japan Arc,False,True,Unknown,S,0.0,False,Unknown,0.0,5,8.5,Moderately Active,83.33
7164,2018,6.0,3.0,,,140209,342090.0,1402-09=,Fuego,Guatemala,Guatemala,14.473,-90.88,3763,Stratovolcano,P,201.0,3.0,4.0,True,False,True,Historical,D1,2.0,3.0,4.0,3.0,201.0,27.0,1.0,27.0,1.0,3.0,186.0,186.0,3.0,3.0,229.0,229.0,120.0,120.0,False,North America,Americas,Central America,18079810.0,108889.0,NOAA_NCEI_HazEL,1.0,2026-03-15,2026-03-15 23:49:32,2018-06-03,21st Century AD,2010s,21st Century,Summer,Explosive,1e-06,418000000000000.0,1.0,Northern,Western,Ring of Fire – Pacific,True,False,Unknown,Phreatic / Phreatomagmatic,42.93,True,Low,32.17,11,43.7,Frequently Active,100.0
7184,2018,7.0,16.0,,,130201,332010.0,1302-01-,Kilauea,Hawaiian Is,United States,19.421,-155.287,1222,Shield volcano,T,,,1.0,True,False,True,Historical,D1,,,1.0,,,23.0,1.0,23.0,1.0,,,,,,,,1.0,1.0,False,North America,Americas,North America,340110988.0,9525067.0,NOAA_NCEI_HazEL,1.0,2026-03-15,2026-03-15 23:49:32,2018-07-16,21st Century AD,2010s,21st Century,Summer,Unknown,,,,Northern,Western,Ring of Fire – Pacific,True,True,Unknown,Tsunami Generated,7.74,False,Unknown,3.1,16,15.2,Frequently Active,83.33
7204,2018,8.0,25.0,,,50102,251020.0,0501-02=,Manam,New Guinea-NE of,Papua New Guinea,-4.08,145.037,1807,Stratovolcano,"L,T",,,3.0,True,False,True,Historical,D1,4.0,,3.0,3.0,,,,,,3.0,164.0,164.0,,,,,,,False,Oceania,Oceania,Melanesia,11781559.0,462840.0,NOAA_NCEI_HazEL,1.0,2026-03-15,2026-03-15 23:49:32,2018-08-25,21st Century AD,2010s,21st Century,Summer,Cataclysmic,0.0001,4.18e+16,10.0,Southern,Eastern,Intraplate / Other,False,False,Unknown,"L,T",0.0,False,High,30.0,9,15.0,Moderately Active,100.0
7244,2018,12.0,15.0,,10382.0,50704,257040.0,0507-04=,Ambrym,Vanuatu-SW Pacific,Vanuatu,-16.25,168.12,1334,Pyroclastic shield,"S,T,G",,,2.0,True,False,True,Historical,D1,2.0,,2.0,1.0,,,,,,1.0,,,,,,,,,False,Oceania,Oceania,Melanesia,321409.0,12189.0,NOAA_NCEI_HazEL,1.0,2026-03-15,2026-03-15 23:49:32,2018-12-15,21st Century AD,2010s,21st Century,Winter,Explosive,1e-06,418000000000000.0,1.0,Southern,Eastern,Ring of Fire – Pacific,True,True,Unknown,"S,T,G",0.0,False,Low,15.0,4,656.0,Moderately Active,100.0
7264,2018,12.0,22.0,5699.0,,60200,262000.0,0602-00=,Krakatau,Indonesia,Indonesia,-6.101,105.423,285,Caldera,W,437.0,3.0,4.0,True,False,True,Historical,D1,3.0,,,4.0,,,,31943.0,4.0,,,2844.0,,1.0,,10.0,,250.0,True,Asia,Asia,South-Eastern Asia,284438782.0,1904569.0,NOAA_NCEI_HazEL,1.0,2026-03-15,2026-03-15 23:49:32,2018-12-22,21st Century AD,2010s,21st Century,Winter,Severe,1e-05,4180000000000000.0,3.0,Southern,Eastern,Sunda Arc – Indonesia,False,True,Unknown,Waves / Surges,44.33,True,Moderate,40.23,9,200.2,Moderately Active,100.0
7284,2018,12.0,26.0,,10383.0,10106,211060.0,0101-06=,Etna,Italy,Italy,37.748,14.999,3357,Stratovolcano,S,,,4.0,True,False,True,Historical,D1,2.0,,,1.0,,,,28.0,1.0,,,15.0,,,,,,115.0,False,Europe,Europe,Southern Europe,58927633.0,301336.0,NOAA_NCEI_HazEL,1.0,2026-03-15,2026-03-15 23:49:32,2018-12-26,21st Century AD,2010s,21st Century,Winter,Explosive,1e-06,418000000000000.0,1.0,Northern,Eastern,Mediterranean Volcanic Belt,False,False,Unknown,Submarine Eruption,6.73,False,Low,17.69,25,90.0,Frequently Active,100.0
7304,2019,1.0,7.0,,,50102,251020.0,0501-02=,Manam,New Guinea-NE of,Papua New Guinea,-4.08,145.037,1807,Stratovolcano,T,,,1.0,True,False,True,Historical,D1,4.0,,1.0,,,,,,,,,,,,,,,,False,Oceania,Oceania,Melanesia,11781559.0,462840.0,NOAA_NCEI_HazEL,1.0,2026-03-15,2026-03-15 23:49:32,2019-01-07,21st Century AD,2010s,21st Century,Winter,Cataclysmic,0.0001,4.18e+16,10.0,Southern,Eastern,Intraplate / Other,False,False,Unknown,Tsunami Generated,0.0,False,High,30.0,9,15.0,Moderately Active,100.0
7575,2019,5.0,2.0,5930.0,,140506,345060.0,1405-06=,Irazu,Costa Rica,Costa Rica,9.979,-83.852,3436,Stratovolcano,W,,,,True,False,False,Historical,D1,,,,,,,,,,,,,,,,,,,True,North America,Americas,Central America,5309625.0,51100.0,NOAA_NCEI_HazEL,1.0,2026-03-15,2026-03-15 23:49:32,2019-05-02,21st Century AD,2010s,21st Century,Spring,Unknown,,,,Northern,Western,Ring of Fire – Pacific,True,False,Unknown,Waves / Surges,0.0,False,Unknown,0.0,3,28.0,Infrequently Active,83.33
7324,2019,5.0,7.0,,,60108,261080.0,0601-08=,Sinabung,Sumatra,Indonesia,3.17,98.392,2460,Stratovolcano,T,,,2.0,True,False,True,Holocene,U,4.0,,2.0,,,,,,,,,,,,,,,,False,Asia,Asia,South-Eastern Asia,284438782.0,1904569.0,NOAA_NCEI_HazEL,1.0,2026-03-15,2026-03-15 23:49:32,2019-05-07,21st Century AD,2010s,21st Century,Spring,Cataclysmic,0.0001,4.18e+16,10.0,Northern,Eastern,Sunda Arc – Indonesia,False,False,Unknown,Tsunami Generated,0.0,False,High,30.0,10,1.0,Moderately Active,100.0
7344,2019,6.0,26.0,,,50212,252120.0,0502-12=,Ulawun,New Britain-SW Pac,Papua New Guinea,-5.05,151.33,2334,Stratovolcano,"P,T",,,3.0,True,False,True,Historical,D1,4.0,,3.0,,,2.0,1.0,2.0,1.0,,,,,,,,14.0,14.0,False,Oceania,Oceania,Melanesia,11781559.0,462840.0,NOAA_NCEI_HazEL,1.0,2026-03-15,2026-03-15 23:49:32,2019-06-26,21st Century AD,2010s,21st Century,Summer,Cataclysmic,0.0001,4.18e+16,10.0,Southern,Eastern,Ring of Fire – Pacific,True,False,Unknown,"P,T",7.61,False,High,33.04,1,,Single Record,100.0
7345,2019,6.0,28.0,,,50102,251020.0,0501-02=,Manam,New Guinea-NE of,Papua New Guinea,-4.08,145.037,1807,Stratovolcano,"A,P,T",,,2.0,True,False,True,Historical,D1,4.0,,2.0,,,,,,,,,,,,,,,,False,Oceania,Oceania,Melanesia,11781559.0,462840.0,NOAA_NCEI_HazEL,1.0,2026-03-15,2026-03-15 23:49:32,2019-06-28,21st Century AD,2010s,21st Century,Summer,Cataclysmic,0.0001,4.18e+16,10.0,Southern,Eastern,Intraplate / Other,False,False,Unknown,"A,P,T",0.0,False,High,30.0,9,15.0,Moderately Active,100.0
7364,2019,7.0,3.0,5913.0,,10104,211040.0,0101-04=,Stromboli,Italy,Italy,38.789,15.213,924,Stratovolcano,"P,T,W",1.0,1.0,,True,False,True,Historical,D1,2.0,1.0,,,1.0,1.0,1.0,1.0,1.0,,,,,,,,,,True,Europe,Europe,Southern Europe,58927633.0,301336.0,NOAA_NCEI_HazEL,1.0,2026-03-15,2026-03-15 23:49:32,2019-07-03,21st Century AD,2010s,21st Century,Summer,Explosive,1e-06,418000000000000.0,1.0,Northern,Eastern,Mediterranean Volcanic Belt,False,False,Unknown,"P,T,W",4.16,True,Low,16.66,15,10.4,Frequently Active,100.0
7424,2019,8.0,28.0,5716.0,,10104,211040.0,0101-04=,Stromboli,Italy,Italy,38.789,15.213,924,Stratovolcano,W,,,,True,False,True,Historical,D1,2.0,,,,,,,,,,,,,,,,,,True,Europe,Europe,Southern Europe,58927633.0,301336.0,NOAA_NCEI_HazEL,1.0,2026-03-15,2026-03-15 23:49:32,2019-08-28,21st Century AD,2010s,21st Century,Summer,Explosive,1e-06,418000000000000.0,1.0,Northern,Eastern,Mediterranean Volcanic Belt,False,False,Unknown,Waves / Surges,0.0,False,Low,15.0,15,10.4,Frequently Active,100.0
7464,2019,12.0,9.0,,,40104,241040.0,0401-04=,Whakaari/White Island,New Zealand,New Zealand,-37.52,177.18,294,Stratovolcano,T,22.0,1.0,,True,False,True,Historical,D1,2.0,1.0,,,22.0,25.0,1.0,25.0,1.0,,,,,,,,,,False,Oceania,Oceania,Australia and New Zealand,5324700.0,268838.0,NOAA_NCEI_HazEL,1.0,2026-03-15,2026-03-15 23:49:32,2019-12-09,21st Century AD,2010s,21st Century,Winter,Explosive,1e-06,418000000000000.0,1.0,Southern,Eastern,Ring of Fire – Pacific,True,False,Unknown,Tsunami Generated,19.06,True,Low,22.62,2,105.0,Infrequently Active,100.0
7484,2020,1.0,12.0,,,70307,273070.0,0703-07=,Taal,Luzon-Philippines,Philippines,14.011,120.998,311,Stratovolcano,T,39.0,1.0,4.0,True,False,True,Historical,D1,4.0,1.0,4.0,4.0,39.0,,,,,4.0,4573.0,4573.0,,,,,67.0,67.0,False,Asia,Asia,South-Eastern Asia,114123600.0,342353.0,NOAA_NCEI_HazEL,1.0,2026-03-15,2026-03-15 23:49:32,2020-01-12,21st Century AD,2020s,21st Century,Winter,Cataclysmic,0.0001,4.18e+16,10.0,Northern,Eastern,Philippine Arc,False,True,Unknown,Tsunami Generated,23.19,True,High,39.28,9,700.0,Moderately Active,100.0
7504,2020,5.0,29.0,5748.0,10501.0,60335,263350.0,0603-35=,Ijen,Java,Indonesia,-8.058,114.242,2769,Stratovolcano,"G,W, S",1.0,1.0,,True,False,True,Historical,D1,,1.0,,,1.0,,,,,,,,,,,,,,True,Asia,Asia,South-Eastern Asia,284438782.0,1904569.0,NOAA_NCEI_HazEL,1.0,2026-03-15,2026-03-15 23:49:32,2020-05-29,21st Century AD,2020s,21st Century,Spring,Unknown,,,,Southern,Eastern,Sunda Arc – Indonesia,False,False,Unknown,"G,W, S",2.77,True,Unknown,1.11,4,69.0,Moderately Active,83.33
7527,2021,3.0,5.0,,,150209,352090.0,1502-09=,Sangay,Ecuador,Ecuador,-2.005,-78.341,5286,Stratovolcano,T,,,2.0,True,False,True,Historical,D1,2.0,,2.0,,,,,,,,,,,,,,,,False,South America,Americas,South America,18103660.0,276841.0,NOAA_NCEI_HazEL,1.0,2026-03-15,2026-03-15 23:49:32,2021-03-05,21st Century AD,2020s,21st Century,Spring,Explosive,1e-06,418000000000000.0,1.0,Southern,Western,Ring of Fire – Pacific,True,False,Unknown,Tsunami Generated,0.0,False,Low,15.0,2,45.0,Infrequently Active,100.0
7543,2021,3.0,,,,140211,342110.0,1402-11=,Pacaya,Guatemala,Guatemala,14.382,-90.601,2569,Complex volcano,"L,T",,,1.0,True,False,True,Historical,D1,1.0,,1.0,,,,,,,,,,,,,,,,False,North America,Americas,Central America,18079810.0,108889.0,NOAA_NCEI_HazEL,1.0,2026-03-15,2026-03-15 23:49:32,2021-03-01,21st Century AD,2020s,21st Century,Spring,Gentle,1e-07,41800000000000.0,0.3,Northern,Western,Ring of Fire – Pacific,True,False,Unknown,"L,T",0.0,False,Minimal,7.5,5,114.0,Moderately Active,100.0
7528,2021,4.0,9.0,5905.0,,160015,360150.0,1600-15=,Soufriere St. Vincent,W Indies,St. Vincent & the Grenadines,13.33,-61.18,1220,Stratovolcano,"T,W",,,4.0,True,False,True,Historical,D1,4.0,,4.0,,,,,,,,,,,,,,325.0,325.0,True,North America,Americas,Caribbean,103698.0,389.0,NOAA_NCEI_HazEL,1.0,2026-03-15,2026-03-15 23:49:32,2021-04-09,21st Century AD,2020s,21st Century,Spring,Cataclysmic,0.0001,4.18e+16,10.0,Northern,Western,Ring of Fire – Pacific,True,True,Unknown,"T,W",11.57,False,High,34.63,4,69.7,Moderately Active,100.0
7566,2021,5.0,19.0,5912.0,,10104,211040.0,0101-04=,Stromboli,Italy,Italy,38.789,15.213,924,Stratovolcano,W,,,,True,False,True,Historical,D1,2.0,,,,,,,,,,,,,,,,,,True,Europe,Europe,Southern Europe,58927633.0,301336.0,NOAA_NCEI_HazEL,1.0,2026-03-15,2026-03-15 23:49:32,2021-05-19,21st Century AD,2020s,21st Century,Spring,Explosive,1e-06,418000000000000.0,1.0,Northern,Eastern,Mediterranean Volcanic Belt,False,False,Unknown,Waves / Surges,0.0,False,Low,15.0,15,10.4,Frequently Active,100.0
7536,2021,5.0,22.0,,10545.0,20303,223030.0,0203-03=,Nyiragongo,Africa-C,"Congo, DRC",-1.52,29.25,3470,Stratovolcano,"L,I,S",32.0,1.0,3.0,True,False,True,Historical,D1,2.0,1.0,3.0,4.0,32.0,,,,,4.0,5000.0,5000.0,,,,,,,False,Africa,Sub-Saharan Africa,Middle Africa,102262808.0,2344858.0,NOAA_NCEI_HazEL,1.0,2026-03-15,2026-03-15 23:49:32,2021-05-22,21st Century AD,2020s,21st Century,Spring,Explosive,1e-06,418000000000000.0,1.0,Southern,Eastern,East African Rift,False,False,Unknown,"L,I,S",13.99,True,Low,20.6,4,14.7,Moderately Active,100.0
7547,2021,9.0,19.0,,,180301,383010.0,1803-01-,La Palma,Canary Is,Spain,28.57,-17.83,2426,Stratovolcano,L,1.0,1.0,4.0,True,False,True,Historical,D1,3.0,1.0,4.0,4.0,1.0,,,,,4.0,1345.0,1345.0,,,,,924.0,924.0,False,Europe,Europe,Southern Europe,49315949.0,505992.0,NOAA_NCEI_HazEL,1.0,2026-03-15,2026-03-15 23:49:32,2021-09-19,21st Century AD,2020s,21st Century,Autumn,Severe,1e-05,4180000000000000.0,3.0,Northern,Western,Canary Islands – Atlantic Hot Spot,False,True,Unknown,Lava Flow,16.43,True,Moderate,29.07,3,172.0,Infrequently Active,100.0
7550,2021,12.0,4.0,,,60330,263300.0,0603-30=,Semeru,Java,Indonesia,-8.108,112.922,3657,Stratovolcano,T,45.0,1.0,3.0,True,False,True,Historical,D1,4.0,1.0,3.0,4.0,51.0,169.0,3.0,169.0,3.0,4.0,2970.0,2970.0,1.0,1.0,9.0,9.0,20.0,20.0,False,Asia,Asia,South-Eastern Asia,284438782.0,1904569.0,NOAA_NCEI_HazEL,1.0,2026-03-15,2026-03-15 23:49:32,2021-12-04,21st Century AD,2020s,21st Century,Winter,Cataclysmic,0.0001,4.18e+16,10.0,Southern,Eastern,Sunda Arc – Indonesia,False,False,Unknown,Tsunami Generated,33.98,True,High,43.59,25,6.8,Frequently Active,100.0
7551,2022,1.0,15.0,5824.0,,40304,243040.0,0403-04=,Hunga Tonga-Hunga Ha'apai,Tonga-SW Pacific,Tonga,-20.553,-175.384,114,Submarine volcano,W,6.0,1.0,4.0,True,False,True,Historical,D1,5.0,,3.0,3.0,,,,20.0,1.0,,,284.0,,,,,16.72,135.368,True,Oceania,Oceania,Polynesia,100179.0,747.0,NOAA_NCEI_HazEL,1.0,2026-03-15,2026-03-15 23:49:32,2022-01-15,21st Century AD,2020s,21st Century,Winter,Paroxysmal,0.001,4.18e+17,20.0,Southern,Western,Ring of Fire – Pacific,True,True,Unknown,Waves / Surges,19.62,True,Very High,45.35,1,,Single Record,100.0
7555,2022,6.0,22.0,,,140109,341090.0,1401-09=,Popocatepetl,Mexico,Mexico,19.023,-98.622,5393,Stratovolcano,P,1.0,1.0,,True,False,True,Historical,D1,2.0,1.0,,,1.0,,,,,,,,,,,,,,False,North America,Americas,North America,130575786.0,1964375.0,NOAA_NCEI_HazEL,1.0,2026-03-15,2026-03-15 23:49:32,2022-06-22,21st Century AD,2020s,21st Century,Summer,Explosive,1e-06,418000000000000.0,1.0,Northern,Western,Ring of Fire – Pacific,True,False,Unknown,Phreatic / Phreatomagmatic,2.77,True,Low,16.11,3,51.5,Infrequently Active,100.0
7557,2022,10.0,9.0,5865.0,,10104,211040.0,0101-04=,Stromboli,Italy,Italy,38.789,15.213,924,Stratovolcano,"P,W",,,,True,False,True,Historical,D1,2.0,,,,,,,,,,,,,,,,,,True,Europe,Europe,Southern Europe,58927633.0,301336.0,NOAA_NCEI_HazEL,1.0,2026-03-15,2026-03-15 23:49:32,2022-10-09,21st Century AD,2020s,21st Century,Autumn,Explosive,1e-06,418000000000000.0,1.0,Northern,Eastern,Mediterranean Volcanic Belt,False,False,Unknown,"P,W",0.0,False,Low,15.0,15,10.4,Frequently Active,100.0
7559,2022,12.0,4.0,,,60330,263300.0,0603-30=,Semeru,Java,Indonesia,-8.108,112.922,3657,Stratovolcano,"T,M",,,1.0,True,False,True,Historical,D1,4.0,,1.0,,,,,,,,,,,,,,,,False,Asia,Asia,South-Eastern Asia,284438782.0,1904569.0,NOAA_NCEI_HazEL,1.0,2026-03-15,2026-03-15 23:49:32,2022-12-04,21st Century AD,2020s,21st Century,Winter,Cataclysmic,0.0001,4.18e+16,10.0,Southern,Eastern,Sunda Arc – Indonesia,False,False,Unknown,"T,M",0.0,False,High,30.0,25,6.8,Frequently Active,100.0
7558,2022,12.0,4.0,5868.0,,10104,211040.0,0101-04=,Stromboli,Italy,Italy,38.789,15.213,924,Stratovolcano,"P,W",,,,True,False,True,Historical,D1,2.0,,,,,,,,,,,,,,,,,,True,Europe,Europe,Southern Europe,58927633.0,301336.0,NOAA_NCEI_HazEL,1.0,2026-03-15,2026-03-15 23:49:32,2022-12-04,21st Century AD,2020s,21st Century,Winter,Explosive,1e-06,418000000000000.0,1.0,Northern,Eastern,Mediterranean Volcanic Belt,False,False,Unknown,"P,W",0.0,False,Low,15.0,15,10.4,Frequently Active,100.0
7562,2023,1.0,31.0,5906.0,,50706,257060.0,0507-06=,East Epi,Vanuatu-SW Pacific,Vanuatu,-16.68,168.389,833,Stratovolcano,W,,,,True,False,True,Historical,D1,,,,,,,,,,,,,,,,,,,True,Oceania,Oceania,Melanesia,321409.0,12189.0,NOAA_NCEI_HazEL,1.0,2026-03-15,2026-03-15 23:49:32,2023-01-31,21st Century AD,2020s,21st Century,Winter,Unknown,,,,Southern,Eastern,Ring of Fire – Pacific,True,True,Unknown,Waves / Surges,0.0,False,Unknown,0.0,2,122.0,Infrequently Active,83.33
7560,2023,7.0,7.0,,,50502,255020.0,0505-02=,Bagana,Bougainville-SW Paci,Papua New Guinea,-6.137,155.196,1855,Lava cone,"T,G",,,1.0,True,False,True,Historical,D1,2.0,,1.0,1.0,,,,,,1.0,,,,,,,,,False,Oceania,Oceania,Melanesia,11781559.0,462840.0,NOAA_NCEI_HazEL,1.0,2026-03-15,2026-03-15 23:49:32,2023-07-07,21st Century AD,2020s,21st Century,Summer,Explosive,1e-06,418000000000000.0,1.0,Southern,Eastern,Ring of Fire – Pacific,True,False,Unknown,"T,G",0.0,False,Low,15.0,2,140.0,Infrequently Active,100.0
7584,2023,10.0,8.0,5891.0,10709.0,804091,284091.0,0804-091,Sofugan,Izu Is-Japan,Japan,29.794,140.342,99,Submarine volcano,S,,,,True,False,True,Uncertain,Unknown,,,,,,,,,,,,,,,,,,,True,Asia,Asia,Eastern Asia,123210000.0,377930.0,NOAA_NCEI_HazEL,1.0,2026-03-15,2026-03-15 23:49:32,2023-10-08,21st Century AD,2020s,21st Century,Autumn,Unknown,,,,Northern,Eastern,Japan Arc,False,True,Unknown,S,0.0,False,Unknown,0.0,1,,Single Record,83.33
7561,2023,12.0,3.0,,,60114,261140.0,0601-14=,Marapi,Sumatra,Indonesia,-0.38,100.474,2885,Complex volcano,"P,T",23.0,1.0,,True,False,True,Historical,D1,,1.0,,,23.0,12.0,1.0,12.0,1.0,,,,,,0.0,0.0,,,False,Asia,Asia,South-Eastern Asia,284438782.0,1904569.0,NOAA_NCEI_HazEL,1.0,2026-03-15,2026-03-15 23:49:32,2023-12-03,21st Century AD,2020s,21st Century,Winter,Unknown,,,,Southern,Eastern,Sunda Arc – Indonesia,False,False,Unknown,"P,T",17.84,True,Unknown,7.14,5,12.2,Moderately Active,83.33
7563,2023,12.0,18.0,,,170102,371020.0,1701-02=,Reykjanes,Iceland-SW,Iceland,63.817,-22.717,140,Crater rows,"S,L",1.0,1.0,2.0,True,False,True,Historical,D6,,1.0,2.0,1.0,1.0,,,,,1.0,3.0,3.0,,,,,,,False,Europe,Europe,Northern Europe,391810.0,103000.0,NOAA_NCEI_HazEL,1.0,2026-03-15,2026-03-15 23:49:32,2023-12-18,21st Century AD,2020s,21st Century,Winter,Unknown,,,,Northern,Western,Mid-Atlantic Ridge – Iceland,False,False,Unknown,"S,L",2.77,True,Unknown,1.11,1,,Single Record,83.33
7567,2024,4.0,16.0,,,60701,267010.0,0607-01=,Ruang,Sangihe Is-Indonesia,Indonesia,2.3,125.37,725,Stratovolcano,,,,3.0,True,False,True,Historical,D2,,,3.0,4.0,,,,,,4.0,3200.0,3200.0,,,,,15.5,15.5,False,Asia,Asia,South-Eastern Asia,284438782.0,1904569.0,NOAA_NCEI_HazEL,1.0,2026-03-15,2026-03-15 23:49:32,2024-04-16,21st Century AD,2020s,21st Century,Spring,Unknown,,,,Northern,Eastern,Sunda Arc – Indonesia,False,True,Unknown,,5.61,False,Unknown,2.24,3,77.0,Infrequently Active,83.33
7568,2024,4.0,20.0,,,60335,263350.0,0603-35=,Ijen,Java,Indonesia,-8.058,114.242,2769,Stratovolcano,,1.0,1.0,,True,False,False,Historical,D1,,1.0,,,1.0,,,,,,,,,,,,,,False,Asia,Asia,South-Eastern Asia,284438782.0,1904569.0,NOAA_NCEI_HazEL,1.0,2026-03-15,2026-03-15 23:49:32,2024-04-20,21st Century AD,2020s,21st Century,Spring,Unknown,,,,Southern,Eastern,Sunda Arc – Indonesia,False,False,Unknown,,2.77,True,Unknown,1.11,4,69.0,Moderately Active,83.33
7569,2024,5.0,11.0,,,60114,261140.0,0601-14=,Marapi,Sumatra,Indonesia,-0.38,100.474,2885,Complex volcano,M,67.0,2.0,3.0,True,False,True,Historical,D1,2.0,2.0,3.0,3.0,67.0,33.0,1.0,33.0,1.0,3.0,521.0,521.0,1.0,1.0,20.0,20.0,,,False,Asia,Asia,South-Eastern Asia,284438782.0,1904569.0,NOAA_NCEI_HazEL,1.0,2026-03-15,2026-03-15 23:49:32,2024-05-11,21st Century AD,2020s,21st Century,Spring,Explosive,1e-06,418000000000000.0,1.0,Southern,Eastern,Sunda Arc – Indonesia,False,False,Unknown,Mudflow / Lahar,26.98,True,Low,25.79,5,12.2,Moderately Active,100.0
7570,2024,6.0,3.0,,,70202,272020.0,0702-02=,Kanlaon,Philippines-C,Philippines,10.41,123.13,2422,Stratovolcano,"M,G,T",,,2.0,True,False,True,Historical,D1,3.0,,2.0,4.0,,,,,,4.0,2680.0,2680.0,,,,,2.5,2.5,False,Asia,Asia,South-Eastern Asia,114123600.0,342353.0,NOAA_NCEI_HazEL,1.0,2026-03-15,2026-03-15 23:49:32,2024-06-03,21st Century AD,2020s,21st Century,Summer,Severe,1e-05,4180000000000000.0,3.0,Northern,Eastern,Philippine Arc,False,True,Unknown,"M,G,T",2.51,False,Moderate,23.5,3,14.0,Infrequently Active,100.0
7585,2024,7.0,4.0,6084.0,,10104,211040.0,0101-04=,Stromboli,Italy,Italy,38.789,15.213,924,Stratovolcano,,,,,True,False,True,Historical,D1,2.0,,,,,,,,,,,,,,,,,,True,Europe,Europe,Southern Europe,58927633.0,301336.0,NOAA_NCEI_HazEL,1.0,2026-03-15,2026-03-15 23:49:32,2024-07-04,21st Century AD,2020s,21st Century,Summer,Explosive,1e-06,418000000000000.0,1.0,Northern,Eastern,Mediterranean Volcanic Belt,False,False,Unknown,,0.0,False,Low,15.0,15,10.4,Frequently Active,100.0
7571,2024,8.0,17.0,5923.0,10744.0,100027,300270.0,1000-27=,Sheveluch,Kamchatka,Russia,56.653,161.36,3283,Stratovolcano,,,,,True,False,True,Historical,D1,4.0,,,,,,,,,,,,,,,,,,True,"Europe, Asia",Europe,Eastern Europe,146028325.0,17098246.0,NOAA_NCEI_HazEL,1.0,2026-03-15,2026-03-15 23:49:32,2024-08-17,21st Century AD,2020s,21st Century,Summer,Cataclysmic,0.0001,4.18e+16,10.0,Northern,Eastern,Ring of Fire – Pacific,True,False,Unknown,,0.0,False,High,30.0,4,56.7,Moderately Active,100.0
7576,2024,11.0,3.0,,,60418,264180.0,0604-18=,Lewotobi,Lesser Sunda Is,Indonesia,-8.542,122.775,1703,Stratovolcano,"T,P,L",9.0,1.0,,True,False,True,Historical,D1,,1.0,,1.0,9.0,64.0,,64.0,2.0,1.0,23.0,23.0,,,,,,,False,Asia,Asia,South-Eastern Asia,284438782.0,1904569.0,NOAA_NCEI_HazEL,1.0,2026-03-15,2026-03-15 23:49:32,2024-11-03,21st Century AD,2020s,21st Century,Autumn,Unknown,,,,Southern,Eastern,Sunda Arc – Indonesia,False,False,Unknown,"T,P,L",17.56,True,Unknown,7.02,4,52.0,Moderately Active,83.33
7577,2024,12.0,9.0,,,70202,272020.0,0702-02=,Kanlaon,Philippines-C,Philippines,10.41,123.13,2422,Stratovolcano,"T,P",,0.0,2.0,True,False,True,Historical,D1,2.0,0.0,2.0,1.0,,,,,,1.0,1.0,1.0,,,,,2.2,2.2,False,Asia,Asia,South-Eastern Asia,114123600.0,342353.0,NOAA_NCEI_HazEL,1.0,2026-03-15,2026-03-15 23:49:32,2024-12-09,21st Century AD,2020s,21st Century,Winter,Explosive,1e-06,418000000000000.0,1.0,Northern,Eastern,Philippine Arc,False,True,Unknown,"T,P",2.33,False,Low,15.93,3,14.0,Infrequently Active,100.0
7586,2025,3.0,20.0,,,60418,264180.0,0604-18=,Lewotobi,Lesser Sunda Is,Indonesia,-8.542,122.775,1703,Stratovolcano,"T,P",1.0,1.0,,True,False,True,Historical,D1,,1.0,,,1.0,1.0,1.0,1.0,1.0,,,,,,,,,,False,Asia,Asia,South-Eastern Asia,284438782.0,1904569.0,NOAA_NCEI_HazEL,1.0,2026-03-15,2026-03-15 23:49:32,2025-03-20,21st Century AD,2020s,21st Century,Spring,Unknown,,,,Southern,Eastern,Sunda Arc – Indonesia,False,False,Unknown,"T,P",4.16,True,Unknown,1.66,4,52.0,Moderately Active,83.33
7582,2025,7.0,29.0,6044.0,10923.0,100026,300260.0,1000-26=,Klyuchevskoy,Kamchatka,Russia,56.056,160.642,4754,Stratovolcano,,,,,True,False,True,Historical,D1,,,,,,,,,,,,,,,,,,,True,"Europe, Asia",Europe,Eastern Europe,146028325.0,17098246.0,NOAA_NCEI_HazEL,1.0,2026-03-15,2026-03-15 23:49:32,2025-07-29,21st Century AD,2020s,21st Century,Summer,Unknown,,,,Northern,Eastern,Ring of Fire – Pacific,True,False,Unknown,,0.0,False,Unknown,0.0,4,87.7,Moderately Active,83.33
7583,2025,11.0,23.0,,,201091,221091.0,0201-091,Hayli Gubbi,Africa-NE,Ethiopia,13.51,40.722,493,Shield volcano,T,,0.0,1.0,True,False,True,Holocene,U,,0.0,1.0,,,,,,,,,,,,,,,,False,Africa,Africa,Eastern Africa,111652998.0,1104300.0,NOAA_NCEI_HazEL,1.0,2026-03-15,2026-03-15 23:49:32,2025-11-23,21st Century AD,2020s,21st Century,Autumn,Unknown,,,,Northern,Eastern,East African Rift,False,False,Unknown,Tsunami Generated,0.0,False,Unknown,0.0,1,,Single Record,83.33
